id,dish,also_known_as,category,region,diet,vegan,meal_type,portion,portion_description,quantity,unit,energy_kcal,protein_g,carbs_g,fat_g,fibre_g,sugar_g,sodium_mg,confidence
D001,Masala chai (milk + sugar),"Tea, adrak chai, chai",Hot Beverages,Pan-India,Veg,,Beverage,Small,Cutting / small cup (75 ml),75,ml,42,1.2,6.7,1.1,0.0,6.7,16,Medium
D001,Masala chai (milk + sugar),"Tea, adrak chai, chai",Hot Beverages,Pan-India,Veg,,Beverage,Medium,1 cup (150 ml),150,ml,83,2.4,13.4,2.2,0.0,13.4,33,Medium
D001,Masala chai (milk + sugar),"Tea, adrak chai, chai",Hot Beverages,Pan-India,Veg,,Beverage,Large,Mug (250 ml),250,ml,139,4.0,22.2,3.8,0.0,22.2,55,Medium
D002,"Tea with milk, no sugar",Chai without sugar,Hot Beverages,Pan-India,Veg,,Beverage,Small,Cutting / small cup (75 ml),75,ml,22,1.2,1.8,1.1,0.0,1.8,16,Medium
D002,"Tea with milk, no sugar",Chai without sugar,Hot Beverages,Pan-India,Veg,,Beverage,Medium,1 cup (150 ml),150,ml,44,2.4,3.6,2.2,0.0,3.6,33,Medium
D002,"Tea with milk, no sugar",Chai without sugar,Hot Beverages,Pan-India,Veg,,Beverage,Large,Mug (250 ml),250,ml,74,4.0,6.0,3.8,0.0,6.0,55,Medium
D003,"Cutting chai (strong, extra milk & sugar)",Tapri chai,Hot Beverages,West,Veg,,Beverage,Small,Cutting / small cup (75 ml),75,ml,51,1.5,7.9,1.5,0.0,7.9,21,Medium
D003,"Cutting chai (strong, extra milk & sugar)",Tapri chai,Hot Beverages,West,Veg,,Beverage,Medium,1 cup (150 ml),150,ml,102,3.0,15.8,3.0,0.0,15.8,42,Medium
D003,"Cutting chai (strong, extra milk & sugar)",Tapri chai,Hot Beverages,West,Veg,,Beverage,Large,Mug (250 ml),250,ml,170,5.0,26.2,5.0,0.0,26.2,70,Medium
D004,Irani chai,Hyderabadi Irani chai,Hot Beverages,South,Veg,,Beverage,Small,Cutting / small cup (75 ml),75,ml,64,1.9,9.0,2.2,0.0,9.0,26,Medium
D004,Irani chai,Hyderabadi Irani chai,Hot Beverages,South,Veg,,Beverage,Medium,1 cup (150 ml),150,ml,128,3.8,18.0,4.5,0.0,18.0,52,Medium
D004,Irani chai,Hyderabadi Irani chai,Hot Beverages,South,Veg,,Beverage,Large,Mug (250 ml),250,ml,212,6.2,30.0,7.5,0.0,30.0,88,Medium
D005,"Black tea, no sugar","Kali chai, lal chai",Hot Beverages,Pan-India,Veg,Yes,Beverage,Small,Cutting / small cup (75 ml),75,ml,1,0.0,0.2,0.0,0.0,0.0,2,High
D005,"Black tea, no sugar","Kali chai, lal chai",Hot Beverages,Pan-India,Veg,Yes,Beverage,Medium,1 cup (150 ml),150,ml,2,0.0,0.4,0.0,0.0,0.0,4,High
D005,"Black tea, no sugar","Kali chai, lal chai",Hot Beverages,Pan-India,Veg,Yes,Beverage,Large,Mug (250 ml),250,ml,3,0.0,0.8,0.0,0.0,0.0,8,High
D006,Lemon tea with sugar,Nimbu chai,Hot Beverages,Pan-India,Veg,Yes,Beverage,Small,Cutting / small cup (75 ml),75,ml,15,0.0,3.8,0.0,0.0,3.8,2,Medium
D006,Lemon tea with sugar,Nimbu chai,Hot Beverages,Pan-India,Veg,Yes,Beverage,Medium,1 cup (150 ml),150,ml,30,0.0,7.5,0.0,0.0,7.5,4,Medium
D006,Lemon tea with sugar,Nimbu chai,Hot Beverages,Pan-India,Veg,Yes,Beverage,Large,Mug (250 ml),250,ml,50,0.0,12.5,0.0,0.0,12.5,8,Medium
D007,"Green tea, no sugar",,Hot Beverages,Pan-India,Veg,Yes,Beverage,Small,Cutting / small cup (75 ml),75,ml,1,0.2,0.0,0.0,0.0,0.0,1,High
D007,"Green tea, no sugar",,Hot Beverages,Pan-India,Veg,Yes,Beverage,Medium,1 cup (150 ml),150,ml,1,0.3,0.0,0.0,0.0,0.0,2,High
D007,"Green tea, no sugar",,Hot Beverages,Pan-India,Veg,Yes,Beverage,Large,Mug (250 ml),250,ml,2,0.5,0.0,0.0,0.0,0.0,2,High
D008,South Indian filter coffee (milk + sugar),"Kaapi, degree coffee",Hot Beverages,South,Veg,,Beverage,Small,Cutting / small cup (75 ml),75,ml,53,2.0,7.1,1.9,0.0,7.1,26,Medium
D008,South Indian filter coffee (milk + sugar),"Kaapi, degree coffee",Hot Beverages,South,Veg,,Beverage,Medium,1 cup (150 ml),150,ml,106,3.9,14.2,3.8,0.0,14.2,52,Medium
D008,South Indian filter coffee (milk + sugar),"Kaapi, degree coffee",Hot Beverages,South,Veg,,Beverage,Large,Mug (250 ml),250,ml,177,6.5,23.8,6.2,0.0,23.8,88,Medium
D009,Instant coffee with milk & sugar,Nescafe/Bru coffee,Hot Beverages,Pan-India,Veg,,Beverage,Small,Cutting / small cup (75 ml),75,ml,56,2.1,7.1,2.1,0.0,7.1,30,Medium
D009,Instant coffee with milk & sugar,Nescafe/Bru coffee,Hot Beverages,Pan-India,Veg,,Beverage,Medium,1 cup (150 ml),150,ml,112,4.2,14.2,4.2,0.0,14.2,60,Medium
D009,Instant coffee with milk & sugar,Nescafe/Bru coffee,Hot Beverages,Pan-India,Veg,,Beverage,Large,Mug (250 ml),250,ml,186,7.0,23.8,7.0,0.0,23.8,100,Medium
D010,"Black coffee, no sugar",Americano,Hot Beverages,Pan-India,Veg,Yes,Beverage,Small,Cutting / small cup (75 ml),75,ml,1,0.1,0.1,0.0,0.0,0.0,2,High
D010,"Black coffee, no sugar",Americano,Hot Beverages,Pan-India,Veg,Yes,Beverage,Medium,1 cup (150 ml),150,ml,1,0.2,0.2,0.0,0.0,0.0,3,High
D010,"Black coffee, no sugar",Americano,Hot Beverages,Pan-India,Veg,Yes,Beverage,Large,Mug (250 ml),250,ml,2,0.2,0.2,0.0,0.0,0.0,5,High
D011,Hot chocolate / cocoa milk,Bournvita/Horlicks style malted milk,Hot Beverages,Pan-India,Veg,,Beverage,Small,Cutting / small cup (75 ml),75,ml,70,2.4,9.4,2.6,0.4,8.2,38,High
D011,Hot chocolate / cocoa milk,Bournvita/Horlicks style malted milk,Hot Beverages,Pan-India,Veg,,Beverage,Medium,1 cup (150 ml),150,ml,140,4.8,18.8,5.2,0.9,16.5,75,High
D011,Hot chocolate / cocoa milk,Bournvita/Horlicks style malted milk,Hot Beverages,Pan-India,Veg,,Beverage,Large,Mug (250 ml),250,ml,233,8.0,31.2,8.8,1.5,27.5,125,High
D012,Haldi doodh (turmeric milk),Golden milk,Hot Beverages,Pan-India,Veg,,Beverage,Small,Small glass (150 ml),150,ml,110,4.8,11.2,5.1,0.0,10.9,64,Medium
D012,Haldi doodh (turmeric milk),Golden milk,Hot Beverages,Pan-India,Veg,,Beverage,Medium,1 glass (200 ml),200,ml,147,6.4,15.0,6.8,0.0,14.6,86,Medium
D012,Haldi doodh (turmeric milk),Golden milk,Hot Beverages,Pan-India,Veg,,Beverage,Large,Large glass (300 ml),300,ml,220,9.6,22.5,10.2,0.0,21.9,129,Medium
D013,Badam milk (hot or cold),Almond milk drink,Hot Beverages,South,Veg,,Beverage,Small,Small glass (150 ml),150,ml,154,5.7,18.0,6.8,0.6,17.2,63,Medium
D013,Badam milk (hot or cold),Almond milk drink,Hot Beverages,South,Veg,,Beverage,Medium,1 glass (200 ml),200,ml,206,7.6,24.0,9.0,0.8,23.0,84,Medium
D013,Badam milk (hot or cold),Almond milk drink,Hot Beverages,South,Veg,,Beverage,Large,Large glass (300 ml),300,ml,309,11.4,36.0,13.5,1.2,34.5,126,Medium
D014,Kesar doodh (saffron milk),Kesariya doodh,Hot Beverages,North,Veg,,Beverage,Small,Small glass (150 ml),150,ml,127,4.9,15.0,5.2,0.0,14.2,63,High
D014,Kesar doodh (saffron milk),Kesariya doodh,Hot Beverages,North,Veg,,Beverage,Medium,1 glass (200 ml),200,ml,169,6.6,20.0,7.0,0.0,19.0,84,High
D014,Kesar doodh (saffron milk),Kesariya doodh,Hot Beverages,North,Veg,,Beverage,Large,Large glass (300 ml),300,ml,254,9.9,30.0,10.5,0.0,28.5,126,High
D015,Kashmiri kahwa,Kehwa,Hot Beverages,North,Veg,Yes,Beverage,Small,Cutting / small cup (75 ml),75,ml,20,0.2,3.4,0.6,0.1,3.2,2,High
D015,Kashmiri kahwa,Kehwa,Hot Beverages,North,Veg,Yes,Beverage,Medium,1 cup (150 ml),150,ml,39,0.4,6.8,1.2,0.2,6.3,4,High
D015,Kashmiri kahwa,Kehwa,Hot Beverages,North,Veg,Yes,Beverage,Large,Mug (250 ml),250,ml,66,0.8,11.2,2.0,0.2,10.5,8,High
D016,Nimbu pani - sweet,"Lemonade, shikanji (sweet)",Cold Beverages & Sharbat,Pan-India,Veg,Yes,Beverage,Small,Small glass (150 ml),150,ml,39,0.2,9.8,0.0,0.1,9.3,8,Medium
D016,Nimbu pani - sweet,"Lemonade, shikanji (sweet)",Cold Beverages & Sharbat,Pan-India,Veg,Yes,Beverage,Medium,1 glass (250 ml),250,ml,66,0.2,16.2,0.0,0.1,15.5,12,Medium
D016,Nimbu pani - sweet,"Lemonade, shikanji (sweet)",Cold Beverages & Sharbat,Pan-India,Veg,Yes,Beverage,Large,Large glass (350 ml),350,ml,92,0.4,22.8,0.0,0.2,21.7,18,Medium
D017,Nimbu pani - sweet & salty,"Shikanji, masala lemonade",Cold Beverages & Sharbat,North,Veg,Yes,Beverage,Small,Small glass (150 ml),150,ml,33,0.2,8.2,0.0,0.1,7.8,225,Medium
D017,Nimbu pani - sweet & salty,"Shikanji, masala lemonade",Cold Beverages & Sharbat,North,Veg,Yes,Beverage,Medium,1 glass (250 ml),250,ml,56,0.2,13.8,0.0,0.1,13.0,375,Medium
D017,Nimbu pani - sweet & salty,"Shikanji, masala lemonade",Cold Beverages & Sharbat,North,Veg,Yes,Beverage,Large,Large glass (350 ml),350,ml,78,0.4,19.2,0.0,0.2,18.2,525,Medium
D018,"Nimbu pani - salted, no sugar",Salted lemon water,Cold Beverages & Sharbat,Pan-India,Veg,Yes,Beverage,Small,Small glass (150 ml),150,ml,5,0.2,1.2,0.0,0.1,0.4,300,Medium
D018,"Nimbu pani - salted, no sugar",Salted lemon water,Cold Beverages & Sharbat,Pan-India,Veg,Yes,Beverage,Medium,1 glass (250 ml),250,ml,9,0.2,2.0,0.0,0.1,0.8,500,Medium
D018,"Nimbu pani - salted, no sugar",Salted lemon water,Cold Beverages & Sharbat,Pan-India,Veg,Yes,Beverage,Large,Large glass (350 ml),350,ml,12,0.4,2.8,0.0,0.2,1.1,700,Medium
D019,Lemon soda (sweet),Fresh lime soda sweet,Cold Beverages & Sharbat,Pan-India,Veg,Yes,Beverage,Small,Small glass (150 ml),150,ml,43,0.2,10.5,0.0,0.0,10.2,75,Medium
D019,Lemon soda (sweet),Fresh lime soda sweet,Cold Beverages & Sharbat,Pan-India,Veg,Yes,Beverage,Medium,1 glass (250 ml),250,ml,71,0.2,17.5,0.0,0.0,17.0,125,Medium
D019,Lemon soda (sweet),Fresh lime soda sweet,Cold Beverages & Sharbat,Pan-India,Veg,Yes,Beverage,Large,Large glass (350 ml),350,ml,99,0.4,24.5,0.0,0.0,23.8,175,Medium
D020,Jaljeera,Jal jeera,Cold Beverages & Sharbat,North,Veg,Yes,Beverage,Small,Small glass (150 ml),150,ml,38,0.3,9.0,0.2,0.2,7.5,450,High
D020,Jaljeera,Jal jeera,Cold Beverages & Sharbat,North,Veg,Yes,Beverage,Medium,1 glass (250 ml),250,ml,64,0.5,15.0,0.2,0.2,12.5,750,High
D020,Jaljeera,Jal jeera,Cold Beverages & Sharbat,North,Veg,Yes,Beverage,Large,Large glass (350 ml),350,ml,89,0.7,21.0,0.4,0.4,17.5,1050,High
D021,Aam panna,Raw mango drink,Cold Beverages & Sharbat,North,Veg,Yes,Beverage,Small,Small glass (150 ml),150,ml,60,0.3,15.0,0.0,0.4,12.8,180,High
D021,Aam panna,Raw mango drink,Cold Beverages & Sharbat,North,Veg,Yes,Beverage,Medium,1 glass (250 ml),250,ml,100,0.5,25.0,0.0,0.8,21.2,300,High
D021,Aam panna,Raw mango drink,Cold Beverages & Sharbat,North,Veg,Yes,Beverage,Large,Large glass (350 ml),350,ml,141,0.7,35.0,0.0,1.1,29.8,420,High
D022,Kokum sharbat,Kokum juice,Cold Beverages & Sharbat,West,Veg,Yes,Beverage,Small,Small glass (150 ml),150,ml,67,0.2,16.5,0.0,0.0,15.8,90,Medium
D022,Kokum sharbat,Kokum juice,Cold Beverages & Sharbat,West,Veg,Yes,Beverage,Medium,1 glass (250 ml),250,ml,111,0.2,27.5,0.0,0.0,26.2,150,Medium
D022,Kokum sharbat,Kokum juice,Cold Beverages & Sharbat,West,Veg,Yes,Beverage,Large,Large glass (350 ml),350,ml,155,0.4,38.5,0.0,0.0,36.8,210,Medium
D023,Bael sharbat,Wood apple sharbat,Cold Beverages & Sharbat,North,Veg,Yes,Beverage,Small,Small glass (150 ml),150,ml,57,0.9,13.5,0.2,1.2,12.0,8,High
D023,Bael sharbat,Wood apple sharbat,Cold Beverages & Sharbat,North,Veg,Yes,Beverage,Medium,1 glass (250 ml),250,ml,94,1.5,22.5,0.2,2.0,20.0,12,High
D023,Bael sharbat,Wood apple sharbat,Cold Beverages & Sharbat,North,Veg,Yes,Beverage,Large,Large glass (350 ml),350,ml,132,2.1,31.5,0.4,2.8,28.0,18,High
D024,Sattu sharbat (salted),Sattu drink,Cold Beverages & Sharbat,East,Veg,Yes,Beverage,Small,Small glass (150 ml),150,ml,56,3.3,9.8,0.9,2.1,0.8,225,Medium
D024,Sattu sharbat (salted),Sattu drink,Cold Beverages & Sharbat,East,Veg,Yes,Beverage,Medium,1 glass (250 ml),250,ml,94,5.5,16.2,1.5,3.5,1.2,375,Medium
D024,Sattu sharbat (salted),Sattu drink,Cold Beverages & Sharbat,East,Veg,Yes,Beverage,Large,Large glass (350 ml),350,ml,131,7.7,22.8,2.1,4.9,1.8,525,Medium
D025,Rose sharbat / Rooh Afza (with water),Gulab sharbat,Cold Beverages & Sharbat,Pan-India,Veg,Yes,Beverage,Small,Small glass (150 ml),150,ml,54,0.0,13.5,0.0,0.0,13.5,4,Medium
D025,Rose sharbat / Rooh Afza (with water),Gulab sharbat,Cold Beverages & Sharbat,Pan-India,Veg,Yes,Beverage,Medium,1 glass (250 ml),250,ml,90,0.0,22.5,0.0,0.0,22.5,8,Medium
D025,Rose sharbat / Rooh Afza (with water),Gulab sharbat,Cold Beverages & Sharbat,Pan-India,Veg,Yes,Beverage,Large,Large glass (350 ml),350,ml,126,0.0,31.5,0.0,0.0,31.5,10,Medium
D026,Rooh Afza milk,Rose milk (Rooh Afza),Cold Beverages & Sharbat,North,Veg,,Beverage,Small,Small glass (200 ml),200,ml,178,6.0,25.0,6.0,0.0,25.0,84,Medium
D026,Rooh Afza milk,Rose milk (Rooh Afza),Cold Beverages & Sharbat,North,Veg,,Beverage,Medium,Regular glass (300 ml),300,ml,267,9.0,37.5,9.0,0.0,37.5,126,Medium
D026,Rooh Afza milk,Rose milk (Rooh Afza),Cold Beverages & Sharbat,North,Veg,,Beverage,Large,Large / tall glass (400 ml),400,ml,356,12.0,50.0,12.0,0.0,50.0,168,Medium
D027,Nannari sharbat,Sarsaparilla sharbat,Cold Beverages & Sharbat,South,Veg,Yes,Beverage,Small,Small glass (150 ml),150,ml,60,0.0,15.0,0.0,0.0,15.0,8,Medium
D027,Nannari sharbat,Sarsaparilla sharbat,Cold Beverages & Sharbat,South,Veg,Yes,Beverage,Medium,1 glass (250 ml),250,ml,100,0.0,25.0,0.0,0.0,25.0,12,Medium
D027,Nannari sharbat,Sarsaparilla sharbat,Cold Beverages & Sharbat,South,Veg,Yes,Beverage,Large,Large glass (350 ml),350,ml,140,0.0,35.0,0.0,0.0,35.0,18,Medium
D028,Sol kadhi,Kokum coconut milk drink,Cold Beverages & Sharbat,West,Veg,Yes,Beverage,Small,Small glass (150 ml),150,ml,78,0.9,5.2,6.0,0.4,3.0,300,Medium
D028,Sol kadhi,Kokum coconut milk drink,Cold Beverages & Sharbat,West,Veg,Yes,Beverage,Medium,1 glass (250 ml),250,ml,130,1.5,8.8,10.0,0.8,5.0,500,Medium
D028,Sol kadhi,Kokum coconut milk drink,Cold Beverages & Sharbat,West,Veg,Yes,Beverage,Large,Large glass (350 ml),350,ml,181,2.1,12.2,14.0,1.1,7.0,700,Medium
D029,Coconut water (tender coconut),"Nariyal pani, elaneer",Cold Beverages & Sharbat,Pan-India,Veg,Yes,Beverage,Small,Small coconut (~200 ml),200,ml,34,1.4,7.4,0.4,2.2,5.2,210,High
D029,Coconut water (tender coconut),"Nariyal pani, elaneer",Cold Beverages & Sharbat,Pan-India,Veg,Yes,Beverage,Medium,Medium coconut (~300 ml),300,ml,52,2.1,11.1,0.6,3.3,7.8,315,High
D029,Coconut water (tender coconut),"Nariyal pani, elaneer",Cold Beverages & Sharbat,Pan-India,Veg,Yes,Beverage,Large,Large coconut (~400 ml),400,ml,69,2.8,14.8,0.8,4.4,10.4,420,High
D030,Sugarcane juice,"Ganne ka ras, ganna juice",Cold Beverages & Sharbat,Pan-India,Veg,Yes,Beverage,Small,Small glass (150 ml),150,ml,111,0.3,27.0,0.2,0.0,24.0,15,High
D030,Sugarcane juice,"Ganne ka ras, ganna juice",Cold Beverages & Sharbat,Pan-India,Veg,Yes,Beverage,Medium,1 glass (250 ml),250,ml,184,0.5,45.0,0.2,0.0,40.0,25,High
D030,Sugarcane juice,"Ganne ka ras, ganna juice",Cold Beverages & Sharbat,Pan-India,Veg,Yes,Beverage,Large,Large glass (350 ml),350,ml,258,0.7,63.0,0.4,0.0,56.0,35,High
D031,Thandai,,Cold Beverages & Sharbat,North,Veg,,Beverage,Small,Small glass (150 ml),150,ml,168,5.2,20.2,7.5,0.8,18.0,60,High
D031,Thandai,,Cold Beverages & Sharbat,North,Veg,,Beverage,Medium,1 glass (250 ml),250,ml,280,8.8,33.8,12.5,1.2,30.0,100,High
D031,Thandai,,Cold Beverages & Sharbat,North,Veg,,Beverage,Large,Large glass (350 ml),350,ml,392,12.2,47.2,17.5,1.8,42.0,140,High
D032,Jigarthanda,Madurai jigarthanda,Cold Beverages & Sharbat,South,Veg,,Beverage,Small,Small glass (200 ml),200,ml,278,7.0,40.0,10.0,0.2,36.0,100,Medium
D032,Jigarthanda,Madurai jigarthanda,Cold Beverages & Sharbat,South,Veg,,Beverage,Medium,Regular glass (300 ml),300,ml,416,10.5,60.0,15.0,0.3,54.0,150,Medium
D032,Jigarthanda,Madurai jigarthanda,Cold Beverages & Sharbat,South,Veg,,Beverage,Large,Large / tall glass (400 ml),400,ml,555,14.0,80.0,20.0,0.4,72.0,200,Medium
D033,Falooda,Royal falooda,Cold Beverages & Sharbat,Pan-India,Veg,,Beverage,Small,Small glass (200 ml),200,ml,275,6.4,44.0,8.4,1.0,34.0,90,Medium
D033,Falooda,Royal falooda,Cold Beverages & Sharbat,Pan-India,Veg,,Beverage,Medium,Regular glass (300 ml),300,ml,413,9.6,66.0,12.6,1.5,51.0,135,Medium
D033,Falooda,Royal falooda,Cold Beverages & Sharbat,Pan-India,Veg,,Beverage,Large,Large / tall glass (400 ml),400,ml,550,12.8,88.0,16.8,2.0,68.0,180,Medium
D034,Rose milk,,Cold Beverages & Sharbat,South,Veg,,Beverage,Small,Small glass (200 ml),200,ml,182,6.0,26.0,6.0,0.0,25.6,84,Medium
D034,Rose milk,,Cold Beverages & Sharbat,South,Veg,,Beverage,Medium,Regular glass (300 ml),300,ml,273,9.0,39.0,9.0,0.0,38.4,126,Medium
D034,Rose milk,,Cold Beverages & Sharbat,South,Veg,,Beverage,Large,Large / tall glass (400 ml),400,ml,364,12.0,52.0,12.0,0.0,51.2,168,Medium
D035,Cold coffee (milk + sugar),,Cold Beverages & Sharbat,Pan-India,Veg,,Beverage,Small,Small glass (200 ml),200,ml,161,5.6,22.0,5.6,0.0,22.0,80,High
D035,Cold coffee (milk + sugar),,Cold Beverages & Sharbat,Pan-India,Veg,,Beverage,Medium,Regular glass (300 ml),300,ml,241,8.4,33.0,8.4,0.0,33.0,120,High
D035,Cold coffee (milk + sugar),,Cold Beverages & Sharbat,Pan-India,Veg,,Beverage,Large,Large / tall glass (400 ml),400,ml,322,11.2,44.0,11.2,0.0,44.0,160,High
D036,Cold coffee with ice cream,Frappe,Cold Beverages & Sharbat,Pan-India,Veg,,Beverage,Small,Small glass (200 ml),200,ml,225,6.0,30.0,9.0,0.0,29.0,90,Medium
D036,Cold coffee with ice cream,Frappe,Cold Beverages & Sharbat,Pan-India,Veg,,Beverage,Medium,Regular glass (300 ml),300,ml,338,9.0,45.0,13.5,0.0,43.5,135,Medium
D036,Cold coffee with ice cream,Frappe,Cold Beverages & Sharbat,Pan-India,Veg,,Beverage,Large,Large / tall glass (400 ml),400,ml,450,12.0,60.0,18.0,0.0,58.0,180,Medium
D037,Soft drink / cola,"Coke, Thums Up, Pepsi",Cold Beverages & Sharbat,Pan-India,Veg,Yes,Beverage,Small,Small glass (150 ml),150,ml,64,0.0,15.9,0.0,0.0,15.9,15,High
D037,Soft drink / cola,"Coke, Thums Up, Pepsi",Cold Beverages & Sharbat,Pan-India,Veg,Yes,Beverage,Medium,1 glass (250 ml),250,ml,106,0.0,26.5,0.0,0.0,26.5,25,High
D037,Soft drink / cola,"Coke, Thums Up, Pepsi",Cold Beverages & Sharbat,Pan-India,Veg,Yes,Beverage,Large,Large glass (350 ml),350,ml,148,0.0,37.1,0.0,0.0,37.1,35,High
D038,Packaged mango drink,"Frooti, Maaza, Slice",Cold Beverages & Sharbat,Pan-India,Veg,Yes,Beverage,Small,Small glass (150 ml),150,ml,93,0.2,23.2,0.0,0.2,22.5,22,Medium
D038,Packaged mango drink,"Frooti, Maaza, Slice",Cold Beverages & Sharbat,Pan-India,Veg,Yes,Beverage,Medium,1 glass (250 ml),250,ml,156,0.2,38.8,0.0,0.2,37.5,38,Medium
D038,Packaged mango drink,"Frooti, Maaza, Slice",Cold Beverages & Sharbat,Pan-India,Veg,Yes,Beverage,Large,Large glass (350 ml),350,ml,218,0.4,54.2,0.0,0.4,52.5,52,Medium
D039,Orange juice,Santra/narangi juice,Fruit Juices,Pan-India,Veg,Yes,Beverage,Small,Small glass (200 ml),200,ml,92,1.4,20.8,0.4,0.4,16.8,2,High
D039,Orange juice,Santra/narangi juice,Fruit Juices,Pan-India,Veg,Yes,Beverage,Medium,Regular glass (300 ml),300,ml,137,2.1,31.2,0.6,0.6,25.2,3,High
D039,Orange juice,Santra/narangi juice,Fruit Juices,Pan-India,Veg,Yes,Beverage,Large,Large / tall glass (400 ml),400,ml,183,2.8,41.6,0.8,0.8,33.6,4,High
D040,Mosambi juice,"Sweet lime juice, musambi",Fruit Juices,Pan-India,Veg,Yes,Beverage,Small,Small glass (200 ml),200,ml,75,1.0,17.6,0.2,0.4,14.0,2,High
D040,Mosambi juice,"Sweet lime juice, musambi",Fruit Juices,Pan-India,Veg,Yes,Beverage,Medium,Regular glass (300 ml),300,ml,113,1.5,26.4,0.3,0.6,21.0,3,High
D040,Mosambi juice,"Sweet lime juice, musambi",Fruit Juices,Pan-India,Veg,Yes,Beverage,Large,Large / tall glass (400 ml),400,ml,151,2.0,35.2,0.4,0.8,28.0,4,High
D041,Apple juice,Seb ka juice,Fruit Juices,Pan-India,Veg,Yes,Beverage,Small,Small glass (200 ml),200,ml,92,0.2,22.6,0.2,0.4,19.2,8,High
D041,Apple juice,Seb ka juice,Fruit Juices,Pan-India,Veg,Yes,Beverage,Medium,Regular glass (300 ml),300,ml,138,0.3,33.9,0.3,0.6,28.8,12,High
D041,Apple juice,Seb ka juice,Fruit Juices,Pan-India,Veg,Yes,Beverage,Large,Large / tall glass (400 ml),400,ml,184,0.4,45.2,0.4,0.8,38.4,16,High
D042,Pomegranate juice,Anar juice,Fruit Juices,Pan-India,Veg,Yes,Beverage,Small,Small glass (200 ml),200,ml,111,0.4,26.2,0.6,0.2,25.4,18,High
D042,Pomegranate juice,Anar juice,Fruit Juices,Pan-India,Veg,Yes,Beverage,Medium,Regular glass (300 ml),300,ml,167,0.6,39.3,0.9,0.3,38.1,27,High
D042,Pomegranate juice,Anar juice,Fruit Juices,Pan-India,Veg,Yes,Beverage,Large,Large / tall glass (400 ml),400,ml,223,0.8,52.4,1.2,0.4,50.8,36,High
D043,Grape juice (black/green),Angoor juice,Fruit Juices,Pan-India,Veg,Yes,Beverage,Small,Small glass (200 ml),200,ml,123,0.8,29.6,0.2,0.4,28.4,10,High
D043,Grape juice (black/green),Angoor juice,Fruit Juices,Pan-India,Veg,Yes,Beverage,Medium,Regular glass (300 ml),300,ml,184,1.2,44.4,0.3,0.6,42.6,15,High
D043,Grape juice (black/green),Angoor juice,Fruit Juices,Pan-India,Veg,Yes,Beverage,Large,Large / tall glass (400 ml),400,ml,245,1.6,59.2,0.4,0.8,56.8,20,High
D044,Pineapple juice,Ananas juice,Fruit Juices,Pan-India,Veg,Yes,Beverage,Small,Small glass (200 ml),200,ml,107,0.8,25.8,0.2,0.4,20.0,4,High
D044,Pineapple juice,Ananas juice,Fruit Juices,Pan-India,Veg,Yes,Beverage,Medium,Regular glass (300 ml),300,ml,161,1.2,38.7,0.3,0.6,30.0,6,High
D044,Pineapple juice,Ananas juice,Fruit Juices,Pan-India,Veg,Yes,Beverage,Large,Large / tall glass (400 ml),400,ml,215,1.6,51.6,0.4,0.8,40.0,8,High
D045,Watermelon juice,Tarbooz juice,Fruit Juices,Pan-India,Veg,Yes,Beverage,Small,Small glass (200 ml),200,ml,66,1.2,14.8,0.4,0.6,12.4,2,High
D045,Watermelon juice,Tarbooz juice,Fruit Juices,Pan-India,Veg,Yes,Beverage,Medium,Regular glass (300 ml),300,ml,100,1.8,22.2,0.6,0.9,18.6,3,High
D045,Watermelon juice,Tarbooz juice,Fruit Juices,Pan-India,Veg,Yes,Beverage,Large,Large / tall glass (400 ml),400,ml,133,2.4,29.6,0.8,1.2,24.8,4,High
D046,Muskmelon juice,Kharbooja juice,Fruit Juices,Pan-India,Veg,Yes,Beverage,Small,Small glass (200 ml),200,ml,74,1.6,16.4,0.4,1.0,15.8,32,High
D046,Muskmelon juice,Kharbooja juice,Fruit Juices,Pan-India,Veg,Yes,Beverage,Medium,Regular glass (300 ml),300,ml,110,2.4,24.6,0.6,1.5,23.7,48,High
D046,Muskmelon juice,Kharbooja juice,Fruit Juices,Pan-India,Veg,Yes,Beverage,Large,Large / tall glass (400 ml),400,ml,147,3.2,32.8,0.8,2.0,31.6,64,High
D047,Papaya juice,Papita juice,Fruit Juices,Pan-India,Veg,Yes,Beverage,Small,Small glass (200 ml),200,ml,75,0.8,18.0,0.4,2.0,14.0,12,High
D047,Papaya juice,Papita juice,Fruit Juices,Pan-India,Veg,Yes,Beverage,Medium,Regular glass (300 ml),300,ml,112,1.2,27.0,0.6,3.0,21.0,18,High
D047,Papaya juice,Papita juice,Fruit Juices,Pan-India,Veg,Yes,Beverage,Large,Large / tall glass (400 ml),400,ml,150,1.6,36.0,0.8,4.0,28.0,24,High
D048,Mango juice (fresh pulp + water),Aam juice,Fruit Juices,Pan-India,Veg,Yes,Beverage,Small,Small glass (200 ml),200,ml,64,0.8,15.0,0.4,1.6,13.6,2,High
D048,Mango juice (fresh pulp + water),Aam juice,Fruit Juices,Pan-India,Veg,Yes,Beverage,Medium,Regular glass (300 ml),300,ml,95,1.2,22.5,0.6,2.4,20.4,3,High
D048,Mango juice (fresh pulp + water),Aam juice,Fruit Juices,Pan-India,Veg,Yes,Beverage,Large,Large / tall glass (400 ml),400,ml,127,1.6,30.0,0.8,3.2,27.2,4,High
D049,"Aamras (thick mango pulp, no sugar)",Aam ras,Fruit Juices,West,Veg,Yes,Beverage,Small,Small katori,100,g,64,0.8,15.0,0.4,1.6,13.7,1,High
D049,"Aamras (thick mango pulp, no sugar)",Aam ras,Fruit Juices,West,Veg,Yes,Beverage,Medium,1 katori,150,g,95,1.2,22.5,0.6,2.4,20.5,2,High
D049,"Aamras (thick mango pulp, no sugar)",Aam ras,Fruit Juices,West,Veg,Yes,Beverage,Large,Large bowl,200,g,127,1.6,30.0,0.8,3.2,27.4,2,High
D050,Aamras with sugar,Aam ras sweetened,Fruit Juices,West,Veg,Yes,Beverage,Small,Small katori,100,g,84,0.8,20.0,0.4,1.6,18.5,1,High
D050,Aamras with sugar,Aam ras sweetened,Fruit Juices,West,Veg,Yes,Beverage,Medium,1 katori,150,g,125,1.2,30.0,0.6,2.4,27.8,2,High
D050,Aamras with sugar,Aam ras sweetened,Fruit Juices,West,Veg,Yes,Beverage,Large,Large bowl,200,g,167,1.6,40.0,0.8,3.2,37.0,2,High
D051,Guava juice,Amrood juice,Fruit Juices,Pan-India,Veg,Yes,Beverage,Small,Small glass (200 ml),200,ml,70,1.2,17.0,0.4,3.0,10.0,4,High
D051,Guava juice,Amrood juice,Fruit Juices,Pan-India,Veg,Yes,Beverage,Medium,Regular glass (300 ml),300,ml,106,1.8,25.5,0.6,4.5,15.0,6,High
D051,Guava juice,Amrood juice,Fruit Juices,Pan-India,Veg,Yes,Beverage,Large,Large / tall glass (400 ml),400,ml,141,2.4,34.0,0.8,6.0,20.0,8,High
D052,Strawberry juice,,Fruit Juices,Pan-India,Veg,Yes,Beverage,Small,Small glass (200 ml),200,ml,67,1.2,15.4,0.6,2.4,9.8,2,High
D052,Strawberry juice,,Fruit Juices,Pan-India,Veg,Yes,Beverage,Medium,Regular glass (300 ml),300,ml,100,1.8,23.1,0.9,3.6,14.7,3,High
D052,Strawberry juice,,Fruit Juices,Pan-India,Veg,Yes,Beverage,Large,Large / tall glass (400 ml),400,ml,134,2.4,30.8,1.2,4.8,19.6,4,High
D053,Kiwi juice,,Fruit Juices,Pan-India,Veg,Yes,Beverage,Small,Small glass (200 ml),200,ml,105,1.6,24.0,0.8,2.4,17.0,6,High
D053,Kiwi juice,,Fruit Juices,Pan-India,Veg,Yes,Beverage,Medium,Regular glass (300 ml),300,ml,157,2.4,36.0,1.2,3.6,25.5,9,High
D053,Kiwi juice,,Fruit Juices,Pan-India,Veg,Yes,Beverage,Large,Large / tall glass (400 ml),400,ml,210,3.2,48.0,1.6,4.8,34.0,12,High
D054,Litchi juice,Lychee juice,Fruit Juices,Pan-India,Veg,Yes,Beverage,Small,Small glass (200 ml),200,ml,132,1.2,31.0,0.6,1.0,28.0,2,High
D054,Litchi juice,Lychee juice,Fruit Juices,Pan-India,Veg,Yes,Beverage,Medium,Regular glass (300 ml),300,ml,198,1.8,46.5,0.9,1.5,42.0,3,High
D054,Litchi juice,Lychee juice,Fruit Juices,Pan-India,Veg,Yes,Beverage,Large,Large / tall glass (400 ml),400,ml,264,2.4,62.0,1.2,2.0,56.0,4,High
D055,Jamun juice,Java plum juice,Fruit Juices,Pan-India,Veg,Yes,Beverage,Small,Small glass (200 ml),200,ml,68,0.8,16.0,0.2,0.6,14.0,14,High
D055,Jamun juice,Java plum juice,Fruit Juices,Pan-India,Veg,Yes,Beverage,Medium,Regular glass (300 ml),300,ml,102,1.2,24.0,0.3,0.9,21.0,21,High
D055,Jamun juice,Java plum juice,Fruit Juices,Pan-India,Veg,Yes,Beverage,Large,Large / tall glass (400 ml),400,ml,136,1.6,32.0,0.4,1.2,28.0,28,High
D056,Pear juice,Nashpati juice,Fruit Juices,Pan-India,Veg,Yes,Beverage,Small,Small glass (200 ml),200,ml,97,0.2,24.0,0.2,0.6,20.0,8,High
D056,Pear juice,Nashpati juice,Fruit Juices,Pan-India,Veg,Yes,Beverage,Medium,Regular glass (300 ml),300,ml,146,0.3,36.0,0.3,0.9,30.0,12,High
D056,Pear juice,Nashpati juice,Fruit Juices,Pan-India,Veg,Yes,Beverage,Large,Large / tall glass (400 ml),400,ml,195,0.4,48.0,0.4,1.2,40.0,16,High
D057,Plum juice,Aloo bukhara juice,Fruit Juices,Pan-India,Veg,Yes,Beverage,Small,Small glass (200 ml),200,ml,93,0.8,22.0,0.4,0.8,20.0,2,High
D057,Plum juice,Aloo bukhara juice,Fruit Juices,Pan-India,Veg,Yes,Beverage,Medium,Regular glass (300 ml),300,ml,140,1.2,33.0,0.6,1.2,30.0,3,High
D057,Plum juice,Aloo bukhara juice,Fruit Juices,Pan-India,Veg,Yes,Beverage,Large,Large / tall glass (400 ml),400,ml,186,1.6,44.0,0.8,1.6,40.0,4,High
D058,Peach juice,Aadu juice,Fruit Juices,Pan-India,Veg,Yes,Beverage,Small,Small glass (200 ml),200,ml,82,1.2,19.0,0.4,1.0,16.8,2,High
D058,Peach juice,Aadu juice,Fruit Juices,Pan-India,Veg,Yes,Beverage,Medium,Regular glass (300 ml),300,ml,124,1.8,28.5,0.6,1.5,25.2,3,High
D058,Peach juice,Aadu juice,Fruit Juices,Pan-India,Veg,Yes,Beverage,Large,Large / tall glass (400 ml),400,ml,165,2.4,38.0,0.8,2.0,33.6,4,High
D059,Cranberry juice (unsweetened),,Fruit Juices,Pan-India,Veg,Yes,Beverage,Small,Small glass (200 ml),200,ml,102,0.8,24.4,0.2,0.2,24.2,10,High
D059,Cranberry juice (unsweetened),,Fruit Juices,Pan-India,Veg,Yes,Beverage,Medium,Regular glass (300 ml),300,ml,153,1.2,36.6,0.3,0.3,36.3,15,High
D059,Cranberry juice (unsweetened),,Fruit Juices,Pan-India,Veg,Yes,Beverage,Large,Large / tall glass (400 ml),400,ml,204,1.6,48.8,0.4,0.4,48.4,20,High
D060,Mixed fruit juice,Fruit punch (fresh),Fruit Juices,Pan-India,Veg,Yes,Beverage,Small,Small glass (200 ml),200,ml,100,0.8,23.6,0.4,0.6,21.0,6,High
D060,Mixed fruit juice,Fruit punch (fresh),Fruit Juices,Pan-India,Veg,Yes,Beverage,Medium,Regular glass (300 ml),300,ml,150,1.2,35.4,0.6,0.9,31.5,9,High
D060,Mixed fruit juice,Fruit punch (fresh),Fruit Juices,Pan-India,Veg,Yes,Beverage,Large,Large / tall glass (400 ml),400,ml,200,1.6,47.2,0.8,1.2,42.0,12,High
D061,Amla juice (diluted),Indian gooseberry juice,Fruit Juices,Pan-India,Veg,Yes,Beverage,Small,1 shot (30 ml),30,ml,4,0.1,0.9,0.0,0.1,0.3,1,High
D061,Amla juice (diluted),Indian gooseberry juice,Fruit Juices,Pan-India,Veg,Yes,Beverage,Medium,Double shot (60 ml),60,ml,8,0.1,1.8,0.1,0.3,0.6,1,High
D061,Amla juice (diluted),Indian gooseberry juice,Fruit Juices,Pan-India,Veg,Yes,Beverage,Large,Small glass (100 ml),100,ml,13,0.2,3.0,0.1,0.5,1.0,2,High
D062,Carrot juice,Gajar juice,Vegetable Juices,Pan-India,Veg,Yes,Beverage,Small,Small glass (200 ml),200,ml,82,1.8,18.6,0.4,1.6,7.8,132,High
D062,Carrot juice,Gajar juice,Vegetable Juices,Pan-India,Veg,Yes,Beverage,Medium,Regular glass (300 ml),300,ml,123,2.7,27.9,0.6,2.4,11.7,198,High
D062,Carrot juice,Gajar juice,Vegetable Juices,Pan-India,Veg,Yes,Beverage,Large,Large / tall glass (400 ml),400,ml,164,3.6,37.2,0.8,3.2,15.6,264,High
D063,Beetroot juice,Chukandar juice,Vegetable Juices,Pan-India,Veg,Yes,Beverage,Small,Small glass (200 ml),200,ml,75,2.0,17.0,0.2,1.6,13.0,140,High
D063,Beetroot juice,Chukandar juice,Vegetable Juices,Pan-India,Veg,Yes,Beverage,Medium,Regular glass (300 ml),300,ml,112,3.0,25.5,0.3,2.4,19.5,210,High
D063,Beetroot juice,Chukandar juice,Vegetable Juices,Pan-India,Veg,Yes,Beverage,Large,Large / tall glass (400 ml),400,ml,149,4.0,34.0,0.4,3.2,26.0,280,High
D064,ABC juice (apple-beetroot-carrot),,Vegetable Juices,Pan-India,Veg,Yes,Beverage,Small,Small glass (200 ml),200,ml,84,1.2,20.0,0.2,1.2,15.0,90,High
D064,ABC juice (apple-beetroot-carrot),,Vegetable Juices,Pan-India,Veg,Yes,Beverage,Medium,Regular glass (300 ml),300,ml,126,1.8,30.0,0.3,1.8,22.5,135,High
D064,ABC juice (apple-beetroot-carrot),,Vegetable Juices,Pan-India,Veg,Yes,Beverage,Large,Large / tall glass (400 ml),400,ml,168,2.4,40.0,0.4,2.4,30.0,180,High
D065,Tomato juice (fresh),Tamatar juice,Vegetable Juices,Pan-India,Veg,Yes,Beverage,Small,Small glass (200 ml),200,ml,40,1.8,7.8,0.4,1.0,5.2,20,High
D065,Tomato juice (fresh),Tamatar juice,Vegetable Juices,Pan-India,Veg,Yes,Beverage,Medium,Regular glass (300 ml),300,ml,60,2.7,11.7,0.6,1.5,7.8,30,High
D065,Tomato juice (fresh),Tamatar juice,Vegetable Juices,Pan-India,Veg,Yes,Beverage,Large,Large / tall glass (400 ml),400,ml,80,3.6,15.6,0.8,2.0,10.4,40,High
D066,Cucumber juice,Kheera juice,Vegetable Juices,Pan-India,Veg,Yes,Beverage,Small,Small glass (200 ml),200,ml,31,1.2,6.6,0.2,0.8,3.4,4,High
D066,Cucumber juice,Kheera juice,Vegetable Juices,Pan-India,Veg,Yes,Beverage,Medium,Regular glass (300 ml),300,ml,47,1.8,9.9,0.3,1.2,5.1,6,High
D066,Cucumber juice,Kheera juice,Vegetable Juices,Pan-India,Veg,Yes,Beverage,Large,Large / tall glass (400 ml),400,ml,63,2.4,13.2,0.4,1.6,6.8,8,High
D067,Lauki juice (bottle gourd),Ghiya juice,Vegetable Juices,North,Veg,Yes,Beverage,Small,Small glass (150 ml),150,ml,21,0.8,4.5,0.2,0.6,2.2,8,High
D067,Lauki juice (bottle gourd),Ghiya juice,Vegetable Juices,North,Veg,Yes,Beverage,Medium,1 glass (250 ml),250,ml,35,1.2,7.5,0.2,1.0,3.8,12,High
D067,Lauki juice (bottle gourd),Ghiya juice,Vegetable Juices,North,Veg,Yes,Beverage,Large,Large glass (350 ml),350,ml,49,1.8,10.5,0.4,1.4,5.2,18,High
D068,Karela juice (bitter gourd),,Vegetable Juices,Pan-India,Veg,Yes,Beverage,Small,1 shot (30 ml),30,ml,5,0.2,1.0,0.0,0.2,0.4,2,High
D068,Karela juice (bitter gourd),,Vegetable Juices,Pan-India,Veg,Yes,Beverage,Medium,Double shot (60 ml),60,ml,9,0.5,1.9,0.1,0.5,0.7,3,High
D068,Karela juice (bitter gourd),,Vegetable Juices,Pan-India,Veg,Yes,Beverage,Large,Small glass (100 ml),100,ml,15,0.8,3.2,0.1,0.8,1.2,5,High
D069,Wheatgrass juice,,Vegetable Juices,Pan-India,Veg,Yes,Beverage,Small,1 shot (30 ml),30,ml,5,0.4,0.9,0.0,0.1,0.1,3,High
D069,Wheatgrass juice,,Vegetable Juices,Pan-India,Veg,Yes,Beverage,Medium,Double shot (60 ml),60,ml,11,0.9,1.8,0.1,0.3,0.3,6,High
D069,Wheatgrass juice,,Vegetable Juices,Pan-India,Veg,Yes,Beverage,Large,Small glass (100 ml),100,ml,18,1.5,3.0,0.1,0.5,0.5,10,High
D070,Green juice (spinach-cucumber-apple),Detox juice,Vegetable Juices,Pan-India,Veg,Yes,Beverage,Small,Small glass (200 ml),200,ml,52,1.2,12.0,0.2,1.2,9.0,50,High
D070,Green juice (spinach-cucumber-apple),Detox juice,Vegetable Juices,Pan-India,Veg,Yes,Beverage,Medium,Regular glass (300 ml),300,ml,78,1.8,18.0,0.3,1.8,13.5,75,High
D070,Green juice (spinach-cucumber-apple),Detox juice,Vegetable Juices,Pan-India,Veg,Yes,Beverage,Large,Large / tall glass (400 ml),400,ml,104,2.4,24.0,0.4,2.4,18.0,100,High
D071,Mixed vegetable juice,,Vegetable Juices,Pan-India,Veg,Yes,Beverage,Small,Small glass (200 ml),200,ml,42,1.6,9.0,0.2,1.2,5.6,300,High
D071,Mixed vegetable juice,,Vegetable Juices,Pan-India,Veg,Yes,Beverage,Medium,Regular glass (300 ml),300,ml,63,2.4,13.5,0.3,1.8,8.4,450,High
D071,Mixed vegetable juice,,Vegetable Juices,Pan-India,Veg,Yes,Beverage,Large,Large / tall glass (400 ml),400,ml,84,3.2,18.0,0.4,2.4,11.2,600,High
D072,Sweet lassi,Meethi lassi,Lassi & Buttermilk,North,Veg,,Beverage,Small,Small glass (200 ml),200,ml,173,5.6,25.0,5.6,0.0,24.0,80,Medium
D072,Sweet lassi,Meethi lassi,Lassi & Buttermilk,North,Veg,,Beverage,Medium,Regular glass (300 ml),300,ml,259,8.4,37.5,8.4,0.0,36.0,120,Medium
D072,Sweet lassi,Meethi lassi,Lassi & Buttermilk,North,Veg,,Beverage,Large,Large / tall glass (400 ml),400,ml,346,11.2,50.0,11.2,0.0,48.0,160,Medium
D073,Salted lassi,Namkeen lassi,Lassi & Buttermilk,North,Veg,,Beverage,Small,Small glass (200 ml),200,ml,71,4.0,4.8,4.0,0.0,4.8,460,Medium
D073,Salted lassi,Namkeen lassi,Lassi & Buttermilk,North,Veg,,Beverage,Medium,Regular glass (300 ml),300,ml,107,6.0,7.2,6.0,0.0,7.2,690,Medium
D073,Salted lassi,Namkeen lassi,Lassi & Buttermilk,North,Veg,,Beverage,Large,Large / tall glass (400 ml),400,ml,142,8.0,9.6,8.0,0.0,9.6,920,Medium
D074,Mango lassi,,Lassi & Buttermilk,North,Veg,,Beverage,Small,Small glass (200 ml),200,ml,188,5.2,31.0,5.0,0.8,29.0,76,Medium
D074,Mango lassi,,Lassi & Buttermilk,North,Veg,,Beverage,Medium,Regular glass (300 ml),300,ml,282,7.8,46.5,7.5,1.2,43.5,114,Medium
D074,Mango lassi,,Lassi & Buttermilk,North,Veg,,Beverage,Large,Large / tall glass (400 ml),400,ml,376,10.4,62.0,10.0,1.6,58.0,152,Medium
D075,Rose lassi,Gulab lassi,Lassi & Buttermilk,North,Veg,,Beverage,Small,Small glass (200 ml),200,ml,178,5.4,27.0,5.4,0.0,26.0,80,Medium
D075,Rose lassi,Gulab lassi,Lassi & Buttermilk,North,Veg,,Beverage,Medium,Regular glass (300 ml),300,ml,267,8.1,40.5,8.1,0.0,39.0,120,Medium
D075,Rose lassi,Gulab lassi,Lassi & Buttermilk,North,Veg,,Beverage,Large,Large / tall glass (400 ml),400,ml,356,10.8,54.0,10.8,0.0,52.0,160,Medium
D076,Banana lassi,,Lassi & Buttermilk,North,Veg,,Beverage,Small,Small glass (200 ml),200,ml,182,5.2,30.0,4.8,1.0,25.0,76,Medium
D076,Banana lassi,,Lassi & Buttermilk,North,Veg,,Beverage,Medium,Regular glass (300 ml),300,ml,273,7.8,45.0,7.2,1.5,37.5,114,Medium
D076,Banana lassi,,Lassi & Buttermilk,North,Veg,,Beverage,Large,Large / tall glass (400 ml),400,ml,364,10.4,60.0,9.6,2.0,50.0,152,Medium
D077,Punjabi malai lassi (with cream),Kulhad lassi with malai,Lassi & Buttermilk,North,Veg,,Beverage,Small,Small glass (200 ml),200,ml,239,6.0,29.0,11.0,0.0,28.0,84,Medium
D077,Punjabi malai lassi (with cream),Kulhad lassi with malai,Lassi & Buttermilk,North,Veg,,Beverage,Medium,Regular glass (300 ml),300,ml,358,9.0,43.5,16.5,0.0,42.0,126,Medium
D077,Punjabi malai lassi (with cream),Kulhad lassi with malai,Lassi & Buttermilk,North,Veg,,Beverage,Large,Large / tall glass (400 ml),400,ml,478,12.0,58.0,22.0,0.0,56.0,168,Medium
D078,Dry fruit lassi,,Lassi & Buttermilk,North,Veg,,Beverage,Small,Small glass (200 ml),200,ml,225,6.4,30.0,9.0,1.0,27.0,80,Medium
D078,Dry fruit lassi,,Lassi & Buttermilk,North,Veg,,Beverage,Medium,Regular glass (300 ml),300,ml,337,9.6,45.0,13.5,1.5,40.5,120,Medium
D078,Dry fruit lassi,,Lassi & Buttermilk,North,Veg,,Beverage,Large,Large / tall glass (400 ml),400,ml,449,12.8,60.0,18.0,2.0,54.0,160,Medium
D079,Chaas / plain buttermilk (salted),"Chhachh, mattha, majjige",Lassi & Buttermilk,Pan-India,Veg,,Beverage,Small,Small glass (150 ml),150,ml,24,1.4,2.0,1.2,0.0,2.0,300,Medium
D079,Chaas / plain buttermilk (salted),"Chhachh, mattha, majjige",Lassi & Buttermilk,Pan-India,Veg,,Beverage,Medium,1 glass (250 ml),250,ml,40,2.2,3.2,2.0,0.0,3.2,500,Medium
D079,Chaas / plain buttermilk (salted),"Chhachh, mattha, majjige",Lassi & Buttermilk,Pan-India,Veg,,Beverage,Large,Large glass (350 ml),350,ml,56,3.1,4.5,2.8,0.0,4.5,700,Medium
D080,Masala chaas,Spiced buttermilk,Lassi & Buttermilk,West,Veg,,Beverage,Small,Small glass (150 ml),150,ml,26,1.4,2.4,1.2,0.2,1.8,375,Medium
D080,Masala chaas,Spiced buttermilk,Lassi & Buttermilk,West,Veg,,Beverage,Medium,1 glass (250 ml),250,ml,42,2.2,4.0,2.0,0.2,3.0,625,Medium
D080,Masala chaas,Spiced buttermilk,Lassi & Buttermilk,West,Veg,,Beverage,Large,Large glass (350 ml),350,ml,60,3.1,5.6,2.8,0.4,4.2,875,Medium
D081,Neer mor,"Kerala/TN spiced buttermilk, sambharam",Lassi & Buttermilk,South,Veg,,Beverage,Small,Small glass (150 ml),150,ml,19,1.0,1.7,0.9,0.2,1.5,330,Medium
D081,Neer mor,"Kerala/TN spiced buttermilk, sambharam",Lassi & Buttermilk,South,Veg,,Beverage,Medium,1 glass (250 ml),250,ml,31,1.8,2.8,1.5,0.2,2.5,550,Medium
D081,Neer mor,"Kerala/TN spiced buttermilk, sambharam",Lassi & Buttermilk,South,Veg,,Beverage,Large,Large glass (350 ml),350,ml,43,2.4,3.9,2.1,0.4,3.5,770,Medium
D082,Banana milkshake,Kela shake,Milkshakes & Milk,Pan-India,Veg,,Beverage,Small,Small glass (200 ml),200,ml,154,5.0,24.8,4.2,1.4,18.8,70,High
D082,Banana milkshake,Kela shake,Milkshakes & Milk,Pan-India,Veg,,Beverage,Medium,Regular glass (300 ml),300,ml,231,7.5,37.2,6.3,2.1,28.2,105,High
D082,Banana milkshake,Kela shake,Milkshakes & Milk,Pan-India,Veg,,Beverage,Large,Large / tall glass (400 ml),400,ml,308,10.0,49.6,8.4,2.8,37.6,140,High
D083,Mango milkshake,Aam shake,Milkshakes & Milk,Pan-India,Veg,,Beverage,Small,Small glass (200 ml),200,ml,147,4.6,23.2,4.2,1.0,22.4,70,Medium
D083,Mango milkshake,Aam shake,Milkshakes & Milk,Pan-India,Veg,,Beverage,Medium,Regular glass (300 ml),300,ml,220,6.9,34.8,6.3,1.5,33.6,105,Medium
D083,Mango milkshake,Aam shake,Milkshakes & Milk,Pan-India,Veg,,Beverage,Large,Large / tall glass (400 ml),400,ml,294,9.2,46.4,8.4,2.0,44.8,140,Medium
D084,Chikoo milkshake,Sapota shake,Milkshakes & Milk,Pan-India,Veg,,Beverage,Small,Small glass (200 ml),200,ml,145,4.6,23.2,4.4,3.0,19.8,70,Medium
D084,Chikoo milkshake,Sapota shake,Milkshakes & Milk,Pan-India,Veg,,Beverage,Medium,Regular glass (300 ml),300,ml,217,6.9,34.8,6.6,4.5,29.7,105,Medium
D084,Chikoo milkshake,Sapota shake,Milkshakes & Milk,Pan-India,Veg,,Beverage,Large,Large / tall glass (400 ml),400,ml,290,9.2,46.4,8.8,6.0,39.6,140,Medium
D085,Strawberry milkshake,,Milkshakes & Milk,Pan-India,Veg,,Beverage,Small,Small glass (200 ml),200,ml,143,4.8,22.0,4.2,0.8,20.4,70,Medium
D085,Strawberry milkshake,,Milkshakes & Milk,Pan-India,Veg,,Beverage,Medium,Regular glass (300 ml),300,ml,215,7.2,33.0,6.3,1.2,30.6,105,Medium
D085,Strawberry milkshake,,Milkshakes & Milk,Pan-India,Veg,,Beverage,Large,Large / tall glass (400 ml),400,ml,287,9.6,44.0,8.4,1.6,40.8,140,Medium
D086,Chocolate milkshake,,Milkshakes & Milk,Pan-India,Veg,,Beverage,Small,Small glass (200 ml),200,ml,184,6.0,27.0,6.0,1.0,24.0,100,Medium
D086,Chocolate milkshake,,Milkshakes & Milk,Pan-India,Veg,,Beverage,Medium,Regular glass (300 ml),300,ml,276,9.0,40.5,9.0,1.5,36.0,150,Medium
D086,Chocolate milkshake,,Milkshakes & Milk,Pan-India,Veg,,Beverage,Large,Large / tall glass (400 ml),400,ml,368,12.0,54.0,12.0,2.0,48.0,200,Medium
D087,Sitaphal (custard apple) milkshake,,Milkshakes & Milk,Pan-India,Veg,,Beverage,Small,Small glass (200 ml),200,ml,170,5.2,28.0,4.6,2.0,22.0,70,Medium
D087,Sitaphal (custard apple) milkshake,,Milkshakes & Milk,Pan-India,Veg,,Beverage,Medium,Regular glass (300 ml),300,ml,255,7.8,42.0,6.9,3.0,33.0,105,Medium
D087,Sitaphal (custard apple) milkshake,,Milkshakes & Milk,Pan-India,Veg,,Beverage,Large,Large / tall glass (400 ml),400,ml,340,10.4,56.0,9.2,4.0,44.0,140,Medium
D088,Papaya milkshake,,Milkshakes & Milk,Pan-India,Veg,,Beverage,Small,Small glass (200 ml),200,ml,130,4.6,19.0,4.2,1.0,17.0,70,Medium
D088,Papaya milkshake,,Milkshakes & Milk,Pan-India,Veg,,Beverage,Medium,Regular glass (300 ml),300,ml,195,6.9,28.5,6.3,1.5,25.5,105,Medium
D088,Papaya milkshake,,Milkshakes & Milk,Pan-India,Veg,,Beverage,Large,Large / tall glass (400 ml),400,ml,260,9.2,38.0,8.4,2.0,34.0,140,Medium
D089,Dry fruit milkshake,,Milkshakes & Milk,Pan-India,Veg,,Beverage,Small,Small glass (200 ml),200,ml,221,7.6,26.0,10.0,1.6,22.0,80,Medium
D089,Dry fruit milkshake,,Milkshakes & Milk,Pan-India,Veg,,Beverage,Medium,Regular glass (300 ml),300,ml,332,11.4,39.0,15.0,2.4,33.0,120,Medium
D089,Dry fruit milkshake,,Milkshakes & Milk,Pan-India,Veg,,Beverage,Large,Large / tall glass (400 ml),400,ml,442,15.2,52.0,20.0,3.2,44.0,160,Medium
D090,Thick shake with ice cream (any flavour),,Milkshakes & Milk,Pan-India,Veg,,Beverage,Small,Small glass (200 ml),200,ml,240,6.0,34.0,9.0,0.6,31.0,100,Medium
D090,Thick shake with ice cream (any flavour),,Milkshakes & Milk,Pan-India,Veg,,Beverage,Medium,Regular glass (300 ml),300,ml,360,9.0,51.0,13.5,0.9,46.5,150,Medium
D090,Thick shake with ice cream (any flavour),,Milkshakes & Milk,Pan-India,Veg,,Beverage,Large,Large / tall glass (400 ml),400,ml,480,12.0,68.0,18.0,1.2,62.0,200,Medium
D091,Milk - toned (3% fat),Doodh,Milkshakes & Milk,Pan-India,Veg,,Beverage,Small,Small glass (150 ml),150,ml,87,4.7,7.1,4.5,0.0,7.1,68,High
D091,Milk - toned (3% fat),Doodh,Milkshakes & Milk,Pan-India,Veg,,Beverage,Medium,1 glass (200 ml),200,ml,116,6.2,9.4,6.0,0.0,9.4,90,High
D091,Milk - toned (3% fat),Doodh,Milkshakes & Milk,Pan-India,Veg,,Beverage,Large,Large glass (300 ml),300,ml,175,9.3,14.1,9.0,0.0,14.1,135,High
D092,Milk - full cream (6% fat),Buffalo/full cream milk,Milkshakes & Milk,Pan-India,Veg,,Beverage,Small,Small glass (150 ml),150,ml,130,4.9,7.4,9.0,0.0,7.4,60,High
D092,Milk - full cream (6% fat),Buffalo/full cream milk,Milkshakes & Milk,Pan-India,Veg,,Beverage,Medium,1 glass (200 ml),200,ml,174,6.6,9.8,12.0,0.0,9.8,80,High
D092,Milk - full cream (6% fat),Buffalo/full cream milk,Milkshakes & Milk,Pan-India,Veg,,Beverage,Large,Large glass (300 ml),300,ml,260,9.9,14.7,18.0,0.0,14.7,120,High
D093,Milk - double toned (1.5% fat),Skimmed-ish milk,Milkshakes & Milk,Pan-India,Veg,,Beverage,Small,Small glass (150 ml),150,ml,69,4.8,7.4,2.2,0.0,7.4,68,High
D093,Milk - double toned (1.5% fat),Skimmed-ish milk,Milkshakes & Milk,Pan-India,Veg,,Beverage,Medium,1 glass (200 ml),200,ml,92,6.4,9.8,3.0,0.0,9.8,90,High
D093,Milk - double toned (1.5% fat),Skimmed-ish milk,Milkshakes & Milk,Pan-India,Veg,,Beverage,Large,Large glass (300 ml),300,ml,138,9.6,14.7,4.5,0.0,14.7,135,High
D094,"Poha (kanda/Indori, with peanuts)","Aval, chivda poha",Breakfast - North & West,West,Veg,Yes,Breakfast,Small,Small plate,100,g,165,3.6,25.5,5.8,1.6,1.8,320,Medium
D094,"Poha (kanda/Indori, with peanuts)","Aval, chivda poha",Breakfast - North & West,West,Veg,Yes,Breakfast,Medium,1 plate,175,g,289,6.3,44.6,10.2,2.8,3.1,560,Medium
D094,"Poha (kanda/Indori, with peanuts)","Aval, chivda poha",Breakfast - North & West,West,Veg,Yes,Breakfast,Large,Large plate,250,g,413,9.0,63.8,14.5,4.0,4.5,800,Medium
D095,Upma (rava),"Uppittu, khara bath",Breakfast - North & West,South,Veg,,Breakfast,Small,Small plate,100,g,149,3.5,22.0,5.5,1.2,1.0,330,High
D095,Upma (rava),"Uppittu, khara bath",Breakfast - North & West,South,Veg,,Breakfast,Medium,1 plate,175,g,261,6.1,38.5,9.6,2.1,1.8,578,High
D095,Upma (rava),"Uppittu, khara bath",Breakfast - North & West,South,Veg,,Breakfast,Large,Large plate,250,g,373,8.8,55.0,13.8,3.0,2.5,825,High
D096,Vegetable upma,,Breakfast - North & West,South,Veg,,Breakfast,Small,Small plate,100,g,137,3.3,20.0,5.2,1.6,1.5,330,High
D096,Vegetable upma,,Breakfast - North & West,South,Veg,,Breakfast,Medium,1 plate,175,g,239,5.8,35.0,9.1,2.8,2.6,578,High
D096,Vegetable upma,,Breakfast - North & West,South,Veg,,Breakfast,Large,Large plate,250,g,342,8.2,50.0,13.0,4.0,3.8,825,High
D097,Sabudana khichdi,Sago khichdi,Breakfast - North & West,West,Veg,,Breakfast,Small,Small plate,100,g,204,2.5,32.0,7.5,1.0,1.0,280,High
D097,Sabudana khichdi,Sago khichdi,Breakfast - North & West,West,Veg,,Breakfast,Medium,1 plate,175,g,356,4.4,56.0,13.1,1.8,1.8,490,High
D097,Sabudana khichdi,Sago khichdi,Breakfast - North & West,West,Veg,,Breakfast,Large,Large plate,250,g,509,6.2,80.0,18.8,2.5,2.5,700,High
D098,Daliya - namkeen (vegetable),Broken wheat upma,Breakfast - North & West,North,Veg,,Breakfast,Small,Small plate,100,g,102,3.2,18.0,2.5,2.8,1.5,280,Medium
D098,Daliya - namkeen (vegetable),Broken wheat upma,Breakfast - North & West,North,Veg,,Breakfast,Medium,1 plate,175,g,178,5.6,31.5,4.4,4.9,2.6,490,Medium
D098,Daliya - namkeen (vegetable),Broken wheat upma,Breakfast - North & West,North,Veg,,Breakfast,Large,Large plate,250,g,254,8.0,45.0,6.2,7.0,3.8,700,Medium
D099,Daliya - sweet (with milk),Meetha daliya,Breakfast - North & West,North,Veg,,Breakfast,Small,Small plate,100,g,98,3.5,16.0,2.5,1.5,7.5,30,High
D099,Daliya - sweet (with milk),Meetha daliya,Breakfast - North & West,North,Veg,,Breakfast,Medium,1 plate,175,g,171,6.1,28.0,4.4,2.6,13.1,52,High
D099,Daliya - sweet (with milk),Meetha daliya,Breakfast - North & West,North,Veg,,Breakfast,Large,Large plate,250,g,244,8.8,40.0,6.2,3.8,18.8,75,High
D100,Oats porridge (with milk & sugar),,Breakfast - North & West,Pan-India,Veg,,Breakfast,Small,Small plate,100,g,91,3.6,13.0,3.0,1.2,5.0,40,Medium
D100,Oats porridge (with milk & sugar),,Breakfast - North & West,Pan-India,Veg,,Breakfast,Medium,1 plate,175,g,159,6.3,22.8,5.2,2.1,8.8,70,Medium
D100,Oats porridge (with milk & sugar),,Breakfast - North & West,Pan-India,Veg,,Breakfast,Large,Large plate,250,g,228,9.0,32.5,7.5,3.0,12.5,100,Medium
D101,Masala oats,Savoury oats,Breakfast - North & West,Pan-India,Veg,,Breakfast,Small,Small plate,100,g,87,3.0,13.0,3.0,2.0,1.5,300,Medium
D101,Masala oats,Savoury oats,Breakfast - North & West,Pan-India,Veg,,Breakfast,Medium,1 plate,175,g,152,5.2,22.8,5.2,3.5,2.6,525,Medium
D101,Masala oats,Savoury oats,Breakfast - North & West,Pan-India,Veg,,Breakfast,Large,Large plate,250,g,218,7.5,32.5,7.5,5.0,3.8,750,Medium
D102,Besan chilla,"Besan cheela, gram flour pancake",Breakfast - North & West,North,Veg,Yes,Breakfast,Small,1 small chilla (~50 g),50,g,88,4.2,10.5,3.8,2.2,1.0,165,Medium
D102,Besan chilla,"Besan cheela, gram flour pancake",Breakfast - North & West,North,Veg,Yes,Breakfast,Medium,1 medium chilla (~75 g),75,g,132,6.4,15.8,5.6,3.4,1.5,248,Medium
D102,Besan chilla,"Besan cheela, gram flour pancake",Breakfast - North & West,North,Veg,Yes,Breakfast,Large,1 large chilla (~100 g),100,g,176,8.5,21.0,7.5,4.5,2.0,330,Medium
D103,Moong dal chilla,Moong dal cheela,Breakfast - North & West,North,Veg,Yes,Breakfast,Small,1 small chilla (~50 g),50,g,80,4.8,10.0,2.8,1.8,0.8,150,High
D103,Moong dal chilla,Moong dal cheela,Breakfast - North & West,North,Veg,Yes,Breakfast,Medium,1 medium chilla (~75 g),75,g,120,7.1,15.0,4.1,2.6,1.1,225,High
D103,Moong dal chilla,Moong dal cheela,Breakfast - North & West,North,Veg,Yes,Breakfast,Large,1 large chilla (~100 g),100,g,160,9.5,20.0,5.5,3.5,1.5,300,High
D104,Paneer stuffed chilla,,Breakfast - North & West,North,Veg,,Breakfast,Small,1 small chilla (~70 g),70,g,140,7.7,12.6,7.0,2.1,1.0,245,High
D104,Paneer stuffed chilla,,Breakfast - North & West,North,Veg,,Breakfast,Medium,1 medium chilla (~100 g),100,g,200,11.0,18.0,10.0,3.0,1.5,350,High
D104,Paneer stuffed chilla,,Breakfast - North & West,North,Veg,,Breakfast,Large,1 large chilla (~140 g),140,g,280,15.4,25.2,14.0,4.2,2.1,490,High
D105,Aloo paratha,Potato paratha,Breakfast - North & West,North,Veg,,Breakfast,Small,1 small paratha (~90 g),90,g,210,4.5,30.6,8.6,3.6,1.4,315,High
D105,Aloo paratha,Potato paratha,Breakfast - North & West,North,Veg,,Breakfast,Medium,1 medium paratha (~120 g),120,g,280,6.0,40.8,11.4,4.8,1.8,420,High
D105,Aloo paratha,Potato paratha,Breakfast - North & West,North,Veg,,Breakfast,Large,1 large paratha (~160 g),160,g,374,8.0,54.4,15.2,6.4,2.4,560,High
D106,Gobi paratha,Cauliflower paratha,Breakfast - North & West,North,Veg,,Breakfast,Small,1 small paratha (~90 g),90,g,194,4.5,27.9,8.1,4.0,1.8,306,Medium
D106,Gobi paratha,Cauliflower paratha,Breakfast - North & West,North,Veg,,Breakfast,Medium,1 medium paratha (~120 g),120,g,259,6.0,37.2,10.8,5.4,2.4,408,Medium
D106,Gobi paratha,Cauliflower paratha,Breakfast - North & West,North,Veg,,Breakfast,Large,1 large paratha (~160 g),160,g,346,8.0,49.6,14.4,7.2,3.2,544,Medium
D107,Paneer paratha,,Breakfast - North & West,North,Veg,,Breakfast,Small,1 small paratha (~90 g),90,g,231,8.1,27.0,10.8,3.1,1.4,306,High
D107,Paneer paratha,,Breakfast - North & West,North,Veg,,Breakfast,Medium,1 medium paratha (~120 g),120,g,308,10.8,36.0,14.4,4.2,1.8,408,High
D107,Paneer paratha,,Breakfast - North & West,North,Veg,,Breakfast,Large,1 large paratha (~160 g),160,g,411,14.4,48.0,19.2,5.6,2.4,544,High
D108,Mooli paratha,Radish paratha,Breakfast - North & West,North,Veg,,Breakfast,Small,1 small paratha (~90 g),90,g,190,4.3,27.9,7.7,4.0,1.8,297,High
D108,Mooli paratha,Radish paratha,Breakfast - North & West,North,Veg,,Breakfast,Medium,1 medium paratha (~120 g),120,g,253,5.8,37.2,10.2,5.4,2.4,396,High
D108,Mooli paratha,Radish paratha,Breakfast - North & West,North,Veg,,Breakfast,Large,1 large paratha (~160 g),160,g,337,7.7,49.6,13.6,7.2,3.2,528,High
D109,Methi paratha,Fenugreek paratha,Breakfast - North & West,North,Veg,,Breakfast,Small,1 small paratha (~50 g),50,g,121,3.0,18.0,4.8,2.8,0.5,165,Medium
D109,Methi paratha,Fenugreek paratha,Breakfast - North & West,North,Veg,,Breakfast,Medium,1 medium paratha (~70 g),70,g,170,4.2,25.2,6.6,3.8,0.7,231,Medium
D109,Methi paratha,Fenugreek paratha,Breakfast - North & West,North,Veg,,Breakfast,Large,1 large paratha (~90 g),90,g,218,5.4,32.4,8.6,5.0,0.9,297,Medium
D110,Pyaaz paratha,Onion paratha,Breakfast - North & West,North,Veg,,Breakfast,Small,1 small paratha (~80 g),80,g,191,4.4,28.0,7.6,3.6,2.4,264,Medium
D110,Pyaaz paratha,Onion paratha,Breakfast - North & West,North,Veg,,Breakfast,Medium,1 medium paratha (~110 g),110,g,262,6.1,38.5,10.5,5.0,3.3,363,Medium
D110,Pyaaz paratha,Onion paratha,Breakfast - North & West,North,Veg,,Breakfast,Large,1 large paratha (~140 g),140,g,334,7.7,49.0,13.3,6.3,4.2,462,Medium
D111,Plain paratha (tawa),Sada paratha,Breakfast - North & West,North,Veg,,Breakfast,Small,1 small paratha (~45 g),45,g,137,3.1,19.8,5.6,2.5,0.5,135,High
D111,Plain paratha (tawa),Sada paratha,Breakfast - North & West,North,Veg,,Breakfast,Medium,1 medium paratha (~60 g),60,g,183,4.2,26.4,7.5,3.3,0.6,180,High
D111,Plain paratha (tawa),Sada paratha,Breakfast - North & West,North,Veg,,Breakfast,Large,1 large paratha (~80 g),80,g,244,5.6,35.2,10.0,4.4,0.8,240,High
D112,Thepla (methi),Methi thepla,Breakfast - North & West,West,Veg,,Breakfast,Small,1 small thepla (~30 g),30,g,88,2.2,12.6,3.6,1.6,0.4,105,High
D112,Thepla (methi),Methi thepla,Breakfast - North & West,West,Veg,,Breakfast,Medium,1 medium thepla (~40 g),40,g,118,3.0,16.8,4.8,2.2,0.6,140,High
D112,Thepla (methi),Methi thepla,Breakfast - North & West,West,Veg,,Breakfast,Large,1 large thepla (~55 g),55,g,162,4.1,23.1,6.6,3.0,0.8,193,High
D113,Thalipeeth,Multigrain flatbread,Breakfast - North & West,West,Veg,Yes,Breakfast,Small,1 small thalipeeth (~60 g),60,g,156,4.8,24.0,5.4,3.9,0.9,210,Medium
D113,Thalipeeth,Multigrain flatbread,Breakfast - North & West,West,Veg,Yes,Breakfast,Medium,1 medium thalipeeth (~80 g),80,g,208,6.4,32.0,7.2,5.2,1.2,280,Medium
D113,Thalipeeth,Multigrain flatbread,Breakfast - North & West,West,Veg,Yes,Breakfast,Large,1 large thalipeeth (~100 g),100,g,260,8.0,40.0,9.0,6.5,1.5,350,Medium
D114,Masala omelette (2 eggs),Egg omelette,Breakfast - North & West,Pan-India,Egg,,Breakfast,Small,1-egg omelette (~70 g),70,g,119,7.0,2.1,9.2,0.4,1.0,266,Medium
D114,Masala omelette (2 eggs),Egg omelette,Breakfast - North & West,Pan-India,Egg,,Breakfast,Medium,2-egg omelette (~125 g),125,g,212,12.5,3.8,16.5,0.8,1.9,475,Medium
D114,Masala omelette (2 eggs),Egg omelette,Breakfast - North & West,Pan-India,Egg,,Breakfast,Large,3-egg omelette (~185 g),185,g,314,18.5,5.6,24.4,1.1,2.8,703,Medium
D115,Bread omelette,Street bread omelette,Breakfast - North & West,Pan-India,Egg,,Breakfast,Small,1 egg + 1 slice,110,g,241,11.0,20.4,13.2,1.4,2.8,495,Medium
D115,Bread omelette,Street bread omelette,Breakfast - North & West,Pan-India,Egg,,Breakfast,Medium,2 eggs + 2 slices,180,g,395,18.0,33.3,21.6,2.3,4.5,810,Medium
D115,Bread omelette,Street bread omelette,Breakfast - North & West,Pan-India,Egg,,Breakfast,Large,3 eggs + 3 slices,260,g,570,26.0,48.1,31.2,3.4,6.5,1170,Medium
D116,Bread butter toast,Butter toast,Breakfast - North & West,Pan-India,Veg,,Breakfast,Small,1 slice + 5 g butter,30,g,98,2.1,12.3,4.6,0.7,1.3,144,Medium
D116,Bread butter toast,Butter toast,Breakfast - North & West,Pan-India,Veg,,Breakfast,Medium,2 slices + 10 g butter,60,g,196,4.2,24.6,9.3,1.3,2.5,288,Medium
D116,Bread butter toast,Butter toast,Breakfast - North & West,Pan-India,Veg,,Breakfast,Large,3 slices + 15 g butter,90,g,294,6.3,36.9,14.0,2.0,3.8,432,Medium
D117,Veg sandwich (Bombay style),Vegetable sandwich,Breakfast - North & West,West,Veg,,Breakfast,Small,1 small sandwich (~100 g),100,g,190,5.0,27.0,7.5,2.8,3.5,420,Medium
D117,Veg sandwich (Bombay style),Vegetable sandwich,Breakfast - North & West,West,Veg,,Breakfast,Medium,1 medium sandwich (~140 g),140,g,266,7.0,37.8,10.5,3.9,4.9,588,Medium
D117,Veg sandwich (Bombay style),Vegetable sandwich,Breakfast - North & West,West,Veg,,Breakfast,Large,1 large sandwich (~200 g),200,g,380,10.0,54.0,15.0,5.6,7.0,840,Medium
D118,Veg grilled cheese sandwich,Bombay grilled sandwich,Breakfast - North & West,West,Veg,,Breakfast,Small,1 small sandwich (~110 g),110,g,253,8.8,28.6,12.1,2.8,3.9,605,Medium
D118,Veg grilled cheese sandwich,Bombay grilled sandwich,Breakfast - North & West,West,Veg,,Breakfast,Medium,1 medium sandwich (~160 g),160,g,368,12.8,41.6,17.6,4.0,5.6,880,Medium
D118,Veg grilled cheese sandwich,Bombay grilled sandwich,Breakfast - North & West,West,Veg,,Breakfast,Large,1 large sandwich (~220 g),220,g,506,17.6,57.2,24.2,5.5,7.7,1210,Medium
D119,Cheese sandwich (grilled),Cheese toast sandwich,Breakfast - North & West,Pan-India,Veg,,Breakfast,Small,1 small sandwich (~90 g),90,g,233,8.6,24.3,11.7,1.8,3.1,540,High
D119,Cheese sandwich (grilled),Cheese toast sandwich,Breakfast - North & West,Pan-India,Veg,,Breakfast,Medium,1 medium sandwich (~130 g),130,g,337,12.3,35.1,16.9,2.6,4.5,780,High
D119,Cheese sandwich (grilled),Cheese toast sandwich,Breakfast - North & West,Pan-India,Veg,,Breakfast,Large,1 large sandwich (~180 g),180,g,466,17.1,48.6,23.4,3.6,6.3,1080,High
D120,Egg sandwich,Anda sandwich,Breakfast - North & West,Pan-India,Egg,,Breakfast,Small,1 small sandwich (~100 g),100,g,216,8.5,24.0,10.0,1.8,3.0,450,Medium
D120,Egg sandwich,Anda sandwich,Breakfast - North & West,Pan-India,Egg,,Breakfast,Medium,1 medium sandwich (~140 g),140,g,303,11.9,33.6,14.0,2.5,4.2,630,Medium
D120,Egg sandwich,Anda sandwich,Breakfast - North & West,Pan-India,Egg,,Breakfast,Large,1 large sandwich (~200 g),200,g,433,17.0,48.0,20.0,3.6,6.0,900,Medium
D121,Chicken sandwich,,Breakfast - North & West,Pan-India,Non-Veg,,Breakfast,Small,1 small sandwich (~100 g),100,g,218,12.0,23.0,9.0,1.6,3.0,480,High
D121,Chicken sandwich,,Breakfast - North & West,Pan-India,Non-Veg,,Breakfast,Medium,1 medium sandwich (~150 g),150,g,327,18.0,34.5,13.5,2.4,4.5,720,High
D121,Chicken sandwich,,Breakfast - North & West,Pan-India,Non-Veg,,Breakfast,Large,1 large sandwich (~200 g),200,g,436,24.0,46.0,18.0,3.2,6.0,960,High
D122,"Poori (wheat, deep fried)",Puri,Breakfast - North & West,North,Veg,Yes,Breakfast,Small,1 small poori (~20 g),20,g,65,1.5,8.4,3.0,1.0,0.2,56,Medium
D122,"Poori (wheat, deep fried)",Puri,Breakfast - North & West,North,Veg,Yes,Breakfast,Medium,1 medium poori (~30 g),30,g,97,2.2,12.6,4.5,1.5,0.3,84,Medium
D122,"Poori (wheat, deep fried)",Puri,Breakfast - North & West,North,Veg,Yes,Breakfast,Large,1 large poori (~40 g),40,g,129,3.0,16.8,6.0,2.0,0.4,112,Medium
D123,Bedmi poori,Bedmi puri,Breakfast - North & West,North,Veg,Yes,Breakfast,Small,1 small poori (~30 g),30,g,98,2.4,12.0,4.8,1.5,0.3,114,Medium
D123,Bedmi poori,Bedmi puri,Breakfast - North & West,North,Veg,Yes,Breakfast,Medium,1 medium poori (~45 g),45,g,147,3.6,18.0,7.2,2.2,0.5,171,Medium
D123,Bedmi poori,Bedmi puri,Breakfast - North & West,North,Veg,Yes,Breakfast,Large,1 large poori (~60 g),60,g,196,4.8,24.0,9.6,3.0,0.6,228,Medium
D124,"Litti (baked, ghee-dipped)",Litti,Breakfast - North & West,East,Veg,,Breakfast,Small,1 small litti (~50 g),50,g,146,4.5,22.5,5.0,3.5,0.8,150,Medium
D124,"Litti (baked, ghee-dipped)",Litti,Breakfast - North & West,East,Veg,,Breakfast,Medium,1 medium litti (~75 g),75,g,219,6.8,33.8,7.5,5.2,1.1,225,Medium
D124,"Litti (baked, ghee-dipped)",Litti,Breakfast - North & West,East,Veg,,Breakfast,Large,1 large litti (~100 g),100,g,292,9.0,45.0,10.0,7.0,1.5,300,Medium
D125,Chokha (baingan-aloo-tomato),,Breakfast - North & West,East,Veg,Yes,Main,Small,½ katori,75,g,62,1.4,8.2,3.0,1.9,2.6,262,Medium
D125,Chokha (baingan-aloo-tomato),,Breakfast - North & West,East,Veg,Yes,Main,Medium,¾ katori (1 serving),100,g,82,1.8,11.0,4.0,2.5,3.5,350,Medium
D125,Chokha (baingan-aloo-tomato),,Breakfast - North & West,East,Veg,Yes,Main,Large,1 katori heaped,150,g,123,2.7,16.5,6.0,3.8,5.2,525,Medium
D125,Chokha (baingan-aloo-tomato),,Breakfast - North & West,East,Veg,Yes,Main,Half plate,Restaurant half,200,g,164,3.6,22.0,8.0,5.0,7.0,700,Medium
D125,Chokha (baingan-aloo-tomato),,Breakfast - North & West,East,Veg,Yes,Main,Full plate,Restaurant full,400,g,329,7.2,44.0,16.0,10.0,14.0,1400,Medium
D126,Puran poli,"Holige, obbattu",Breakfast - North & West,West,Veg,,Breakfast,Small,1 small puran poli (~60 g),60,g,197,4.2,33.0,6.0,3.0,10.8,60,High
D126,Puran poli,"Holige, obbattu",Breakfast - North & West,West,Veg,,Breakfast,Medium,1 medium puran poli (~80 g),80,g,262,5.6,44.0,8.0,4.0,14.4,80,High
D126,Puran poli,"Holige, obbattu",Breakfast - North & West,West,Veg,,Breakfast,Large,1 large puran poli (~100 g),100,g,328,7.0,55.0,10.0,5.0,18.0,100,High
D127,"Misal (usal + farsan, without pav)",Misal,Breakfast - North & West,West,Veg,Yes,Breakfast,Small,Small bowl,150,g,268,10.5,30.0,13.5,7.5,3.8,630,Medium
D127,"Misal (usal + farsan, without pav)",Misal,Breakfast - North & West,West,Veg,Yes,Breakfast,Medium,1 bowl,200,g,358,14.0,40.0,18.0,10.0,5.0,840,Medium
D127,"Misal (usal + farsan, without pav)",Misal,Breakfast - North & West,West,Veg,Yes,Breakfast,Large,Large bowl,250,g,448,17.5,50.0,22.5,12.5,6.2,1050,Medium
D128,"Kachori (khasta, dal)",Khasta kachori,Breakfast - North & West,North,Veg,Yes,Snack,Small,1 small kachori (~40 g),40,g,155,3.0,16.8,8.8,1.8,0.8,180,Medium
D128,"Kachori (khasta, dal)",Khasta kachori,Breakfast - North & West,North,Veg,Yes,Snack,Medium,1 medium kachori (~60 g),60,g,232,4.5,25.2,13.2,2.7,1.2,270,Medium
D128,"Kachori (khasta, dal)",Khasta kachori,Breakfast - North & West,North,Veg,Yes,Snack,Large,1 large kachori (~80 g),80,g,310,6.0,33.6,17.6,3.6,1.6,360,Medium
D129,Pyaaz kachori,Onion kachori,Breakfast - North & West,West,Veg,Yes,Snack,Small,1 small kachori (~60 g),60,g,230,3.6,24.0,13.8,2.1,1.8,288,Medium
D129,Pyaaz kachori,Onion kachori,Breakfast - North & West,West,Veg,Yes,Snack,Medium,1 medium kachori (~80 g),80,g,307,4.8,32.0,18.4,2.8,2.4,384,Medium
D129,Pyaaz kachori,Onion kachori,Breakfast - North & West,West,Veg,Yes,Snack,Large,1 large kachori (~100 g),100,g,384,6.0,40.0,23.0,3.5,3.0,480,Medium
D130,Matar kachori,Peas kachori,Breakfast - North & West,North,Veg,Yes,Snack,Small,1 small kachori (~30 g),30,g,105,1.9,11.4,6.0,1.3,0.6,126,Medium
D130,Matar kachori,Peas kachori,Breakfast - North & West,North,Veg,Yes,Snack,Medium,1 medium kachori (~45 g),45,g,157,2.9,17.1,9.0,2.0,0.9,189,Medium
D130,Matar kachori,Peas kachori,Breakfast - North & West,North,Veg,Yes,Snack,Large,1 large kachori (~60 g),60,g,209,3.9,22.8,12.0,2.7,1.2,252,Medium
D131,Dhokla (khaman),Khaman dhokla,Breakfast - North & West,West,Veg,,Breakfast,Small,1 small piece (~25 g),25,g,38,1.5,5.8,1.1,0.4,1.5,125,Medium
D131,Dhokla (khaman),Khaman dhokla,Breakfast - North & West,West,Veg,,Breakfast,Medium,1 medium piece (~40 g),40,g,61,2.4,9.2,1.8,0.6,2.4,200,Medium
D131,Dhokla (khaman),Khaman dhokla,Breakfast - North & West,West,Veg,,Breakfast,Large,1 large piece (~60 g),60,g,92,3.6,13.8,2.7,0.9,3.6,300,Medium
D132,Rava dhokla,Sooji dhokla,Breakfast - North & West,West,Veg,,Breakfast,Small,1 small piece (~25 g),25,g,41,1.1,6.5,1.2,0.2,0.8,112,High
D132,Rava dhokla,Sooji dhokla,Breakfast - North & West,West,Veg,,Breakfast,Medium,1 medium piece (~40 g),40,g,66,1.8,10.4,2.0,0.4,1.2,180,High
D132,Rava dhokla,Sooji dhokla,Breakfast - North & West,West,Veg,,Breakfast,Large,1 large piece (~60 g),60,g,99,2.7,15.6,3.0,0.6,1.8,270,High
D133,Khandvi,,Breakfast - North & West,West,Veg,,Snack,Small,~3 rolls,50,g,84,3.5,9.0,4.0,1.2,1.2,225,Medium
D133,Khandvi,,Breakfast - North & West,West,Veg,,Snack,Medium,~6 rolls,100,g,167,7.0,18.0,8.0,2.5,2.5,450,Medium
D133,Khandvi,,Breakfast - North & West,West,Veg,,Snack,Large,~9 rolls,150,g,250,10.5,27.0,12.0,3.8,3.8,675,Medium
D134,Handvo,Gujarati handvo,Breakfast - North & West,West,Veg,,Breakfast,Small,1 small slice (~60 g),60,g,121,4.2,15.0,5.4,2.1,1.8,240,Medium
D134,Handvo,Gujarati handvo,Breakfast - North & West,West,Veg,,Breakfast,Medium,1 medium slice (~100 g),100,g,202,7.0,25.0,9.0,3.5,3.0,400,Medium
D134,Handvo,Gujarati handvo,Breakfast - North & West,West,Veg,,Breakfast,Large,1 large slice (~150 g),150,g,303,10.5,37.5,13.5,5.2,4.5,600,Medium
D135,Khakhra (plain/methi),Khakra,Breakfast - North & West,West,Veg,Yes,Snack,Small,1 small khakhra (~15 g),15,g,59,1.6,9.3,1.9,1.3,0.3,120,Medium
D135,Khakhra (plain/methi),Khakra,Breakfast - North & West,West,Veg,Yes,Snack,Medium,1 medium khakhra (~20 g),20,g,78,2.2,12.4,2.6,1.8,0.4,160,Medium
D135,Khakhra (plain/methi),Khakra,Breakfast - North & West,West,Veg,Yes,Snack,Large,1 large khakhra (~30 g),30,g,117,3.3,18.6,3.9,2.7,0.6,240,Medium
D136,Fafda,,Breakfast - North & West,West,Veg,Yes,Snack,Small,2-3 strips,25,g,116,3.0,10.0,7.5,1.5,0.4,175,Medium
D136,Fafda,,Breakfast - North & West,West,Veg,Yes,Snack,Medium,5 strips,50,g,233,6.0,20.0,15.0,3.0,0.8,350,Medium
D136,Fafda,,Breakfast - North & West,West,Veg,Yes,Snack,Large,1 plate,100,g,466,12.0,40.0,30.0,6.0,1.5,700,Medium
D137,Bun maska,Irani bun maska,Breakfast - North & West,West,Veg,,Breakfast,Small,1 small bun (~60 g),60,g,205,4.5,27.0,9.0,1.1,5.4,270,Medium
D137,Bun maska,Irani bun maska,Breakfast - North & West,West,Veg,,Breakfast,Medium,1 medium bun (~80 g),80,g,273,6.0,36.0,12.0,1.4,7.2,360,Medium
D137,Bun maska,Irani bun maska,Breakfast - North & West,West,Veg,,Breakfast,Large,1 large bun (~100 g),100,g,341,7.5,45.0,15.0,1.8,9.0,450,Medium
D138,Idli,Plain idli,Breakfast - South,South,Veg,Yes,Breakfast,Small,1 small idli (~30 g),30,g,40,1.3,8.5,0.1,0.4,0.1,75,High
D138,Idli,Plain idli,Breakfast - South,South,Veg,Yes,Breakfast,Medium,1 medium idli (~40 g),40,g,53,1.7,11.4,0.2,0.6,0.1,100,High
D138,Idli,Plain idli,Breakfast - South,South,Veg,Yes,Breakfast,Large,1 large idli (~55 g),55,g,73,2.3,15.7,0.3,0.8,0.1,138,High
D139,Rava idli,Sooji idli,Breakfast - South,South,Veg,,Breakfast,Small,1 small idli (~40 g),40,g,71,1.8,10.4,2.6,0.5,0.6,140,High
D139,Rava idli,Sooji idli,Breakfast - South,South,Veg,,Breakfast,Medium,1 medium idli (~55 g),55,g,98,2.5,14.3,3.6,0.7,0.8,193,High
D139,Rava idli,Sooji idli,Breakfast - South,South,Veg,,Breakfast,Large,1 large idli (~70 g),70,g,125,3.1,18.2,4.5,0.8,1.0,245,High
D140,Mini ghee podi idli,Podi idli,Breakfast - South,South,Veg,,Breakfast,Small,~5 mini idli,60,g,107,3.0,16.2,3.6,1.3,0.3,210,Medium
D140,Mini ghee podi idli,Podi idli,Breakfast - South,South,Veg,,Breakfast,Medium,~8 mini idli,100,g,178,5.0,27.0,6.0,2.2,0.5,350,Medium
D140,Mini ghee podi idli,Podi idli,Breakfast - South,South,Veg,,Breakfast,Large,~12 mini idli,150,g,266,7.5,40.5,9.0,3.3,0.8,525,Medium
D141,Plain dosa,Sada dosa,Breakfast - South,South,Veg,Yes,Breakfast,Small,1 small dosa (~60 g),60,g,104,2.3,17.4,3.0,0.8,0.3,168,Medium
D141,Plain dosa,Sada dosa,Breakfast - South,South,Veg,Yes,Breakfast,Medium,1 medium dosa (~85 g),85,g,148,3.3,24.6,4.2,1.1,0.4,238,Medium
D141,Plain dosa,Sada dosa,Breakfast - South,South,Veg,Yes,Breakfast,Large,1 large dosa (~120 g),120,g,209,4.7,34.8,6.0,1.6,0.6,336,Medium
D142,Paper dosa,Paper roast,Breakfast - South,South,Veg,Yes,Breakfast,Small,1 small dosa (~70 g),70,g,131,2.7,21.0,4.2,0.9,0.3,196,Medium
D142,Paper dosa,Paper roast,Breakfast - South,South,Veg,Yes,Breakfast,Medium,1 medium dosa (~100 g),100,g,187,3.9,30.0,6.0,1.3,0.5,280,Medium
D142,Paper dosa,Paper roast,Breakfast - South,South,Veg,Yes,Breakfast,Large,1 large dosa (~140 g),140,g,262,5.5,42.0,8.4,1.8,0.7,392,Medium
D143,Masala dosa,,Breakfast - South,South,Veg,Yes,Breakfast,Small,1 small dosa (~120 g),120,g,202,4.3,31.2,7.2,2.4,1.2,396,High
D143,Masala dosa,,Breakfast - South,South,Veg,Yes,Breakfast,Medium,1 medium dosa (~170 g),170,g,286,6.1,44.2,10.2,3.4,1.7,561,High
D143,Masala dosa,,Breakfast - South,South,Veg,Yes,Breakfast,Large,1 large dosa (~230 g),230,g,387,8.3,59.8,13.8,4.6,2.3,759,High
D144,Ghee roast dosa,,Breakfast - South,South,Veg,,Breakfast,Small,1 small dosa (~70 g),70,g,157,2.7,19.6,7.7,0.8,0.3,196,Medium
D144,Ghee roast dosa,,Breakfast - South,South,Veg,,Breakfast,Medium,1 medium dosa (~100 g),100,g,224,3.8,28.0,11.0,1.2,0.5,280,Medium
D144,Ghee roast dosa,,Breakfast - South,South,Veg,,Breakfast,Large,1 large dosa (~140 g),140,g,313,5.3,39.2,15.4,1.7,0.7,392,Medium
D145,Mysore masala dosa,,Breakfast - South,South,Veg,,Breakfast,Small,1 small dosa (~130 g),130,g,249,4.9,33.8,11.1,2.9,2.0,494,Medium
D145,Mysore masala dosa,,Breakfast - South,South,Veg,,Breakfast,Medium,1 medium dosa (~180 g),180,g,344,6.8,46.8,15.3,4.0,2.7,684,Medium
D145,Mysore masala dosa,,Breakfast - South,South,Veg,,Breakfast,Large,1 large dosa (~240 g),240,g,459,9.1,62.4,20.4,5.3,3.6,912,Medium
D146,Rava dosa,Sooji dosa,Breakfast - South,South,Veg,Yes,Breakfast,Small,1 small dosa (~70 g),70,g,150,2.7,21.0,6.3,0.8,0.3,231,High
D146,Rava dosa,Sooji dosa,Breakfast - South,South,Veg,Yes,Breakfast,Medium,1 medium dosa (~100 g),100,g,214,3.8,30.0,9.0,1.2,0.5,330,High
D146,Rava dosa,Sooji dosa,Breakfast - South,South,Veg,Yes,Breakfast,Large,1 large dosa (~130 g),130,g,278,4.9,39.0,11.7,1.6,0.7,429,High
D147,Onion rava dosa,,Breakfast - South,South,Veg,Yes,Breakfast,Small,1 small dosa (~80 g),80,g,167,3.0,23.2,7.2,1.3,1.2,264,Medium
D147,Onion rava dosa,,Breakfast - South,South,Veg,Yes,Breakfast,Medium,1 medium dosa (~110 g),110,g,229,4.1,31.9,9.9,1.8,1.7,363,Medium
D147,Onion rava dosa,,Breakfast - South,South,Veg,Yes,Breakfast,Large,1 large dosa (~140 g),140,g,292,5.2,40.6,12.6,2.2,2.1,462,Medium
D148,Set dosa,Sponge dosa,Breakfast - South,South,Veg,Yes,Breakfast,Small,1 small dosa (~40 g),40,g,68,1.6,12.0,1.6,0.5,0.6,120,Medium
D148,Set dosa,Sponge dosa,Breakfast - South,South,Veg,Yes,Breakfast,Medium,1 medium dosa (~55 g),55,g,93,2.2,16.5,2.2,0.7,0.8,165,Medium
D148,Set dosa,Sponge dosa,Breakfast - South,South,Veg,Yes,Breakfast,Large,1 large dosa (~70 g),70,g,119,2.8,21.0,2.8,0.8,1.0,210,Medium
D149,Neer dosa,,Breakfast - South,South,Veg,Yes,Breakfast,Small,1 small dosa (~40 g),40,g,53,1.0,10.0,1.0,0.2,0.0,80,Medium
D149,Neer dosa,,Breakfast - South,South,Veg,Yes,Breakfast,Medium,1 medium dosa (~50 g),50,g,66,1.2,12.5,1.2,0.2,0.1,100,Medium
D149,Neer dosa,,Breakfast - South,South,Veg,Yes,Breakfast,Large,1 large dosa (~65 g),65,g,85,1.6,16.2,1.6,0.3,0.1,130,Medium
D150,Cheese dosa,,Breakfast - South,South,Veg,,Breakfast,Small,1 small dosa (~100 g),100,g,214,6.5,25.0,10.0,1.0,1.0,450,Medium
D150,Cheese dosa,,Breakfast - South,South,Veg,,Breakfast,Medium,1 medium dosa (~140 g),140,g,300,9.1,35.0,14.0,1.4,1.4,630,Medium
D150,Cheese dosa,,Breakfast - South,South,Veg,,Breakfast,Large,1 large dosa (~180 g),180,g,385,11.7,45.0,18.0,1.8,1.8,810,Medium
D151,Paneer dosa,,Breakfast - South,South,Veg,,Breakfast,Small,1 small dosa (~120 g),120,g,243,8.4,27.6,11.4,1.8,1.8,456,High
D151,Paneer dosa,,Breakfast - South,South,Veg,,Breakfast,Medium,1 medium dosa (~170 g),170,g,344,11.9,39.1,16.1,2.5,2.5,646,High
D151,Paneer dosa,,Breakfast - South,South,Veg,,Breakfast,Large,1 large dosa (~220 g),220,g,446,15.4,50.6,20.9,3.3,3.3,836,High
D152,Egg dosa,Mutta dosa,Breakfast - South,South,Egg,,Breakfast,Small,1 small dosa (~90 g),90,g,154,5.9,18.0,6.8,0.9,0.5,297,Medium
D152,Egg dosa,Mutta dosa,Breakfast - South,South,Egg,,Breakfast,Medium,1 medium dosa (~120 g),120,g,206,7.8,24.0,9.0,1.2,0.6,396,Medium
D152,Egg dosa,Mutta dosa,Breakfast - South,South,Egg,,Breakfast,Large,1 large dosa (~160 g),160,g,274,10.4,32.0,12.0,1.6,0.8,528,Medium
D153,Pesarattu (green moong dosa),Moong dosa,Breakfast - South,South,Veg,Yes,Breakfast,Small,1 small dosa (~70 g),70,g,110,5.6,15.4,3.5,2.8,0.7,210,Medium
D153,Pesarattu (green moong dosa),Moong dosa,Breakfast - South,South,Veg,Yes,Breakfast,Medium,1 medium dosa (~100 g),100,g,157,8.0,22.0,5.0,4.0,1.0,300,Medium
D153,Pesarattu (green moong dosa),Moong dosa,Breakfast - South,South,Veg,Yes,Breakfast,Large,1 large dosa (~130 g),130,g,204,10.4,28.6,6.5,5.2,1.3,390,Medium
D154,Adai (mixed dal dosa),,Breakfast - South,South,Veg,Yes,Breakfast,Small,1 small adai (~70 g),70,g,128,5.6,17.5,4.5,2.8,0.7,224,Medium
D154,Adai (mixed dal dosa),,Breakfast - South,South,Veg,Yes,Breakfast,Medium,1 medium adai (~100 g),100,g,182,8.0,25.0,6.5,4.0,1.0,320,Medium
D154,Adai (mixed dal dosa),,Breakfast - South,South,Veg,Yes,Breakfast,Large,1 large adai (~130 g),130,g,237,10.4,32.5,8.5,5.2,1.3,416,Medium
D155,Ragi dosa,Finger millet dosa,Breakfast - South,South,Veg,Yes,Breakfast,Small,1 small dosa (~60 g),60,g,92,2.1,15.6,2.7,1.8,0.3,168,Medium
D155,Ragi dosa,Finger millet dosa,Breakfast - South,South,Veg,Yes,Breakfast,Medium,1 medium dosa (~85 g),85,g,130,3.0,22.1,3.8,2.5,0.4,238,Medium
D155,Ragi dosa,Finger millet dosa,Breakfast - South,South,Veg,Yes,Breakfast,Large,1 large dosa (~110 g),110,g,168,3.9,28.6,5.0,3.3,0.6,308,Medium
D156,Uttapam (onion/vegetable),Uthappam,Breakfast - South,South,Veg,Yes,Breakfast,Small,1 small uttapam (~100 g),100,g,174,4.0,27.0,6.0,1.8,1.5,320,Medium
D156,Uttapam (onion/vegetable),Uthappam,Breakfast - South,South,Veg,Yes,Breakfast,Medium,1 medium uttapam (~140 g),140,g,244,5.6,37.8,8.4,2.5,2.1,448,Medium
D156,Uttapam (onion/vegetable),Uthappam,Breakfast - South,South,Veg,Yes,Breakfast,Large,1 large uttapam (~180 g),180,g,314,7.2,48.6,10.8,3.2,2.7,576,Medium
D157,Appam,Palappam,Breakfast - South,South,Veg,Yes,Breakfast,Small,1 small appam (~50 g),50,g,78,1.4,15.0,1.5,0.4,1.2,75,Medium
D157,Appam,Palappam,Breakfast - South,South,Veg,Yes,Breakfast,Medium,1 medium appam (~70 g),70,g,110,2.0,21.0,2.1,0.6,1.8,105,Medium
D157,Appam,Palappam,Breakfast - South,South,Veg,Yes,Breakfast,Large,1 large appam (~90 g),90,g,141,2.5,27.0,2.7,0.7,2.2,135,Medium
D158,Idiyappam,"String hoppers, nool puttu",Breakfast - South,South,Veg,Yes,Breakfast,Small,1 small idiyappam (~30 g),30,g,37,0.8,8.4,0.1,0.2,0.0,30,Medium
D158,Idiyappam,"String hoppers, nool puttu",Breakfast - South,South,Veg,Yes,Breakfast,Medium,1 medium idiyappam (~40 g),40,g,50,1.0,11.2,0.2,0.2,0.0,40,Medium
D158,Idiyappam,"String hoppers, nool puttu",Breakfast - South,South,Veg,Yes,Breakfast,Large,1 large idiyappam (~55 g),55,g,68,1.4,15.4,0.2,0.3,0.1,55,Medium
D159,"Puttu (rice, with coconut)",Ari puttu,Breakfast - South,South,Veg,Yes,Breakfast,Small,1 small cylinder,100,g,168,3.0,32.0,3.5,1.5,0.5,150,Medium
D159,"Puttu (rice, with coconut)",Ari puttu,Breakfast - South,South,Veg,Yes,Breakfast,Medium,1 cylinder,150,g,253,4.5,48.0,5.2,2.2,0.8,225,Medium
D159,"Puttu (rice, with coconut)",Ari puttu,Breakfast - South,South,Veg,Yes,Breakfast,Large,1 large cylinder,200,g,337,6.0,64.0,7.0,3.0,1.0,300,Medium
D160,Kerala parotta,"Malabar parotta, porotta",Breakfast - South,South,Veg,Yes,Main,Small,1 small parotta (~70 g),70,g,239,5.2,31.5,10.5,1.3,1.4,315,Medium
D160,Kerala parotta,"Malabar parotta, porotta",Breakfast - South,South,Veg,Yes,Main,Medium,1 medium parotta (~90 g),90,g,307,6.8,40.5,13.5,1.6,1.8,405,Medium
D160,Kerala parotta,"Malabar parotta, porotta",Breakfast - South,South,Veg,Yes,Main,Large,1 large parotta (~120 g),120,g,410,9.0,54.0,18.0,2.2,2.4,540,Medium
D161,Medu vada,"Uzhunnu vada, ulundu vadai",Breakfast - South,South,Veg,Yes,Breakfast,Small,1 small vada (~35 g),35,g,98,3.5,8.4,5.9,1.6,0.2,133,Medium
D161,Medu vada,"Uzhunnu vada, ulundu vadai",Breakfast - South,South,Veg,Yes,Breakfast,Medium,1 medium vada (~50 g),50,g,140,5.0,12.0,8.5,2.2,0.2,190,Medium
D161,Medu vada,"Uzhunnu vada, ulundu vadai",Breakfast - South,South,Veg,Yes,Breakfast,Large,1 large vada (~70 g),70,g,196,7.0,16.8,11.9,3.1,0.3,266,Medium
D162,Sambar vada (vada soaked in sambar),Sambar vadai,Breakfast - South,South,Veg,Yes,Breakfast,Small,1 vada + sambar,150,g,208,8.2,22.5,10.5,4.5,2.2,525,Medium
D162,Sambar vada (vada soaked in sambar),Sambar vadai,Breakfast - South,South,Veg,Yes,Breakfast,Medium,2 vada + sambar,250,g,348,13.8,37.5,17.5,7.5,3.8,875,Medium
D162,Sambar vada (vada soaked in sambar),Sambar vadai,Breakfast - South,South,Veg,Yes,Breakfast,Large,3 vada + sambar,350,g,486,19.2,52.5,24.5,10.5,5.2,1225,Medium
D163,Masala vada (chana dal),"Paruppu vadai, ambode",Breakfast - South,South,Veg,Yes,Snack,Small,1 small vada (~25 g),25,g,74,2.8,7.5,4.0,1.8,0.4,100,Medium
D163,Masala vada (chana dal),"Paruppu vadai, ambode",Breakfast - South,South,Veg,Yes,Snack,Medium,1 medium vada (~40 g),40,g,118,4.4,12.0,6.4,2.8,0.6,160,Medium
D163,Masala vada (chana dal),"Paruppu vadai, ambode",Breakfast - South,South,Veg,Yes,Snack,Large,1 large vada (~55 g),55,g,162,6.1,16.5,8.8,3.9,0.8,220,Medium
D164,Ven pongal,Khara pongal,Breakfast - South,South,Veg,,Breakfast,Small,Small plate,100,g,156,4.0,21.0,6.5,1.2,0.3,300,Medium
D164,Ven pongal,Khara pongal,Breakfast - South,South,Veg,,Breakfast,Medium,1 plate,175,g,273,7.0,36.8,11.4,2.1,0.5,525,Medium
D164,Ven pongal,Khara pongal,Breakfast - South,South,Veg,,Breakfast,Large,Large plate,250,g,390,10.0,52.5,16.2,3.0,0.8,750,Medium
D165,Sakkarai pongal (sweet),Chakkara pongal,Breakfast - South,South,Veg,,Dessert,Small,Small katori,100,g,231,3.5,38.0,7.5,1.2,20.0,30,Medium
D165,Sakkarai pongal (sweet),Chakkara pongal,Breakfast - South,South,Veg,,Dessert,Medium,1 katori,150,g,347,5.2,57.0,11.2,1.8,30.0,45,Medium
D165,Sakkarai pongal (sweet),Chakkara pongal,Breakfast - South,South,Veg,,Dessert,Large,Large bowl,200,g,462,7.0,76.0,15.0,2.4,40.0,60,Medium
D166,Kesari bath,Rava kesari,Breakfast - South,South,Veg,,Dessert,Small,2-3 tbsp,50,g,149,1.5,22.5,6.0,0.4,12.5,15,Medium
D166,Kesari bath,Rava kesari,Breakfast - South,South,Veg,,Dessert,Medium,Small katori,100,g,298,3.0,45.0,12.0,0.8,25.0,30,Medium
D166,Kesari bath,Rava kesari,Breakfast - South,South,Veg,,Dessert,Large,1 katori,150,g,448,4.5,67.5,18.0,1.2,37.5,45,Medium
D167,Bisi bele bath,,Breakfast - South,South,Veg,,Main,Small,Small plate,150,g,231,6.8,33.0,9.0,4.5,3.0,570,Medium
D167,Bisi bele bath,,Breakfast - South,South,Veg,,Main,Medium,1 plate (home),250,g,385,11.2,55.0,15.0,7.5,5.0,950,Medium
D167,Bisi bele bath,,Breakfast - South,South,Veg,,Main,Large,Large plate,350,g,539,15.8,77.0,21.0,10.5,7.0,1330,Medium
D167,Bisi bele bath,,Breakfast - South,South,Veg,,Main,Half plate,Restaurant half,300,g,462,13.5,66.0,18.0,9.0,6.0,1140,Medium
D167,Bisi bele bath,,Breakfast - South,South,Veg,,Main,Full plate,Restaurant full,550,g,847,24.8,121.0,33.0,16.5,11.0,2090,Medium
D168,Ragi mudde,"Ragi ball, ragi sankati",Breakfast - South,South,Veg,Yes,Main,Small,Small ball,100,g,112,2.5,26.0,0.5,3.0,0.3,50,Medium
D168,Ragi mudde,"Ragi ball, ragi sankati",Breakfast - South,South,Veg,Yes,Main,Medium,1 ball,150,g,169,3.8,39.0,0.8,4.5,0.4,75,Medium
D168,Ragi mudde,"Ragi ball, ragi sankati",Breakfast - South,South,Veg,Yes,Main,Large,Large ball,200,g,225,5.0,52.0,1.0,6.0,0.6,100,Medium
D169,Akki roti,Rice roti,Breakfast - South,South,Veg,Yes,Breakfast,Small,1 small roti (~60 g),60,g,124,1.8,21.0,3.9,0.9,0.6,150,Medium
D169,Akki roti,Rice roti,Breakfast - South,South,Veg,Yes,Breakfast,Medium,1 medium roti (~80 g),80,g,166,2.4,28.0,5.2,1.2,0.8,200,Medium
D169,Akki roti,Rice roti,Breakfast - South,South,Veg,Yes,Breakfast,Large,1 large roti (~100 g),100,g,208,3.0,35.0,6.5,1.5,1.0,250,Medium
D170,Kuzhi paniyaram,"Paddu, guliyappa",Breakfast - South,South,Veg,Yes,Breakfast,Small,~4 pieces,75,g,135,3.0,19.5,5.2,1.1,0.8,225,Medium
D170,Kuzhi paniyaram,"Paddu, guliyappa",Breakfast - South,South,Veg,Yes,Breakfast,Medium,~6 pieces,100,g,180,4.0,26.0,7.0,1.5,1.0,300,Medium
D170,Kuzhi paniyaram,"Paddu, guliyappa",Breakfast - South,South,Veg,Yes,Breakfast,Large,~9 pieces,150,g,270,6.0,39.0,10.5,2.2,1.5,450,Medium
D171,Mysore bonda,Goli baje,Breakfast - South,South,Veg,,Snack,Small,1 small bonda (~25 g),25,g,74,1.1,8.5,4.0,0.4,0.5,95,Medium
D171,Mysore bonda,Goli baje,Breakfast - South,South,Veg,,Snack,Medium,1 medium bonda (~35 g),35,g,103,1.6,11.9,5.6,0.5,0.7,133,Medium
D171,Mysore bonda,Goli baje,Breakfast - South,South,Veg,,Snack,Large,1 large bonda (~50 g),50,g,148,2.2,17.0,8.0,0.8,1.0,190,Medium
D172,Pazham pori,"Banana fritter, ethakka appam",Breakfast - South,South,Veg,Yes,Snack,Small,1 small piece (~50 g),50,g,137,1.2,20.0,6.0,1.0,7.5,40,Medium
D172,Pazham pori,"Banana fritter, ethakka appam",Breakfast - South,South,Veg,Yes,Snack,Medium,1 medium piece (~70 g),70,g,192,1.8,28.0,8.4,1.4,10.5,56,Medium
D172,Pazham pori,"Banana fritter, ethakka appam",Breakfast - South,South,Veg,Yes,Snack,Large,1 large piece (~90 g),90,g,247,2.2,36.0,10.8,1.8,13.5,72,Medium
D173,Unniyappam,,Breakfast - South,South,Veg,,Snack,Small,1 small piece (~20 g),20,g,63,0.6,10.0,2.4,0.4,5.0,8,Medium
D173,Unniyappam,,Breakfast - South,South,Veg,,Snack,Medium,1 medium piece (~30 g),30,g,95,0.9,15.0,3.6,0.6,7.5,12,Medium
D173,Unniyappam,,Breakfast - South,South,Veg,,Snack,Large,1 large piece (~40 g),40,g,126,1.2,20.0,4.8,0.8,10.0,16,Medium
D174,Chapati / phulka (no ghee),"Roti, fulka",Breads,North,Veg,Yes,Main,Small,1 small roti (~25 g),25,g,61,2.1,13.0,0.5,1.8,0.4,1,Medium
D174,Chapati / phulka (no ghee),"Roti, fulka",Breads,North,Veg,Yes,Main,Medium,1 medium roti (~35 g),35,g,85,3.0,18.2,0.6,2.4,0.5,2,Medium
D174,Chapati / phulka (no ghee),"Roti, fulka",Breads,North,Veg,Yes,Main,Large,1 large roti (~45 g),45,g,110,3.8,23.4,0.8,3.1,0.7,2,Medium
D175,Chapati with ghee,Ghee roti,Breads,North,Veg,,Main,Small,1 small roti (~30 g),30,g,86,2.4,14.7,2.4,2.0,0.4,2,Medium
D175,Chapati with ghee,Ghee roti,Breads,North,Veg,,Main,Medium,1 medium roti (~40 g),40,g,115,3.2,19.6,3.2,2.6,0.6,2,Medium
D175,Chapati with ghee,Ghee roti,Breads,North,Veg,,Main,Large,1 large roti (~50 g),50,g,143,4.0,24.5,4.0,3.3,0.7,2,Medium
D176,Tandoori roti (plain),,Breads,North,Veg,Yes,Main,Small,1 small roti (~40 g),40,g,102,3.6,20.8,1.0,2.4,0.6,140,Medium
D176,Tandoori roti (plain),,Breads,North,Veg,Yes,Main,Medium,1 medium roti (~55 g),55,g,140,5.0,28.6,1.4,3.3,0.8,193,Medium
D176,Tandoori roti (plain),,Breads,North,Veg,Yes,Main,Large,1 large roti (~70 g),70,g,178,6.3,36.4,1.8,4.2,1.0,245,Medium
D177,Butter tandoori roti,,Breads,North,Veg,,Main,Small,1 small roti (~45 g),45,g,133,3.8,22.1,3.8,2.5,0.7,171,Medium
D177,Butter tandoori roti,,Breads,North,Veg,,Main,Medium,1 medium roti (~60 g),60,g,177,5.1,29.4,5.1,3.3,0.9,228,Medium
D177,Butter tandoori roti,,Breads,North,Veg,,Main,Large,1 large roti (~75 g),75,g,222,6.4,36.8,6.4,4.1,1.1,285,Medium
D178,Plain naan,Naan,Breads,North,Veg,,Main,Small,1 small naan (~60 g),60,g,168,5.2,30.0,3.3,1.3,2.1,270,High
D178,Plain naan,Naan,Breads,North,Veg,,Main,Medium,1 medium naan (~90 g),90,g,252,7.8,45.0,5.0,2.0,3.1,405,High
D178,Plain naan,Naan,Breads,North,Veg,,Main,Large,1 large naan (~120 g),120,g,336,10.4,60.0,6.6,2.6,4.2,540,High
D179,Butter naan,,Breads,North,Veg,,Main,Small,1 small naan (~65 g),65,g,202,5.4,30.6,6.8,1.4,2.1,312,Medium
D179,Butter naan,,Breads,North,Veg,,Main,Medium,1 medium naan (~95 g),95,g,296,7.9,44.6,10.0,2.0,3.1,456,Medium
D179,Butter naan,,Breads,North,Veg,,Main,Large,1 large naan (~125 g),125,g,389,10.4,58.8,13.1,2.6,4.1,600,Medium
D180,Garlic naan,,Breads,North,Veg,,Main,Small,1 small naan (~65 g),65,g,203,5.5,30.6,6.8,1.5,2.1,325,Medium
D180,Garlic naan,,Breads,North,Veg,,Main,Medium,1 medium naan (~95 g),95,g,296,8.1,44.6,10.0,2.2,3.0,475,Medium
D180,Garlic naan,,Breads,North,Veg,,Main,Large,1 large naan (~125 g),125,g,390,10.6,58.8,13.1,2.9,4.0,625,Medium
D181,Cheese naan,,Breads,North,Veg,,Main,Small,1 small naan (~90 g),90,g,294,9.9,36.0,12.6,1.6,2.7,540,Medium
D181,Cheese naan,,Breads,North,Veg,,Main,Medium,1 medium naan (~120 g),120,g,392,13.2,48.0,16.8,2.2,3.6,720,Medium
D181,Cheese naan,,Breads,North,Veg,,Main,Large,1 large naan (~150 g),150,g,490,16.5,60.0,21.0,2.7,4.5,900,Medium
D182,Keema naan,,Breads,North,Non-Veg,,Main,Small,1 small naan (~100 g),100,g,300,13.0,36.0,12.0,1.8,2.5,550,Medium
D182,Keema naan,,Breads,North,Non-Veg,,Main,Medium,1 medium naan (~140 g),140,g,421,18.2,50.4,16.8,2.5,3.5,770,Medium
D182,Keema naan,,Breads,North,Non-Veg,,Main,Large,1 large naan (~180 g),180,g,541,23.4,64.8,21.6,3.2,4.5,990,Medium
D183,Kulcha (plain),,Breads,North,Veg,,Main,Small,1 small kulcha (~60 g),60,g,168,5.1,29.4,3.6,1.2,2.1,270,Medium
D183,Kulcha (plain),,Breads,North,Veg,,Main,Medium,1 medium kulcha (~80 g),80,g,224,6.8,39.2,4.8,1.6,2.8,360,Medium
D183,Kulcha (plain),,Breads,North,Veg,,Main,Large,1 large kulcha (~100 g),100,g,280,8.5,49.0,6.0,2.0,3.5,450,Medium
D184,"Amritsari kulcha (stuffed, butter)",Aloo/paneer kulcha,Breads,North,Veg,,Main,Small,1 small kulcha (~100 g),100,g,282,7.0,38.0,12.0,3.0,2.0,480,Medium
D184,"Amritsari kulcha (stuffed, butter)",Aloo/paneer kulcha,Breads,North,Veg,,Main,Medium,1 medium kulcha (~140 g),140,g,395,9.8,53.2,16.8,4.2,2.8,672,Medium
D184,"Amritsari kulcha (stuffed, butter)",Aloo/paneer kulcha,Breads,North,Veg,,Main,Large,1 large kulcha (~180 g),180,g,508,12.6,68.4,21.6,5.4,3.6,864,Medium
D185,Lachha paratha,Laccha paratha,Breads,North,Veg,,Main,Small,1 small paratha (~60 g),60,g,195,4.1,25.8,9.0,2.7,0.6,192,Medium
D185,Lachha paratha,Laccha paratha,Breads,North,Veg,,Main,Medium,1 medium paratha (~80 g),80,g,260,5.4,34.4,12.0,3.6,0.8,256,Medium
D185,Lachha paratha,Laccha paratha,Breads,North,Veg,,Main,Large,1 large paratha (~100 g),100,g,325,6.8,43.0,15.0,4.5,1.0,320,Medium
D186,Missi roti,,Breads,North,Veg,,Main,Small,1 small roti (~40 g),40,g,107,4.4,18.0,2.6,2.8,0.6,160,Medium
D186,Missi roti,,Breads,North,Veg,,Main,Medium,1 medium roti (~60 g),60,g,161,6.6,27.0,3.9,4.2,0.9,240,Medium
D186,Missi roti,,Breads,North,Veg,,Main,Large,1 large roti (~80 g),80,g,215,8.8,36.0,5.2,5.6,1.2,320,Medium
D187,Makki di roti (with ghee),"Makki ki roti, corn roti",Breads,North,Veg,,Main,Small,1 small roti (~50 g),50,g,144,3.2,24.0,4.5,3.0,0.5,100,High
D187,Makki di roti (with ghee),"Makki ki roti, corn roti",Breads,North,Veg,,Main,Medium,1 medium roti (~70 g),70,g,201,4.5,33.6,6.3,4.2,0.7,140,High
D187,Makki di roti (with ghee),"Makki ki roti, corn roti",Breads,North,Veg,,Main,Large,1 large roti (~90 g),90,g,258,5.9,43.2,8.1,5.4,0.9,180,High
D188,Bajra roti,"Bajra rotla, bhakri",Breads,West,Veg,Yes,Main,Small,1 small roti (~40 g),40,g,99,3.0,19.2,1.8,2.8,0.4,4,Medium
D188,Bajra roti,"Bajra rotla, bhakri",Breads,West,Veg,Yes,Main,Medium,1 medium roti (~55 g),55,g,137,4.1,26.4,2.5,3.9,0.6,6,Medium
D188,Bajra roti,"Bajra rotla, bhakri",Breads,West,Veg,Yes,Main,Large,1 large roti (~70 g),70,g,174,5.2,33.6,3.1,4.9,0.7,7,Medium
D189,Jowar roti / bhakri,Jolada rotti,Breads,West,Veg,Yes,Main,Small,1 small roti (~40 g),40,g,94,2.8,20.0,0.8,2.4,0.4,4,Medium
D189,Jowar roti / bhakri,Jolada rotti,Breads,West,Veg,Yes,Main,Medium,1 medium roti (~55 g),55,g,129,3.9,27.5,1.1,3.3,0.6,6,Medium
D189,Jowar roti / bhakri,Jolada rotti,Breads,West,Veg,Yes,Main,Large,1 large roti (~70 g),70,g,164,4.9,35.0,1.4,4.2,0.7,7,Medium
D190,Ragi roti,Nachni roti,Breads,South,Veg,Yes,Main,Small,1 small roti (~40 g),40,g,94,2.0,19.2,1.6,2.8,0.2,4,Medium
D190,Ragi roti,Nachni roti,Breads,South,Veg,Yes,Main,Medium,1 medium roti (~55 g),55,g,129,2.8,26.4,2.2,3.9,0.3,6,Medium
D190,Ragi roti,Nachni roti,Breads,South,Veg,Yes,Main,Large,1 large roti (~70 g),70,g,164,3.5,33.6,2.8,4.9,0.3,7,Medium
D191,Rumali roti,,Breads,North,Veg,Yes,Main,Small,1 small roti (~40 g),40,g,106,3.4,20.0,1.6,0.8,0.6,140,Medium
D191,Rumali roti,,Breads,North,Veg,Yes,Main,Medium,1 medium roti (~55 g),55,g,146,4.7,27.5,2.2,1.1,0.8,193,Medium
D191,Rumali roti,,Breads,North,Veg,Yes,Main,Large,1 large roti (~70 g),70,g,186,5.9,35.0,2.8,1.4,1.0,245,Medium
D192,Luchi,Maida puri (Bengali),Breads,East,Veg,Yes,Main,Small,1 small luchi (~15 g),15,g,55,1.1,6.8,2.7,0.3,0.1,38,Medium
D192,Luchi,Maida puri (Bengali),Breads,East,Veg,Yes,Main,Medium,1 medium luchi (~25 g),25,g,92,1.8,11.2,4.5,0.5,0.2,62,Medium
D192,Luchi,Maida puri (Bengali),Breads,East,Veg,Yes,Main,Large,1 large luchi (~35 g),35,g,128,2.4,15.7,6.3,0.6,0.3,88,Medium
D193,Bhatura,Bhature,Breads,North,Veg,,Main,Small,1 small bhatura (~60 g),60,g,199,4.5,27.0,8.4,1.2,1.2,240,Medium
D193,Bhatura,Bhature,Breads,North,Veg,,Main,Medium,1 medium bhatura (~80 g),80,g,266,6.0,36.0,11.2,1.6,1.6,320,Medium
D193,Bhatura,Bhature,Breads,North,Veg,,Main,Large,1 large bhatura (~110 g),110,g,365,8.2,49.5,15.4,2.2,2.2,440,Medium
D194,Baati (ghee-dipped),Dal baati,Breads,West,Veg,,Main,Small,1 small baati (~60 g),60,g,230,4.8,30.0,10.8,3.3,0.6,180,Medium
D194,Baati (ghee-dipped),Dal baati,Breads,West,Veg,,Main,Medium,1 medium baati (~80 g),80,g,306,6.4,40.0,14.4,4.4,0.8,240,Medium
D194,Baati (ghee-dipped),Dal baati,Breads,West,Veg,,Main,Large,1 large baati (~100 g),100,g,383,8.0,50.0,18.0,5.5,1.0,300,Medium
D195,Pav (ladi pav),Bread roll,Breads,West,Veg,Yes,Main,Small,1 small pav (~30 g),30,g,80,2.5,15.0,1.2,0.7,1.2,135,Medium
D195,Pav (ladi pav),Bread roll,Breads,West,Veg,Yes,Main,Medium,1 medium pav (~40 g),40,g,106,3.4,20.0,1.6,0.9,1.6,180,Medium
D195,Pav (ladi pav),Bread roll,Breads,West,Veg,Yes,Main,Large,1 large pav (~50 g),50,g,133,4.2,25.0,2.0,1.1,2.0,225,Medium
D196,Butter pav (toasted),Masala pav base,Breads,West,Veg,,Main,Small,1 small pav (~35 g),35,g,109,2.6,15.4,4.2,0.7,1.2,168,Medium
D196,Butter pav (toasted),Masala pav base,Breads,West,Veg,,Main,Medium,1 medium pav (~45 g),45,g,140,3.4,19.8,5.4,0.9,1.6,216,Medium
D196,Butter pav (toasted),Masala pav base,Breads,West,Veg,,Main,Large,1 large pav (~55 g),55,g,171,4.1,24.2,6.6,1.0,1.9,264,Medium
D197,White bread,Sandwich bread,Breads,Pan-India,Veg,Yes,Main,Small,1 small slice (~20 g),20,g,51,1.8,9.8,0.7,0.5,1.0,98,High
D197,White bread,Sandwich bread,Breads,Pan-India,Veg,Yes,Main,Medium,1 medium slice (~25 g),25,g,64,2.2,12.2,0.8,0.7,1.2,122,High
D197,White bread,Sandwich bread,Breads,Pan-India,Veg,Yes,Main,Large,1 large slice (~30 g),30,g,77,2.6,14.7,1.0,0.8,1.5,147,High
D198,Brown bread,Whole wheat bread,Breads,Pan-India,Veg,Yes,Main,Small,1 small slice (~20 g),20,g,47,2.0,8.8,0.7,1.2,0.9,90,High
D198,Brown bread,Whole wheat bread,Breads,Pan-India,Veg,Yes,Main,Medium,1 medium slice (~25 g),25,g,59,2.5,11.0,0.9,1.5,1.1,112,High
D198,Brown bread,Whole wheat bread,Breads,Pan-India,Veg,Yes,Main,Large,1 large slice (~30 g),30,g,71,3.0,13.2,1.1,1.8,1.3,135,High
D199,Steamed white rice,"Plain rice, boiled rice, chawal","Rice, Pulao & Khichdi",Pan-India,Veg,Yes,Main,Small,½ cup cooked,100,g,126,2.7,28.2,0.3,0.4,0.1,1,High
D199,Steamed white rice,"Plain rice, boiled rice, chawal","Rice, Pulao & Khichdi",Pan-India,Veg,Yes,Main,Medium,1 katori / 1 cup,150,g,188,4.1,42.3,0.4,0.6,0.2,2,High
D199,Steamed white rice,"Plain rice, boiled rice, chawal","Rice, Pulao & Khichdi",Pan-India,Veg,Yes,Main,Large,1½ cups,200,g,251,5.4,56.4,0.6,0.8,0.2,2,High
D199,Steamed white rice,"Plain rice, boiled rice, chawal","Rice, Pulao & Khichdi",Pan-India,Veg,Yes,Main,Half plate,Restaurant half,250,g,314,6.8,70.5,0.8,1.0,0.2,2,High
D199,Steamed white rice,"Plain rice, boiled rice, chawal","Rice, Pulao & Khichdi",Pan-India,Veg,Yes,Main,Full plate,Restaurant full,450,g,565,12.2,126.9,1.3,1.8,0.5,4,High
D200,Brown rice (cooked),,"Rice, Pulao & Khichdi",Pan-India,Veg,Yes,Main,Small,½ cup cooked,100,g,111,2.6,24.0,0.9,1.8,0.4,2,High
D200,Brown rice (cooked),,"Rice, Pulao & Khichdi",Pan-India,Veg,Yes,Main,Medium,1 katori / 1 cup,150,g,166,3.9,36.0,1.4,2.7,0.6,3,High
D200,Brown rice (cooked),,"Rice, Pulao & Khichdi",Pan-India,Veg,Yes,Main,Large,1½ cups,200,g,222,5.2,48.0,1.8,3.6,0.8,4,High
D200,Brown rice (cooked),,"Rice, Pulao & Khichdi",Pan-India,Veg,Yes,Main,Half plate,Restaurant half,250,g,277,6.5,60.0,2.2,4.5,1.0,5,High
D200,Brown rice (cooked),,"Rice, Pulao & Khichdi",Pan-India,Veg,Yes,Main,Full plate,Restaurant full,450,g,499,11.7,108.0,4.0,8.1,1.8,9,High
D201,Jeera rice,Cumin rice,"Rice, Pulao & Khichdi",North,Veg,,Main,Small,Small plate,150,g,237,4.2,42.0,6.0,0.9,0.3,375,High
D201,Jeera rice,Cumin rice,"Rice, Pulao & Khichdi",North,Veg,,Main,Medium,1 plate (home),250,g,395,7.0,70.0,10.0,1.5,0.5,625,High
D201,Jeera rice,Cumin rice,"Rice, Pulao & Khichdi",North,Veg,,Main,Large,Large plate,350,g,553,9.8,98.0,14.0,2.1,0.7,875,High
D201,Jeera rice,Cumin rice,"Rice, Pulao & Khichdi",North,Veg,,Main,Half plate,Restaurant half,300,g,474,8.4,84.0,12.0,1.8,0.6,750,High
D201,Jeera rice,Cumin rice,"Rice, Pulao & Khichdi",North,Veg,,Main,Full plate,Restaurant full,550,g,869,15.4,154.0,22.0,3.3,1.1,1375,High
D202,Ghee rice,Neychoru,"Rice, Pulao & Khichdi",South,Veg,,Main,Small,Small plate,150,g,284,4.5,45.0,9.8,0.9,0.4,300,Medium
D202,Ghee rice,Neychoru,"Rice, Pulao & Khichdi",South,Veg,,Main,Medium,1 plate (home),250,g,473,7.5,75.0,16.2,1.5,0.8,500,Medium
D202,Ghee rice,Neychoru,"Rice, Pulao & Khichdi",South,Veg,,Main,Large,Large plate,350,g,663,10.5,105.0,22.8,2.1,1.1,700,Medium
D202,Ghee rice,Neychoru,"Rice, Pulao & Khichdi",South,Veg,,Main,Half plate,Restaurant half,300,g,568,9.0,90.0,19.5,1.8,0.9,600,Medium
D202,Ghee rice,Neychoru,"Rice, Pulao & Khichdi",South,Veg,,Main,Full plate,Restaurant full,550,g,1041,16.5,165.0,35.8,3.3,1.6,1100,Medium
D203,Veg pulao,"Vegetable pulao, pilaf","Rice, Pulao & Khichdi",North,Veg,,Main,Small,Small plate,150,g,224,4.5,37.5,6.8,2.2,1.8,420,Medium
D203,Veg pulao,"Vegetable pulao, pilaf","Rice, Pulao & Khichdi",North,Veg,,Main,Medium,1 plate (home),250,g,374,7.5,62.5,11.2,3.8,3.0,700,Medium
D203,Veg pulao,"Vegetable pulao, pilaf","Rice, Pulao & Khichdi",North,Veg,,Main,Large,Large plate,350,g,523,10.5,87.5,15.8,5.2,4.2,980,Medium
D203,Veg pulao,"Vegetable pulao, pilaf","Rice, Pulao & Khichdi",North,Veg,,Main,Half plate,Restaurant half,300,g,448,9.0,75.0,13.5,4.5,3.6,840,Medium
D203,Veg pulao,"Vegetable pulao, pilaf","Rice, Pulao & Khichdi",North,Veg,,Main,Full plate,Restaurant full,550,g,822,16.5,137.5,24.8,8.2,6.6,1540,Medium
D204,Matar pulao,Peas pulao,"Rice, Pulao & Khichdi",North,Veg,,Main,Small,Small plate,150,g,232,5.2,39.0,6.8,3.0,2.2,420,Medium
D204,Matar pulao,Peas pulao,"Rice, Pulao & Khichdi",North,Veg,,Main,Medium,1 plate (home),250,g,386,8.8,65.0,11.2,5.0,3.8,700,Medium
D204,Matar pulao,Peas pulao,"Rice, Pulao & Khichdi",North,Veg,,Main,Large,Large plate,350,g,541,12.2,91.0,15.8,7.0,5.2,980,Medium
D204,Matar pulao,Peas pulao,"Rice, Pulao & Khichdi",North,Veg,,Main,Half plate,Restaurant half,300,g,464,10.5,78.0,13.5,6.0,4.5,840,Medium
D204,Matar pulao,Peas pulao,"Rice, Pulao & Khichdi",North,Veg,,Main,Full plate,Restaurant full,550,g,850,19.2,143.0,24.8,11.0,8.2,1540,Medium
D205,Kashmiri pulao (with dry fruits),,"Rice, Pulao & Khichdi",North,Veg,,Main,Small,Small plate,150,g,303,5.2,48.0,10.5,2.2,9.0,300,Medium
D205,Kashmiri pulao (with dry fruits),,"Rice, Pulao & Khichdi",North,Veg,,Main,Medium,1 plate (home),250,g,505,8.8,80.0,17.5,3.8,15.0,500,Medium
D205,Kashmiri pulao (with dry fruits),,"Rice, Pulao & Khichdi",North,Veg,,Main,Large,Large plate,350,g,707,12.2,112.0,24.5,5.2,21.0,700,Medium
D205,Kashmiri pulao (with dry fruits),,"Rice, Pulao & Khichdi",North,Veg,,Main,Half plate,Restaurant half,300,g,606,10.5,96.0,21.0,4.5,18.0,600,Medium
D205,Kashmiri pulao (with dry fruits),,"Rice, Pulao & Khichdi",North,Veg,,Main,Full plate,Restaurant full,550,g,1111,19.2,176.0,38.5,8.2,33.0,1100,Medium
D206,Lemon rice,"Chitranna, elumichai sadam, pulihora","Rice, Pulao & Khichdi",South,Veg,Yes,Main,Small,Small plate,150,g,276,4.5,45.0,9.0,1.5,0.8,480,High
D206,Lemon rice,"Chitranna, elumichai sadam, pulihora","Rice, Pulao & Khichdi",South,Veg,Yes,Main,Medium,1 plate (home),250,g,460,7.5,75.0,15.0,2.5,1.2,800,High
D206,Lemon rice,"Chitranna, elumichai sadam, pulihora","Rice, Pulao & Khichdi",South,Veg,Yes,Main,Large,Large plate,350,g,644,10.5,105.0,21.0,3.5,1.8,1120,High
D206,Lemon rice,"Chitranna, elumichai sadam, pulihora","Rice, Pulao & Khichdi",South,Veg,Yes,Main,Half plate,Restaurant half,300,g,552,9.0,90.0,18.0,3.0,1.5,960,High
D206,Lemon rice,"Chitranna, elumichai sadam, pulihora","Rice, Pulao & Khichdi",South,Veg,Yes,Main,Full plate,Restaurant full,550,g,1012,16.5,165.0,33.0,5.5,2.8,1760,High
D207,Tamarind rice,"Puliyogare, puliyodharai","Rice, Pulao & Khichdi",South,Veg,Yes,Main,Small,Small plate,150,g,316,5.2,48.0,12.0,2.7,3.8,675,Medium
D207,Tamarind rice,"Puliyogare, puliyodharai","Rice, Pulao & Khichdi",South,Veg,Yes,Main,Medium,1 plate (home),250,g,526,8.8,80.0,20.0,4.5,6.2,1125,Medium
D207,Tamarind rice,"Puliyogare, puliyodharai","Rice, Pulao & Khichdi",South,Veg,Yes,Main,Large,Large plate,350,g,736,12.2,112.0,28.0,6.3,8.8,1575,Medium
D207,Tamarind rice,"Puliyogare, puliyodharai","Rice, Pulao & Khichdi",South,Veg,Yes,Main,Half plate,Restaurant half,300,g,631,10.5,96.0,24.0,5.4,7.5,1350,Medium
D207,Tamarind rice,"Puliyogare, puliyodharai","Rice, Pulao & Khichdi",South,Veg,Yes,Main,Full plate,Restaurant full,550,g,1157,19.2,176.0,44.0,9.9,13.8,2475,Medium
D208,Curd rice,"Thayir sadam, dahi chawal, mosaranna","Rice, Pulao & Khichdi",South,Veg,,Main,Small,Small plate,150,g,178,4.5,28.5,5.2,0.6,2.2,420,Medium
D208,Curd rice,"Thayir sadam, dahi chawal, mosaranna","Rice, Pulao & Khichdi",South,Veg,,Main,Medium,1 plate (home),250,g,297,7.5,47.5,8.8,1.0,3.8,700,Medium
D208,Curd rice,"Thayir sadam, dahi chawal, mosaranna","Rice, Pulao & Khichdi",South,Veg,,Main,Large,Large plate,350,g,415,10.5,66.5,12.2,1.4,5.2,980,Medium
D208,Curd rice,"Thayir sadam, dahi chawal, mosaranna","Rice, Pulao & Khichdi",South,Veg,,Main,Half plate,Restaurant half,300,g,356,9.0,57.0,10.5,1.2,4.5,840,Medium
D208,Curd rice,"Thayir sadam, dahi chawal, mosaranna","Rice, Pulao & Khichdi",South,Veg,,Main,Full plate,Restaurant full,550,g,653,16.5,104.5,19.2,2.2,8.2,1540,Medium
D209,Tomato rice,Thakkali sadam,"Rice, Pulao & Khichdi",South,Veg,Yes,Main,Small,Small plate,150,g,263,4.5,42.0,9.0,2.0,2.2,525,Medium
D209,Tomato rice,Thakkali sadam,"Rice, Pulao & Khichdi",South,Veg,Yes,Main,Medium,1 plate (home),250,g,438,7.5,70.0,15.0,3.2,3.8,875,Medium
D209,Tomato rice,Thakkali sadam,"Rice, Pulao & Khichdi",South,Veg,Yes,Main,Large,Large plate,350,g,614,10.5,98.0,21.0,4.5,5.2,1225,Medium
D209,Tomato rice,Thakkali sadam,"Rice, Pulao & Khichdi",South,Veg,Yes,Main,Half plate,Restaurant half,300,g,526,9.0,84.0,18.0,3.9,4.5,1050,Medium
D209,Tomato rice,Thakkali sadam,"Rice, Pulao & Khichdi",South,Veg,Yes,Main,Full plate,Restaurant full,550,g,965,16.5,154.0,33.0,7.2,8.2,1925,Medium
D210,Coconut rice,Thengai sadam,"Rice, Pulao & Khichdi",South,Veg,Yes,Main,Small,Small plate,150,g,302,4.5,42.0,13.5,3.0,1.5,450,Medium
D210,Coconut rice,Thengai sadam,"Rice, Pulao & Khichdi",South,Veg,Yes,Main,Medium,1 plate (home),250,g,502,7.5,70.0,22.5,5.0,2.5,750,Medium
D210,Coconut rice,Thengai sadam,"Rice, Pulao & Khichdi",South,Veg,Yes,Main,Large,Large plate,350,g,704,10.5,98.0,31.5,7.0,3.5,1050,Medium
D210,Coconut rice,Thengai sadam,"Rice, Pulao & Khichdi",South,Veg,Yes,Main,Half plate,Restaurant half,300,g,603,9.0,84.0,27.0,6.0,3.0,900,Medium
D210,Coconut rice,Thengai sadam,"Rice, Pulao & Khichdi",South,Veg,Yes,Main,Full plate,Restaurant full,550,g,1106,16.5,154.0,49.5,11.0,5.5,1650,Medium
D211,Vangi bath,Brinjal rice,"Rice, Pulao & Khichdi",South,Veg,Yes,Main,Small,Small plate,150,g,262,4.5,39.0,10.5,3.0,2.2,525,High
D211,Vangi bath,Brinjal rice,"Rice, Pulao & Khichdi",South,Veg,Yes,Main,Medium,1 plate (home),250,g,438,7.5,65.0,17.5,5.0,3.8,875,High
D211,Vangi bath,Brinjal rice,"Rice, Pulao & Khichdi",South,Veg,Yes,Main,Large,Large plate,350,g,612,10.5,91.0,24.5,7.0,5.2,1225,High
D211,Vangi bath,Brinjal rice,"Rice, Pulao & Khichdi",South,Veg,Yes,Main,Half plate,Restaurant half,300,g,525,9.0,78.0,21.0,6.0,4.5,1050,High
D211,Vangi bath,Brinjal rice,"Rice, Pulao & Khichdi",South,Veg,Yes,Main,Full plate,Restaurant full,550,g,962,16.5,143.0,38.5,11.0,8.2,1925,High
D212,"Khichdi (moong dal, plain)","Khichri, dal khichdi","Rice, Pulao & Khichdi",Pan-India,Veg,,Main,Small,Small plate,150,g,161,6.0,27.0,3.8,2.2,0.4,375,Medium
D212,"Khichdi (moong dal, plain)","Khichri, dal khichdi","Rice, Pulao & Khichdi",Pan-India,Veg,,Main,Medium,1 plate (home),250,g,269,10.0,45.0,6.2,3.8,0.8,625,Medium
D212,"Khichdi (moong dal, plain)","Khichri, dal khichdi","Rice, Pulao & Khichdi",Pan-India,Veg,,Main,Large,Large plate,350,g,376,14.0,63.0,8.8,5.2,1.1,875,Medium
D212,"Khichdi (moong dal, plain)","Khichri, dal khichdi","Rice, Pulao & Khichdi",Pan-India,Veg,,Main,Half plate,Restaurant half,300,g,322,12.0,54.0,7.5,4.5,0.9,750,Medium
D212,"Khichdi (moong dal, plain)","Khichri, dal khichdi","Rice, Pulao & Khichdi",Pan-India,Veg,,Main,Full plate,Restaurant full,550,g,591,22.0,99.0,13.8,8.2,1.6,1375,Medium
D213,Masala / vegetable khichdi,,"Rice, Pulao & Khichdi",Pan-India,Veg,,Main,Small,Small plate,150,g,167,6.0,25.5,5.2,3.3,1.5,450,Medium
D213,Masala / vegetable khichdi,,"Rice, Pulao & Khichdi",Pan-India,Veg,,Main,Medium,1 plate (home),250,g,278,10.0,42.5,8.8,5.5,2.5,750,Medium
D213,Masala / vegetable khichdi,,"Rice, Pulao & Khichdi",Pan-India,Veg,,Main,Large,Large plate,350,g,389,14.0,59.5,12.2,7.7,3.5,1050,Medium
D213,Masala / vegetable khichdi,,"Rice, Pulao & Khichdi",Pan-India,Veg,,Main,Half plate,Restaurant half,300,g,333,12.0,51.0,10.5,6.6,3.0,900,Medium
D213,Masala / vegetable khichdi,,"Rice, Pulao & Khichdi",Pan-India,Veg,,Main,Full plate,Restaurant full,550,g,611,22.0,93.5,19.2,12.1,5.5,1650,Medium
D214,Chicken pulao,Murgh pulao,"Rice, Pulao & Khichdi",North,Non-Veg,,Main,Small,Small plate,200,g,323,15.0,44.0,10.0,1.6,1.6,700,Medium
D214,Chicken pulao,Murgh pulao,"Rice, Pulao & Khichdi",North,Non-Veg,,Main,Medium,1 plate,300,g,484,22.5,66.0,15.0,2.4,2.4,1050,Medium
D214,Chicken pulao,Murgh pulao,"Rice, Pulao & Khichdi",North,Non-Veg,,Main,Large,Large plate,400,g,646,30.0,88.0,20.0,3.2,3.2,1400,Medium
D214,Chicken pulao,Murgh pulao,"Rice, Pulao & Khichdi",North,Non-Veg,,Main,Half plate,Restaurant half,350,g,565,26.2,77.0,17.5,2.8,2.8,1225,Medium
D214,Chicken pulao,Murgh pulao,"Rice, Pulao & Khichdi",North,Non-Veg,,Main,Full plate,Restaurant full,650,g,1049,48.8,143.0,32.5,5.2,5.2,2275,Medium
D215,Mutton pulao / yakhni pulao,,"Rice, Pulao & Khichdi",North,Non-Veg,,Main,Small,Small plate,200,g,363,16.0,44.0,14.0,1.4,1.6,700,Medium
D215,Mutton pulao / yakhni pulao,,"Rice, Pulao & Khichdi",North,Non-Veg,,Main,Medium,1 plate,300,g,545,24.0,66.0,21.0,2.1,2.4,1050,Medium
D215,Mutton pulao / yakhni pulao,,"Rice, Pulao & Khichdi",North,Non-Veg,,Main,Large,Large plate,400,g,726,32.0,88.0,28.0,2.8,3.2,1400,Medium
D215,Mutton pulao / yakhni pulao,,"Rice, Pulao & Khichdi",North,Non-Veg,,Main,Half plate,Restaurant half,350,g,636,28.0,77.0,24.5,2.4,2.8,1225,Medium
D215,Mutton pulao / yakhni pulao,,"Rice, Pulao & Khichdi",North,Non-Veg,,Main,Full plate,Restaurant full,650,g,1180,52.0,143.0,45.5,4.5,5.2,2275,Medium
D216,Veg biryani,Vegetable dum biryani,Biryani,Pan-India,Veg,,Main,Small,Small plate,200,g,328,7.0,50.0,12.0,4.0,3.0,760,High
D216,Veg biryani,Vegetable dum biryani,Biryani,Pan-India,Veg,,Main,Medium,1 plate,300,g,492,10.5,75.0,18.0,6.0,4.5,1140,High
D216,Veg biryani,Vegetable dum biryani,Biryani,Pan-India,Veg,,Main,Large,Large plate,400,g,656,14.0,100.0,24.0,8.0,6.0,1520,High
D216,Veg biryani,Vegetable dum biryani,Biryani,Pan-India,Veg,,Main,Half plate,Restaurant half,350,g,574,12.2,87.5,21.0,7.0,5.2,1330,High
D216,Veg biryani,Vegetable dum biryani,Biryani,Pan-India,Veg,,Main,Full plate,Restaurant full,650,g,1066,22.8,162.5,39.0,13.0,9.8,2470,High
D217,Paneer biryani,,Biryani,Pan-India,Veg,,Main,Small,Small plate,200,g,378,12.0,48.0,16.0,3.0,3.0,800,Medium
D217,Paneer biryani,,Biryani,Pan-India,Veg,,Main,Medium,1 plate,300,g,567,18.0,72.0,24.0,4.5,4.5,1200,Medium
D217,Paneer biryani,,Biryani,Pan-India,Veg,,Main,Large,Large plate,400,g,756,24.0,96.0,32.0,6.0,6.0,1600,Medium
D217,Paneer biryani,,Biryani,Pan-India,Veg,,Main,Half plate,Restaurant half,350,g,662,21.0,84.0,28.0,5.2,5.2,1400,Medium
D217,Paneer biryani,,Biryani,Pan-India,Veg,,Main,Full plate,Restaurant full,650,g,1228,39.0,156.0,52.0,9.8,9.8,2600,Medium
D218,Mushroom biryani,,Biryani,Pan-India,Veg,,Main,Small,Small plate,200,g,331,7.6,50.0,12.0,3.6,3.0,760,Medium
D218,Mushroom biryani,,Biryani,Pan-India,Veg,,Main,Medium,1 plate,300,g,497,11.4,75.0,18.0,5.4,4.5,1140,Medium
D218,Mushroom biryani,,Biryani,Pan-India,Veg,,Main,Large,Large plate,400,g,662,15.2,100.0,24.0,7.2,6.0,1520,Medium
D218,Mushroom biryani,,Biryani,Pan-India,Veg,,Main,Half plate,Restaurant half,350,g,580,13.3,87.5,21.0,6.3,5.2,1330,Medium
D218,Mushroom biryani,,Biryani,Pan-India,Veg,,Main,Full plate,Restaurant full,650,g,1076,24.7,162.5,39.0,11.7,9.8,2470,Medium
D219,Chicken biryani,Chicken dum biryani,Biryani,Pan-India,Non-Veg,,Main,Small,Small plate,200,g,370,18.0,46.0,13.0,1.6,2.0,840,Medium
D219,Chicken biryani,Chicken dum biryani,Biryani,Pan-India,Non-Veg,,Main,Medium,1 plate,300,g,555,27.0,69.0,19.5,2.4,3.0,1260,Medium
D219,Chicken biryani,Chicken dum biryani,Biryani,Pan-India,Non-Veg,,Main,Large,Large plate,400,g,740,36.0,92.0,26.0,3.2,4.0,1680,Medium
D219,Chicken biryani,Chicken dum biryani,Biryani,Pan-India,Non-Veg,,Main,Half plate,Restaurant half,350,g,647,31.5,80.5,22.8,2.8,3.5,1470,Medium
D219,Chicken biryani,Chicken dum biryani,Biryani,Pan-India,Non-Veg,,Main,Full plate,Restaurant full,650,g,1202,58.5,149.5,42.2,5.2,6.5,2730,Medium
D220,Hyderabadi chicken dum biryani,Kacchi/pakki biryani,Biryani,South,Non-Veg,,Main,Small,Small plate,200,g,389,18.0,44.0,16.0,1.6,2.0,840,Medium
D220,Hyderabadi chicken dum biryani,Kacchi/pakki biryani,Biryani,South,Non-Veg,,Main,Medium,1 plate,300,g,583,27.0,66.0,24.0,2.4,3.0,1260,Medium
D220,Hyderabadi chicken dum biryani,Kacchi/pakki biryani,Biryani,South,Non-Veg,,Main,Large,Large plate,400,g,778,36.0,88.0,32.0,3.2,4.0,1680,Medium
D220,Hyderabadi chicken dum biryani,Kacchi/pakki biryani,Biryani,South,Non-Veg,,Main,Half plate,Restaurant half,350,g,680,31.5,77.0,28.0,2.8,3.5,1470,Medium
D220,Hyderabadi chicken dum biryani,Kacchi/pakki biryani,Biryani,South,Non-Veg,,Main,Full plate,Restaurant full,650,g,1264,58.5,143.0,52.0,5.2,6.5,2730,Medium
D221,Mutton biryani,Gosht biryani,Biryani,Pan-India,Non-Veg,,Main,Small,Small plate,200,g,398,18.0,44.0,17.0,1.6,2.0,840,High
D221,Mutton biryani,Gosht biryani,Biryani,Pan-India,Non-Veg,,Main,Medium,1 plate,300,g,597,27.0,66.0,25.5,2.4,3.0,1260,High
D221,Mutton biryani,Gosht biryani,Biryani,Pan-India,Non-Veg,,Main,Large,Large plate,400,g,796,36.0,88.0,34.0,3.2,4.0,1680,High
D221,Mutton biryani,Gosht biryani,Biryani,Pan-India,Non-Veg,,Main,Half plate,Restaurant half,350,g,696,31.5,77.0,29.8,2.8,3.5,1470,High
D221,Mutton biryani,Gosht biryani,Biryani,Pan-India,Non-Veg,,Main,Full plate,Restaurant full,650,g,1293,58.5,143.0,55.2,5.2,6.5,2730,High
D222,Lucknowi (Awadhi) mutton biryani,,Biryani,North,Non-Veg,,Main,Small,Small plate,200,g,397,18.0,46.0,16.0,1.4,2.0,800,Medium
D222,Lucknowi (Awadhi) mutton biryani,,Biryani,North,Non-Veg,,Main,Medium,1 plate,300,g,596,27.0,69.0,24.0,2.1,3.0,1200,Medium
D222,Lucknowi (Awadhi) mutton biryani,,Biryani,North,Non-Veg,,Main,Large,Large plate,400,g,794,36.0,92.0,32.0,2.8,4.0,1600,Medium
D222,Lucknowi (Awadhi) mutton biryani,,Biryani,North,Non-Veg,,Main,Half plate,Restaurant half,350,g,695,31.5,80.5,28.0,2.4,3.5,1400,Medium
D222,Lucknowi (Awadhi) mutton biryani,,Biryani,North,Non-Veg,,Main,Full plate,Restaurant full,650,g,1291,58.5,149.5,52.0,4.5,6.5,2600,Medium
D223,Kolkata chicken biryani (with aloo & egg),,Biryani,East,Non-Veg,,Main,Small,Small plate,200,g,382,15.0,50.0,14.0,1.8,3.0,800,Medium
D223,Kolkata chicken biryani (with aloo & egg),,Biryani,East,Non-Veg,,Main,Medium,1 plate,300,g,574,22.5,75.0,21.0,2.7,4.5,1200,Medium
D223,Kolkata chicken biryani (with aloo & egg),,Biryani,East,Non-Veg,,Main,Large,Large plate,400,g,765,30.0,100.0,28.0,3.6,6.0,1600,Medium
D223,Kolkata chicken biryani (with aloo & egg),,Biryani,East,Non-Veg,,Main,Half plate,Restaurant half,350,g,669,26.2,87.5,24.5,3.1,5.2,1400,Medium
D223,Kolkata chicken biryani (with aloo & egg),,Biryani,East,Non-Veg,,Main,Full plate,Restaurant full,650,g,1243,48.8,162.5,45.5,5.9,9.8,2600,Medium
D224,Malabar / Thalassery chicken biryani,,Biryani,South,Non-Veg,,Main,Small,Small plate,200,g,401,17.0,48.0,16.0,1.6,3.0,800,Medium
D224,Malabar / Thalassery chicken biryani,,Biryani,South,Non-Veg,,Main,Medium,1 plate,300,g,601,25.5,72.0,24.0,2.4,4.5,1200,Medium
D224,Malabar / Thalassery chicken biryani,,Biryani,South,Non-Veg,,Main,Large,Large plate,400,g,802,34.0,96.0,32.0,3.2,6.0,1600,Medium
D224,Malabar / Thalassery chicken biryani,,Biryani,South,Non-Veg,,Main,Half plate,Restaurant half,350,g,701,29.8,84.0,28.0,2.8,5.2,1400,Medium
D224,Malabar / Thalassery chicken biryani,,Biryani,South,Non-Veg,,Main,Full plate,Restaurant full,650,g,1303,55.2,156.0,52.0,5.2,9.8,2600,Medium
D225,Ambur / Dindigul chicken biryani,Seeraga samba biryani,Biryani,South,Non-Veg,,Main,Small,Small plate,200,g,388,18.0,46.0,15.0,1.6,2.0,840,Medium
D225,Ambur / Dindigul chicken biryani,Seeraga samba biryani,Biryani,South,Non-Veg,,Main,Medium,1 plate,300,g,582,27.0,69.0,22.5,2.4,3.0,1260,Medium
D225,Ambur / Dindigul chicken biryani,Seeraga samba biryani,Biryani,South,Non-Veg,,Main,Large,Large plate,400,g,776,36.0,92.0,30.0,3.2,4.0,1680,Medium
D225,Ambur / Dindigul chicken biryani,Seeraga samba biryani,Biryani,South,Non-Veg,,Main,Half plate,Restaurant half,350,g,679,31.5,80.5,26.2,2.8,3.5,1470,Medium
D225,Ambur / Dindigul chicken biryani,Seeraga samba biryani,Biryani,South,Non-Veg,,Main,Full plate,Restaurant full,650,g,1260,58.5,149.5,48.8,5.2,6.5,2730,Medium
D226,Egg biryani,Anda biryani,Biryani,Pan-India,Egg,,Main,Small,Small plate,200,g,358,13.0,48.0,13.0,1.6,2.0,800,Medium
D226,Egg biryani,Anda biryani,Biryani,Pan-India,Egg,,Main,Medium,1 plate,300,g,537,19.5,72.0,19.5,2.4,3.0,1200,Medium
D226,Egg biryani,Anda biryani,Biryani,Pan-India,Egg,,Main,Large,Large plate,400,g,716,26.0,96.0,26.0,3.2,4.0,1600,Medium
D226,Egg biryani,Anda biryani,Biryani,Pan-India,Egg,,Main,Half plate,Restaurant half,350,g,626,22.8,84.0,22.8,2.8,3.5,1400,Medium
D226,Egg biryani,Anda biryani,Biryani,Pan-India,Egg,,Main,Full plate,Restaurant full,650,g,1163,42.2,156.0,42.2,5.2,6.5,2600,Medium
D227,Prawn biryani,Jhinga biryani,Biryani,Pan-India,Non-Veg,,Main,Small,Small plate,200,g,353,16.0,46.0,12.0,1.6,2.0,900,Medium
D227,Prawn biryani,Jhinga biryani,Biryani,Pan-India,Non-Veg,,Main,Medium,1 plate,300,g,529,24.0,69.0,18.0,2.4,3.0,1350,Medium
D227,Prawn biryani,Jhinga biryani,Biryani,Pan-India,Non-Veg,,Main,Large,Large plate,400,g,706,32.0,92.0,24.0,3.2,4.0,1800,Medium
D227,Prawn biryani,Jhinga biryani,Biryani,Pan-India,Non-Veg,,Main,Half plate,Restaurant half,350,g,617,28.0,80.5,21.0,2.8,3.5,1575,Medium
D227,Prawn biryani,Jhinga biryani,Biryani,Pan-India,Non-Veg,,Main,Full plate,Restaurant full,650,g,1147,52.0,149.5,39.0,5.2,6.5,2925,Medium
D228,Fish biryani,,Biryani,South,Non-Veg,,Main,Small,Small plate,200,g,357,17.0,46.0,12.0,1.6,2.0,840,Medium
D228,Fish biryani,,Biryani,South,Non-Veg,,Main,Medium,1 plate,300,g,535,25.5,69.0,18.0,2.4,3.0,1260,Medium
D228,Fish biryani,,Biryani,South,Non-Veg,,Main,Large,Large plate,400,g,714,34.0,92.0,24.0,3.2,4.0,1680,Medium
D228,Fish biryani,,Biryani,South,Non-Veg,,Main,Half plate,Restaurant half,350,g,624,29.8,80.5,21.0,2.8,3.5,1470,Medium
D228,Fish biryani,,Biryani,South,Non-Veg,,Main,Full plate,Restaurant full,650,g,1160,55.2,149.5,39.0,5.2,6.5,2730,Medium
D229,"Toor / arhar dal (home, light tadka)","Arhar dal, tuvar dal, paruppu",Dal & Legumes,Pan-India,Veg,,Main,Small,Small katori (100 ml),100,g,84,4.8,13.0,2.0,2.8,0.8,300,Medium
D229,"Toor / arhar dal (home, light tadka)","Arhar dal, tuvar dal, paruppu",Dal & Legumes,Pan-India,Veg,,Main,Medium,1 standard katori (150 ml),150,g,125,7.2,19.5,3.0,4.2,1.2,450,Medium
D229,"Toor / arhar dal (home, light tadka)","Arhar dal, tuvar dal, paruppu",Dal & Legumes,Pan-India,Veg,,Main,Large,Large bowl (200 ml),200,g,167,9.6,26.0,4.0,5.6,1.6,600,Medium
D229,"Toor / arhar dal (home, light tadka)","Arhar dal, tuvar dal, paruppu",Dal & Legumes,Pan-India,Veg,,Main,Half plate,Restaurant half (~1 person),250,g,209,12.0,32.5,5.0,7.0,2.0,750,Medium
D229,"Toor / arhar dal (home, light tadka)","Arhar dal, tuvar dal, paruppu",Dal & Legumes,Pan-India,Veg,,Main,Full plate,Restaurant full (~2 persons),500,g,418,24.0,65.0,10.0,14.0,4.0,1500,Medium
D230,Dal tadka (restaurant),Dal fry tadka,Dal & Legumes,North,Veg,,Main,Small,Small katori (100 ml),100,g,116,5.0,13.0,5.5,2.8,1.2,380,Medium
D230,Dal tadka (restaurant),Dal fry tadka,Dal & Legumes,North,Veg,,Main,Medium,1 standard katori (150 ml),150,g,174,7.5,19.5,8.2,4.2,1.8,570,Medium
D230,Dal tadka (restaurant),Dal fry tadka,Dal & Legumes,North,Veg,,Main,Large,Large bowl (200 ml),200,g,232,10.0,26.0,11.0,5.6,2.4,760,Medium
D230,Dal tadka (restaurant),Dal fry tadka,Dal & Legumes,North,Veg,,Main,Half plate,Restaurant half (~1 person),250,g,290,12.5,32.5,13.8,7.0,3.0,950,Medium
D230,Dal tadka (restaurant),Dal fry tadka,Dal & Legumes,North,Veg,,Main,Full plate,Restaurant full (~2 persons),500,g,580,25.0,65.0,27.5,14.0,6.0,1900,Medium
D231,Dal fry,,Dal & Legumes,North,Veg,,Main,Small,Small katori (100 ml),100,g,111,5.0,13.0,5.0,2.8,1.2,380,Medium
D231,Dal fry,,Dal & Legumes,North,Veg,,Main,Medium,1 standard katori (150 ml),150,g,167,7.5,19.5,7.5,4.2,1.8,570,Medium
D231,Dal fry,,Dal & Legumes,North,Veg,,Main,Large,Large bowl (200 ml),200,g,223,10.0,26.0,10.0,5.6,2.4,760,Medium
D231,Dal fry,,Dal & Legumes,North,Veg,,Main,Half plate,Restaurant half (~1 person),250,g,278,12.5,32.5,12.5,7.0,3.0,950,Medium
D231,Dal fry,,Dal & Legumes,North,Veg,,Main,Full plate,Restaurant full (~2 persons),500,g,557,25.0,65.0,25.0,14.0,6.0,1900,Medium
D232,Moong dal (yellow),Dhuli moong dal,Dal & Legumes,Pan-India,Veg,,Main,Small,Small katori (100 ml),100,g,85,5.3,12.5,2.0,2.2,0.5,280,Medium
D232,Moong dal (yellow),Dhuli moong dal,Dal & Legumes,Pan-India,Veg,,Main,Medium,1 standard katori (150 ml),150,g,127,7.9,18.8,3.0,3.3,0.8,420,Medium
D232,Moong dal (yellow),Dhuli moong dal,Dal & Legumes,Pan-India,Veg,,Main,Large,Large bowl (200 ml),200,g,170,10.6,25.0,4.0,4.4,1.0,560,Medium
D232,Moong dal (yellow),Dhuli moong dal,Dal & Legumes,Pan-India,Veg,,Main,Half plate,Restaurant half (~1 person),250,g,212,13.2,31.2,5.0,5.5,1.2,700,Medium
D232,Moong dal (yellow),Dhuli moong dal,Dal & Legumes,Pan-India,Veg,,Main,Full plate,Restaurant full (~2 persons),500,g,424,26.5,62.5,10.0,11.0,2.5,1400,Medium
D233,Masoor dal (red lentil),Lal masoor,Dal & Legumes,Pan-India,Veg,,Main,Small,Small katori (100 ml),100,g,86,5.5,13.0,2.0,2.8,0.8,280,Medium
D233,Masoor dal (red lentil),Lal masoor,Dal & Legumes,Pan-India,Veg,,Main,Medium,1 standard katori (150 ml),150,g,130,8.2,19.5,3.0,4.2,1.2,420,Medium
D233,Masoor dal (red lentil),Lal masoor,Dal & Legumes,Pan-India,Veg,,Main,Large,Large bowl (200 ml),200,g,173,11.0,26.0,4.0,5.6,1.6,560,Medium
D233,Masoor dal (red lentil),Lal masoor,Dal & Legumes,Pan-India,Veg,,Main,Half plate,Restaurant half (~1 person),250,g,216,13.8,32.5,5.0,7.0,2.0,700,Medium
D233,Masoor dal (red lentil),Lal masoor,Dal & Legumes,Pan-India,Veg,,Main,Full plate,Restaurant full (~2 persons),500,g,432,27.5,65.0,10.0,14.0,4.0,1400,Medium
D234,Chana dal,Split Bengal gram dal,Dal & Legumes,Pan-India,Veg,,Main,Small,Small katori (100 ml),100,g,107,6.0,16.0,3.0,4.0,1.5,300,High
D234,Chana dal,Split Bengal gram dal,Dal & Legumes,Pan-India,Veg,,Main,Medium,1 standard katori (150 ml),150,g,160,9.0,24.0,4.5,6.0,2.2,450,High
D234,Chana dal,Split Bengal gram dal,Dal & Legumes,Pan-India,Veg,,Main,Large,Large bowl (200 ml),200,g,214,12.0,32.0,6.0,8.0,3.0,600,High
D234,Chana dal,Split Bengal gram dal,Dal & Legumes,Pan-India,Veg,,Main,Half plate,Restaurant half (~1 person),250,g,268,15.0,40.0,7.5,10.0,3.8,750,High
D234,Chana dal,Split Bengal gram dal,Dal & Legumes,Pan-India,Veg,,Main,Full plate,Restaurant full (~2 persons),500,g,535,30.0,80.0,15.0,20.0,7.5,1500,High
D235,Urad dal (dhuli),Washed urad dal,Dal & Legumes,North,Veg,,Main,Small,Small katori (100 ml),100,g,94,5.5,12.5,3.0,2.5,0.5,300,Medium
D235,Urad dal (dhuli),Washed urad dal,Dal & Legumes,North,Veg,,Main,Medium,1 standard katori (150 ml),150,g,141,8.2,18.8,4.5,3.8,0.8,450,Medium
D235,Urad dal (dhuli),Washed urad dal,Dal & Legumes,North,Veg,,Main,Large,Large bowl (200 ml),200,g,188,11.0,25.0,6.0,5.0,1.0,600,Medium
D235,Urad dal (dhuli),Washed urad dal,Dal & Legumes,North,Veg,,Main,Half plate,Restaurant half (~1 person),250,g,235,13.8,31.2,7.5,6.2,1.2,750,Medium
D235,Urad dal (dhuli),Washed urad dal,Dal & Legumes,North,Veg,,Main,Full plate,Restaurant full (~2 persons),500,g,470,27.5,62.5,15.0,12.5,2.5,1500,Medium
D236,Whole moong dal,Sabut moong,Dal & Legumes,Pan-India,Veg,,Main,Small,Small katori (100 ml),100,g,103,6.0,15.0,3.0,4.0,1.0,300,Medium
D236,Whole moong dal,Sabut moong,Dal & Legumes,Pan-India,Veg,,Main,Medium,1 standard katori (150 ml),150,g,154,9.0,22.5,4.5,6.0,1.5,450,Medium
D236,Whole moong dal,Sabut moong,Dal & Legumes,Pan-India,Veg,,Main,Large,Large bowl (200 ml),200,g,206,12.0,30.0,6.0,8.0,2.0,600,Medium
D236,Whole moong dal,Sabut moong,Dal & Legumes,Pan-India,Veg,,Main,Half plate,Restaurant half (~1 person),250,g,258,15.0,37.5,7.5,10.0,2.5,750,Medium
D236,Whole moong dal,Sabut moong,Dal & Legumes,Pan-India,Veg,,Main,Full plate,Restaurant full (~2 persons),500,g,515,30.0,75.0,15.0,20.0,5.0,1500,Medium
D237,Mixed dal / Panchmel dal,Panchratna dal,Dal & Legumes,North,Veg,,Main,Small,Small katori (100 ml),100,g,103,5.5,14.0,3.5,3.2,1.0,320,High
D237,Mixed dal / Panchmel dal,Panchratna dal,Dal & Legumes,North,Veg,,Main,Medium,1 standard katori (150 ml),150,g,155,8.2,21.0,5.2,4.8,1.5,480,High
D237,Mixed dal / Panchmel dal,Panchratna dal,Dal & Legumes,North,Veg,,Main,Large,Large bowl (200 ml),200,g,206,11.0,28.0,7.0,6.4,2.0,640,High
D237,Mixed dal / Panchmel dal,Panchratna dal,Dal & Legumes,North,Veg,,Main,Half plate,Restaurant half (~1 person),250,g,258,13.8,35.0,8.8,8.0,2.5,800,High
D237,Mixed dal / Panchmel dal,Panchratna dal,Dal & Legumes,North,Veg,,Main,Full plate,Restaurant full (~2 persons),500,g,516,27.5,70.0,17.5,16.0,5.0,1600,High
D238,Dal makhani (restaurant),,Dal & Legumes,North,Veg,,Main,Small,Small katori (100 ml),100,g,146,5.5,14.0,8.5,4.0,1.5,400,Medium
D238,Dal makhani (restaurant),,Dal & Legumes,North,Veg,,Main,Medium,1 standard katori (150 ml),150,g,220,8.2,21.0,12.8,6.0,2.2,600,Medium
D238,Dal makhani (restaurant),,Dal & Legumes,North,Veg,,Main,Large,Large bowl (200 ml),200,g,293,11.0,28.0,17.0,8.0,3.0,800,Medium
D238,Dal makhani (restaurant),,Dal & Legumes,North,Veg,,Main,Half plate,Restaurant half (~1 person),250,g,366,13.8,35.0,21.2,10.0,3.8,1000,Medium
D238,Dal makhani (restaurant),,Dal & Legumes,North,Veg,,Main,Full plate,Restaurant full (~2 persons),500,g,732,27.5,70.0,42.5,20.0,7.5,2000,Medium
D239,"Dal makhani (home, light)",Maa ki dal,Dal & Legumes,North,Veg,,Main,Small,Small katori (100 ml),100,g,106,5.5,14.0,4.0,4.0,1.5,350,Medium
D239,"Dal makhani (home, light)",Maa ki dal,Dal & Legumes,North,Veg,,Main,Medium,1 standard katori (150 ml),150,g,159,8.2,21.0,6.0,6.0,2.2,525,Medium
D239,"Dal makhani (home, light)",Maa ki dal,Dal & Legumes,North,Veg,,Main,Large,Large bowl (200 ml),200,g,212,11.0,28.0,8.0,8.0,3.0,700,Medium
D239,"Dal makhani (home, light)",Maa ki dal,Dal & Legumes,North,Veg,,Main,Half plate,Restaurant half (~1 person),250,g,265,13.8,35.0,10.0,10.0,3.8,875,Medium
D239,"Dal makhani (home, light)",Maa ki dal,Dal & Legumes,North,Veg,,Main,Full plate,Restaurant full (~2 persons),500,g,530,27.5,70.0,20.0,20.0,7.5,1750,Medium
D240,Rajma masala,"Rajma, kidney bean curry",Dal & Legumes,North,Veg,,Main,Small,Small katori (100 ml),100,g,116,5.0,16.0,4.5,4.5,1.5,350,High
D240,Rajma masala,"Rajma, kidney bean curry",Dal & Legumes,North,Veg,,Main,Medium,1 standard katori (150 ml),150,g,173,7.5,24.0,6.8,6.8,2.2,525,High
D240,Rajma masala,"Rajma, kidney bean curry",Dal & Legumes,North,Veg,,Main,Large,Large bowl (200 ml),200,g,231,10.0,32.0,9.0,9.0,3.0,700,High
D240,Rajma masala,"Rajma, kidney bean curry",Dal & Legumes,North,Veg,,Main,Half plate,Restaurant half (~1 person),250,g,289,12.5,40.0,11.2,11.2,3.8,875,High
D240,Rajma masala,"Rajma, kidney bean curry",Dal & Legumes,North,Veg,,Main,Full plate,Restaurant full (~2 persons),500,g,578,25.0,80.0,22.5,22.5,7.5,1750,High
D241,Chole / Chana masala,"Kabuli chana curry, chickpea curry",Dal & Legumes,North,Veg,,Main,Small,Small katori (100 ml),100,g,145,6.5,19.0,6.0,5.5,2.0,400,High
D241,Chole / Chana masala,"Kabuli chana curry, chickpea curry",Dal & Legumes,North,Veg,,Main,Medium,1 standard katori (150 ml),150,g,218,9.8,28.5,9.0,8.2,3.0,600,High
D241,Chole / Chana masala,"Kabuli chana curry, chickpea curry",Dal & Legumes,North,Veg,,Main,Large,Large bowl (200 ml),200,g,290,13.0,38.0,12.0,11.0,4.0,800,High
D241,Chole / Chana masala,"Kabuli chana curry, chickpea curry",Dal & Legumes,North,Veg,,Main,Half plate,Restaurant half (~1 person),250,g,362,16.2,47.5,15.0,13.8,5.0,1000,High
D241,Chole / Chana masala,"Kabuli chana curry, chickpea curry",Dal & Legumes,North,Veg,,Main,Full plate,Restaurant full (~2 persons),500,g,725,32.5,95.0,30.0,27.5,10.0,2000,High
D242,Pindi chole (dry style),Amritsari chole,Dal & Legumes,North,Veg,,Main,Small,Small katori (100 ml),100,g,172,7.5,22.0,7.5,6.5,2.0,420,Medium
D242,Pindi chole (dry style),Amritsari chole,Dal & Legumes,North,Veg,,Main,Medium,1 standard katori (150 ml),150,g,259,11.2,33.0,11.2,9.8,3.0,630,Medium
D242,Pindi chole (dry style),Amritsari chole,Dal & Legumes,North,Veg,,Main,Large,Large bowl (200 ml),200,g,345,15.0,44.0,15.0,13.0,4.0,840,Medium
D242,Pindi chole (dry style),Amritsari chole,Dal & Legumes,North,Veg,,Main,Half plate,Restaurant half (~1 person),250,g,431,18.8,55.0,18.8,16.2,5.0,1050,Medium
D242,Pindi chole (dry style),Amritsari chole,Dal & Legumes,North,Veg,,Main,Full plate,Restaurant full (~2 persons),500,g,862,37.5,110.0,37.5,32.5,10.0,2100,Medium
D243,Kala chana curry,Black chickpea curry,Dal & Legumes,North,Veg,,Main,Small,Small katori (100 ml),100,g,126,6.5,18.0,4.5,6.0,1.5,350,High
D243,Kala chana curry,Black chickpea curry,Dal & Legumes,North,Veg,,Main,Medium,1 standard katori (150 ml),150,g,190,9.8,27.0,6.8,9.0,2.2,525,High
D243,Kala chana curry,Black chickpea curry,Dal & Legumes,North,Veg,,Main,Large,Large bowl (200 ml),200,g,253,13.0,36.0,9.0,12.0,3.0,700,High
D243,Kala chana curry,Black chickpea curry,Dal & Legumes,North,Veg,,Main,Half plate,Restaurant half (~1 person),250,g,316,16.2,45.0,11.2,15.0,3.8,875,High
D243,Kala chana curry,Black chickpea curry,Dal & Legumes,North,Veg,,Main,Full plate,Restaurant full (~2 persons),500,g,632,32.5,90.0,22.5,30.0,7.5,1750,High
D244,Kadala curry,Kerala black chana curry,Dal & Legumes,South,Veg,Yes,Main,Small,Small katori (100 ml),100,g,146,6.5,17.0,7.0,5.5,2.0,350,Medium
D244,Kadala curry,Kerala black chana curry,Dal & Legumes,South,Veg,Yes,Main,Medium,1 standard katori (150 ml),150,g,219,9.8,25.5,10.5,8.2,3.0,525,Medium
D244,Kadala curry,Kerala black chana curry,Dal & Legumes,South,Veg,Yes,Main,Large,Large bowl (200 ml),200,g,292,13.0,34.0,14.0,11.0,4.0,700,Medium
D244,Kadala curry,Kerala black chana curry,Dal & Legumes,South,Veg,Yes,Main,Half plate,Restaurant half (~1 person),250,g,365,16.2,42.5,17.5,13.8,5.0,875,Medium
D244,Kadala curry,Kerala black chana curry,Dal & Legumes,South,Veg,Yes,Main,Full plate,Restaurant full (~2 persons),500,g,730,32.5,85.0,35.0,27.5,10.0,1750,Medium
D245,Lobia curry,Black-eyed pea curry,Dal & Legumes,North,Veg,,Main,Small,Small katori (100 ml),100,g,119,6.0,17.0,4.0,4.5,1.5,350,Medium
D245,Lobia curry,Black-eyed pea curry,Dal & Legumes,North,Veg,,Main,Medium,1 standard katori (150 ml),150,g,178,9.0,25.5,6.0,6.8,2.2,525,Medium
D245,Lobia curry,Black-eyed pea curry,Dal & Legumes,North,Veg,,Main,Large,Large bowl (200 ml),200,g,238,12.0,34.0,8.0,9.0,3.0,700,Medium
D245,Lobia curry,Black-eyed pea curry,Dal & Legumes,North,Veg,,Main,Half plate,Restaurant half (~1 person),250,g,298,15.0,42.5,10.0,11.2,3.8,875,Medium
D245,Lobia curry,Black-eyed pea curry,Dal & Legumes,North,Veg,,Main,Full plate,Restaurant full (~2 persons),500,g,595,30.0,85.0,20.0,22.5,7.5,1750,Medium
D246,Kadhi pakora (Punjabi),Kadhi pakodi,Dal & Legumes,North,Veg,,Main,Small,Small katori (100 ml),100,g,106,3.5,9.0,6.5,1.0,2.5,380,Medium
D246,Kadhi pakora (Punjabi),Kadhi pakodi,Dal & Legumes,North,Veg,,Main,Medium,1 standard katori (150 ml),150,g,160,5.2,13.5,9.8,1.5,3.8,570,Medium
D246,Kadhi pakora (Punjabi),Kadhi pakodi,Dal & Legumes,North,Veg,,Main,Large,Large bowl (200 ml),200,g,213,7.0,18.0,13.0,2.0,5.0,760,Medium
D246,Kadhi pakora (Punjabi),Kadhi pakodi,Dal & Legumes,North,Veg,,Main,Half plate,Restaurant half (~1 person),250,g,266,8.8,22.5,16.2,2.5,6.2,950,Medium
D246,Kadhi pakora (Punjabi),Kadhi pakodi,Dal & Legumes,North,Veg,,Main,Full plate,Restaurant full (~2 persons),500,g,532,17.5,45.0,32.5,5.0,12.5,1900,Medium
D247,Gujarati kadhi,Sweet kadhi (no pakora),Dal & Legumes,West,Veg,,Main,Small,Small katori (100 ml),100,g,58,2.0,7.0,2.5,0.5,4.0,350,Medium
D247,Gujarati kadhi,Sweet kadhi (no pakora),Dal & Legumes,West,Veg,,Main,Medium,1 standard katori (150 ml),150,g,86,3.0,10.5,3.8,0.8,6.0,525,Medium
D247,Gujarati kadhi,Sweet kadhi (no pakora),Dal & Legumes,West,Veg,,Main,Large,Large bowl (200 ml),200,g,115,4.0,14.0,5.0,1.0,8.0,700,Medium
D247,Gujarati kadhi,Sweet kadhi (no pakora),Dal & Legumes,West,Veg,,Main,Half plate,Restaurant half (~1 person),250,g,144,5.0,17.5,6.2,1.2,10.0,875,Medium
D247,Gujarati kadhi,Sweet kadhi (no pakora),Dal & Legumes,West,Veg,,Main,Full plate,Restaurant full (~2 persons),500,g,288,10.0,35.0,12.5,2.5,20.0,1750,Medium
D248,Gujarati dal (sweet-sour),Khatti meethi dal,Dal & Legumes,West,Veg,,Main,Small,Small katori (100 ml),100,g,90,4.0,14.0,2.5,2.5,4.0,330,Medium
D248,Gujarati dal (sweet-sour),Khatti meethi dal,Dal & Legumes,West,Veg,,Main,Medium,1 standard katori (150 ml),150,g,134,6.0,21.0,3.8,3.8,6.0,495,Medium
D248,Gujarati dal (sweet-sour),Khatti meethi dal,Dal & Legumes,West,Veg,,Main,Large,Large bowl (200 ml),200,g,179,8.0,28.0,5.0,5.0,8.0,660,Medium
D248,Gujarati dal (sweet-sour),Khatti meethi dal,Dal & Legumes,West,Veg,,Main,Half plate,Restaurant half (~1 person),250,g,224,10.0,35.0,6.2,6.2,10.0,825,Medium
D248,Gujarati dal (sweet-sour),Khatti meethi dal,Dal & Legumes,West,Veg,,Main,Full plate,Restaurant full (~2 persons),500,g,448,20.0,70.0,12.5,12.5,20.0,1650,Medium
D249,Dal dhokli,,Dal & Legumes,West,Veg,,Main,Small,Small katori (100 ml),100,g,104,4.5,15.0,3.5,2.5,3.0,350,Medium
D249,Dal dhokli,,Dal & Legumes,West,Veg,,Main,Medium,1 standard katori (150 ml),150,g,157,6.8,22.5,5.2,3.8,4.5,525,Medium
D249,Dal dhokli,,Dal & Legumes,West,Veg,,Main,Large,Large bowl (200 ml),200,g,209,9.0,30.0,7.0,5.0,6.0,700,Medium
D249,Dal dhokli,,Dal & Legumes,West,Veg,,Main,Half plate,Restaurant half (~1 person),250,g,261,11.2,37.5,8.8,6.2,7.5,875,Medium
D249,Dal dhokli,,Dal & Legumes,West,Veg,,Main,Full plate,Restaurant full (~2 persons),500,g,522,22.5,75.0,17.5,12.5,15.0,1750,Medium
D250,Sambar,Sambhar,Dal & Legumes,South,Veg,Yes,Main,Small,Small katori (100 ml),100,g,76,3.5,10.5,2.8,2.6,2.0,330,Medium
D250,Sambar,Sambhar,Dal & Legumes,South,Veg,Yes,Main,Medium,1 standard katori (150 ml),150,g,114,5.2,15.8,4.2,3.9,3.0,495,Medium
D250,Sambar,Sambhar,Dal & Legumes,South,Veg,Yes,Main,Large,Large bowl (200 ml),200,g,152,7.0,21.0,5.6,5.2,4.0,660,Medium
D250,Sambar,Sambhar,Dal & Legumes,South,Veg,Yes,Main,Half plate,Restaurant half (~1 person),250,g,190,8.8,26.2,7.0,6.5,5.0,825,Medium
D250,Sambar,Sambhar,Dal & Legumes,South,Veg,Yes,Main,Full plate,Restaurant full (~2 persons),500,g,380,17.5,52.5,14.0,13.0,10.0,1650,Medium
D251,Rasam,"Saaru, charu",Dal & Legumes,South,Veg,Yes,Main,Small,Small cup (150 ml),150,ml,44,1.5,6.0,1.8,0.9,2.2,525,High
D251,Rasam,"Saaru, charu",Dal & Legumes,South,Veg,Yes,Main,Medium,1 soup bowl (250 ml),250,ml,74,2.5,10.0,3.0,1.5,3.8,875,High
D251,Rasam,"Saaru, charu",Dal & Legumes,South,Veg,Yes,Main,Large,Large bowl (350 ml),350,ml,104,3.5,14.0,4.2,2.1,5.2,1225,High
D252,Dalma (Odia),,Dal & Legumes,East,Veg,,Main,Small,Small katori (100 ml),100,g,90,4.5,13.0,3.0,3.5,2.0,320,Medium
D252,Dalma (Odia),,Dal & Legumes,East,Veg,,Main,Medium,1 standard katori (150 ml),150,g,135,6.8,19.5,4.5,5.2,3.0,480,Medium
D252,Dalma (Odia),,Dal & Legumes,East,Veg,,Main,Large,Large bowl (200 ml),200,g,180,9.0,26.0,6.0,7.0,4.0,640,Medium
D252,Dalma (Odia),,Dal & Legumes,East,Veg,,Main,Half plate,Restaurant half (~1 person),250,g,225,11.2,32.5,7.5,8.8,5.0,800,Medium
D252,Dalma (Odia),,Dal & Legumes,East,Veg,,Main,Full plate,Restaurant full (~2 persons),500,g,450,22.5,65.0,15.0,17.5,10.0,1600,Medium
D253,Cholar dal (Bengali),,Dal & Legumes,East,Veg,,Main,Small,Small katori (100 ml),100,g,133,6.0,18.0,5.0,4.0,4.0,330,Medium
D253,Cholar dal (Bengali),,Dal & Legumes,East,Veg,,Main,Medium,1 standard katori (150 ml),150,g,200,9.0,27.0,7.5,6.0,6.0,495,Medium
D253,Cholar dal (Bengali),,Dal & Legumes,East,Veg,,Main,Large,Large bowl (200 ml),200,g,266,12.0,36.0,10.0,8.0,8.0,660,Medium
D253,Cholar dal (Bengali),,Dal & Legumes,East,Veg,,Main,Half plate,Restaurant half (~1 person),250,g,332,15.0,45.0,12.5,10.0,10.0,825,Medium
D253,Cholar dal (Bengali),,Dal & Legumes,East,Veg,,Main,Full plate,Restaurant full (~2 persons),500,g,665,30.0,90.0,25.0,20.0,20.0,1650,Medium
D254,Kulthi (horse gram) dal,Kollu,Dal & Legumes,Pan-India,Veg,,Main,Small,Small katori (100 ml),100,g,90,5.5,13.0,2.5,3.0,0.5,300,Medium
D254,Kulthi (horse gram) dal,Kollu,Dal & Legumes,Pan-India,Veg,,Main,Medium,1 standard katori (150 ml),150,g,136,8.2,19.5,3.8,4.5,0.8,450,Medium
D254,Kulthi (horse gram) dal,Kollu,Dal & Legumes,Pan-India,Veg,,Main,Large,Large bowl (200 ml),200,g,181,11.0,26.0,5.0,6.0,1.0,600,Medium
D254,Kulthi (horse gram) dal,Kollu,Dal & Legumes,Pan-India,Veg,,Main,Half plate,Restaurant half (~1 person),250,g,226,13.8,32.5,6.2,7.5,1.2,750,Medium
D254,Kulthi (horse gram) dal,Kollu,Dal & Legumes,Pan-India,Veg,,Main,Full plate,Restaurant full (~2 persons),500,g,452,27.5,65.0,12.5,15.0,2.5,1500,Medium
D255,Usal (sprouted matki curry),Matki usal,Dal & Legumes,West,Veg,Yes,Main,Small,Small katori (100 ml),100,g,116,6.0,14.0,5.0,4.5,2.0,380,Medium
D255,Usal (sprouted matki curry),Matki usal,Dal & Legumes,West,Veg,Yes,Main,Medium,1 standard katori (150 ml),150,g,174,9.0,21.0,7.5,6.8,3.0,570,Medium
D255,Usal (sprouted matki curry),Matki usal,Dal & Legumes,West,Veg,Yes,Main,Large,Large bowl (200 ml),200,g,232,12.0,28.0,10.0,9.0,4.0,760,Medium
D255,Usal (sprouted matki curry),Matki usal,Dal & Legumes,West,Veg,Yes,Main,Half plate,Restaurant half (~1 person),250,g,290,15.0,35.0,12.5,11.2,5.0,950,Medium
D255,Usal (sprouted matki curry),Matki usal,Dal & Legumes,West,Veg,Yes,Main,Full plate,Restaurant full (~2 persons),500,g,580,30.0,70.0,25.0,22.5,10.0,1900,Medium
D256,Ghugni,Yellow pea curry,Dal & Legumes,East,Veg,Yes,Snack,Small,Small katori (100 ml),100,g,114,6.0,16.0,4.0,5.0,1.5,380,Medium
D256,Ghugni,Yellow pea curry,Dal & Legumes,East,Veg,Yes,Snack,Medium,1 standard katori (150 ml),150,g,171,9.0,24.0,6.0,7.5,2.2,570,Medium
D256,Ghugni,Yellow pea curry,Dal & Legumes,East,Veg,Yes,Snack,Large,Large bowl (200 ml),200,g,228,12.0,32.0,8.0,10.0,3.0,760,Medium
D256,Ghugni,Yellow pea curry,Dal & Legumes,East,Veg,Yes,Snack,Half plate,Restaurant half (~1 person),250,g,285,15.0,40.0,10.0,12.5,3.8,950,Medium
D256,Ghugni,Yellow pea curry,Dal & Legumes,East,Veg,Yes,Snack,Full plate,Restaurant full (~2 persons),500,g,570,30.0,80.0,20.0,25.0,7.5,1900,Medium
D257,Ragda (white peas curry),,Dal & Legumes,West,Veg,Yes,Snack,Small,Small katori (100 ml),100,g,113,6.0,18.0,3.0,5.0,1.5,350,Medium
D257,Ragda (white peas curry),,Dal & Legumes,West,Veg,Yes,Snack,Medium,1 standard katori (150 ml),150,g,170,9.0,27.0,4.5,7.5,2.2,525,Medium
D257,Ragda (white peas curry),,Dal & Legumes,West,Veg,Yes,Snack,Large,Large bowl (200 ml),200,g,226,12.0,36.0,6.0,10.0,3.0,700,Medium
D257,Ragda (white peas curry),,Dal & Legumes,West,Veg,Yes,Snack,Half plate,Restaurant half (~1 person),250,g,282,15.0,45.0,7.5,12.5,3.8,875,Medium
D257,Ragda (white peas curry),,Dal & Legumes,West,Veg,Yes,Snack,Full plate,Restaurant full (~2 persons),500,g,565,30.0,90.0,15.0,25.0,7.5,1750,Medium
D258,Soya chunks curry,Nutrela/meal maker curry,Dal & Legumes,Pan-India,Veg,,Main,Small,Small katori (100 ml),100,g,111,9.0,9.0,5.0,3.0,2.5,380,Medium
D258,Soya chunks curry,Nutrela/meal maker curry,Dal & Legumes,Pan-India,Veg,,Main,Medium,1 standard katori (150 ml),150,g,166,13.5,13.5,7.5,4.5,3.8,570,Medium
D258,Soya chunks curry,Nutrela/meal maker curry,Dal & Legumes,Pan-India,Veg,,Main,Large,Large bowl (200 ml),200,g,222,18.0,18.0,10.0,6.0,5.0,760,Medium
D258,Soya chunks curry,Nutrela/meal maker curry,Dal & Legumes,Pan-India,Veg,,Main,Half plate,Restaurant half (~1 person),250,g,278,22.5,22.5,12.5,7.5,6.2,950,Medium
D258,Soya chunks curry,Nutrela/meal maker curry,Dal & Legumes,Pan-India,Veg,,Main,Full plate,Restaurant full (~2 persons),500,g,555,45.0,45.0,25.0,15.0,12.5,1900,Medium
D259,Gatte ki sabzi,Besan gatte curry,Dal & Legumes,West,Veg,,Main,Small,Small katori (100 ml),100,g,156,6.0,14.0,9.0,2.5,2.5,400,High
D259,Gatte ki sabzi,Besan gatte curry,Dal & Legumes,West,Veg,,Main,Medium,1 standard katori (150 ml),150,g,234,9.0,21.0,13.5,3.8,3.8,600,High
D259,Gatte ki sabzi,Besan gatte curry,Dal & Legumes,West,Veg,,Main,Large,Large bowl (200 ml),200,g,312,12.0,28.0,18.0,5.0,5.0,800,High
D259,Gatte ki sabzi,Besan gatte curry,Dal & Legumes,West,Veg,,Main,Half plate,Restaurant half (~1 person),250,g,390,15.0,35.0,22.5,6.2,6.2,1000,High
D259,Gatte ki sabzi,Besan gatte curry,Dal & Legumes,West,Veg,,Main,Full plate,Restaurant full (~2 persons),500,g,780,30.0,70.0,45.0,12.5,12.5,2000,High
D260,Paneer butter masala,Paneer makhani,Veg Curries (Gravy),North,Veg,,Main,Small,Small katori (100 ml),100,g,195,7.5,8.0,15.0,1.2,4.0,450,Medium
D260,Paneer butter masala,Paneer makhani,Veg Curries (Gravy),North,Veg,,Main,Medium,1 standard katori (150 ml),150,g,292,11.2,12.0,22.5,1.8,6.0,675,Medium
D260,Paneer butter masala,Paneer makhani,Veg Curries (Gravy),North,Veg,,Main,Large,Large bowl (200 ml),200,g,389,15.0,16.0,30.0,2.4,8.0,900,Medium
D260,Paneer butter masala,Paneer makhani,Veg Curries (Gravy),North,Veg,,Main,Half plate,Restaurant half (~1 person),250,g,486,18.8,20.0,37.5,3.0,10.0,1125,Medium
D260,Paneer butter masala,Paneer makhani,Veg Curries (Gravy),North,Veg,,Main,Full plate,Restaurant full (~2 persons),500,g,973,37.5,40.0,75.0,6.0,20.0,2250,Medium
D261,Shahi paneer,,Veg Curries (Gravy),North,Veg,,Main,Small,Small katori (100 ml),100,g,206,7.5,8.5,16.0,1.0,4.5,450,Medium
D261,Shahi paneer,,Veg Curries (Gravy),North,Veg,,Main,Medium,1 standard katori (150 ml),150,g,309,11.2,12.8,24.0,1.5,6.8,675,Medium
D261,Shahi paneer,,Veg Curries (Gravy),North,Veg,,Main,Large,Large bowl (200 ml),200,g,412,15.0,17.0,32.0,2.0,9.0,900,Medium
D261,Shahi paneer,,Veg Curries (Gravy),North,Veg,,Main,Half plate,Restaurant half (~1 person),250,g,515,18.8,21.2,40.0,2.5,11.2,1125,Medium
D261,Shahi paneer,,Veg Curries (Gravy),North,Veg,,Main,Full plate,Restaurant full (~2 persons),500,g,1030,37.5,42.5,80.0,5.0,22.5,2250,Medium
D262,Kadai paneer,Karahi paneer,Veg Curries (Gravy),North,Veg,,Main,Small,Small katori (100 ml),100,g,169,8.0,7.0,12.5,1.8,3.0,420,Medium
D262,Kadai paneer,Karahi paneer,Veg Curries (Gravy),North,Veg,,Main,Medium,1 standard katori (150 ml),150,g,253,12.0,10.5,18.8,2.7,4.5,630,Medium
D262,Kadai paneer,Karahi paneer,Veg Curries (Gravy),North,Veg,,Main,Large,Large bowl (200 ml),200,g,338,16.0,14.0,25.0,3.6,6.0,840,Medium
D262,Kadai paneer,Karahi paneer,Veg Curries (Gravy),North,Veg,,Main,Half plate,Restaurant half (~1 person),250,g,422,20.0,17.5,31.2,4.5,7.5,1050,Medium
D262,Kadai paneer,Karahi paneer,Veg Curries (Gravy),North,Veg,,Main,Full plate,Restaurant full (~2 persons),500,g,844,40.0,35.0,62.5,9.0,15.0,2100,Medium
D263,Palak paneer,Saag paneer,Veg Curries (Gravy),North,Veg,,Main,Small,Small katori (100 ml),100,g,136,6.5,6.0,10.0,2.2,1.5,380,Medium
D263,Palak paneer,Saag paneer,Veg Curries (Gravy),North,Veg,,Main,Medium,1 standard katori (150 ml),150,g,203,9.8,9.0,15.0,3.3,2.2,570,Medium
D263,Palak paneer,Saag paneer,Veg Curries (Gravy),North,Veg,,Main,Large,Large bowl (200 ml),200,g,271,13.0,12.0,20.0,4.4,3.0,760,Medium
D263,Palak paneer,Saag paneer,Veg Curries (Gravy),North,Veg,,Main,Half plate,Restaurant half (~1 person),250,g,339,16.2,15.0,25.0,5.5,3.8,950,Medium
D263,Palak paneer,Saag paneer,Veg Curries (Gravy),North,Veg,,Main,Full plate,Restaurant full (~2 persons),500,g,678,32.5,30.0,50.0,11.0,7.5,1900,Medium
D264,Matar paneer,Mutter paneer,Veg Curries (Gravy),North,Veg,,Main,Small,Small katori (100 ml),100,g,149,6.5,9.5,10.0,2.5,3.0,400,High
D264,Matar paneer,Mutter paneer,Veg Curries (Gravy),North,Veg,,Main,Medium,1 standard katori (150 ml),150,g,224,9.8,14.2,15.0,3.8,4.5,600,High
D264,Matar paneer,Mutter paneer,Veg Curries (Gravy),North,Veg,,Main,Large,Large bowl (200 ml),200,g,298,13.0,19.0,20.0,5.0,6.0,800,High
D264,Matar paneer,Mutter paneer,Veg Curries (Gravy),North,Veg,,Main,Half plate,Restaurant half (~1 person),250,g,372,16.2,23.8,25.0,6.2,7.5,1000,High
D264,Matar paneer,Mutter paneer,Veg Curries (Gravy),North,Veg,,Main,Full plate,Restaurant full (~2 persons),500,g,745,32.5,47.5,50.0,12.5,15.0,2000,High
D265,Paneer tikka masala,,Veg Curries (Gravy),North,Veg,,Main,Small,Small katori (100 ml),100,g,189,8.5,8.0,14.0,1.5,3.5,450,Medium
D265,Paneer tikka masala,,Veg Curries (Gravy),North,Veg,,Main,Medium,1 standard katori (150 ml),150,g,284,12.8,12.0,21.0,2.2,5.2,675,Medium
D265,Paneer tikka masala,,Veg Curries (Gravy),North,Veg,,Main,Large,Large bowl (200 ml),200,g,378,17.0,16.0,28.0,3.0,7.0,900,Medium
D265,Paneer tikka masala,,Veg Curries (Gravy),North,Veg,,Main,Half plate,Restaurant half (~1 person),250,g,472,21.2,20.0,35.0,3.8,8.8,1125,Medium
D265,Paneer tikka masala,,Veg Curries (Gravy),North,Veg,,Main,Full plate,Restaurant full (~2 persons),500,g,945,42.5,40.0,70.0,7.5,17.5,2250,Medium
D266,Paneer do pyaza,,Veg Curries (Gravy),North,Veg,,Main,Small,Small katori (100 ml),100,g,167,7.5,8.0,12.0,1.6,3.5,420,Medium
D266,Paneer do pyaza,,Veg Curries (Gravy),North,Veg,,Main,Medium,1 standard katori (150 ml),150,g,250,11.2,12.0,18.0,2.4,5.2,630,Medium
D266,Paneer do pyaza,,Veg Curries (Gravy),North,Veg,,Main,Large,Large bowl (200 ml),200,g,334,15.0,16.0,24.0,3.2,7.0,840,Medium
D266,Paneer do pyaza,,Veg Curries (Gravy),North,Veg,,Main,Half plate,Restaurant half (~1 person),250,g,417,18.8,20.0,30.0,4.0,8.8,1050,Medium
D266,Paneer do pyaza,,Veg Curries (Gravy),North,Veg,,Main,Full plate,Restaurant full (~2 persons),500,g,834,37.5,40.0,60.0,8.0,17.5,2100,Medium
D267,Paneer lababdar,,Veg Curries (Gravy),North,Veg,,Main,Small,Small katori (100 ml),100,g,187,7.5,8.5,14.0,1.3,4.0,450,Medium
D267,Paneer lababdar,,Veg Curries (Gravy),North,Veg,,Main,Medium,1 standard katori (150 ml),150,g,281,11.2,12.8,21.0,2.0,6.0,675,Medium
D267,Paneer lababdar,,Veg Curries (Gravy),North,Veg,,Main,Large,Large bowl (200 ml),200,g,375,15.0,17.0,28.0,2.6,8.0,900,Medium
D267,Paneer lababdar,,Veg Curries (Gravy),North,Veg,,Main,Half plate,Restaurant half (~1 person),250,g,468,18.8,21.2,35.0,3.2,10.0,1125,Medium
D267,Paneer lababdar,,Veg Curries (Gravy),North,Veg,,Main,Full plate,Restaurant full (~2 persons),500,g,937,37.5,42.5,70.0,6.5,20.0,2250,Medium
D268,Methi malai paneer,,Veg Curries (Gravy),North,Veg,,Main,Small,Small katori (100 ml),100,g,182,6.0,9.0,14.0,2.0,3.0,420,High
D268,Methi malai paneer,,Veg Curries (Gravy),North,Veg,,Main,Medium,1 standard katori (150 ml),150,g,273,9.0,13.5,21.0,3.0,4.5,630,High
D268,Methi malai paneer,,Veg Curries (Gravy),North,Veg,,Main,Large,Large bowl (200 ml),200,g,364,12.0,18.0,28.0,4.0,6.0,840,High
D268,Methi malai paneer,,Veg Curries (Gravy),North,Veg,,Main,Half plate,Restaurant half (~1 person),250,g,455,15.0,22.5,35.0,5.0,7.5,1050,High
D268,Methi malai paneer,,Veg Curries (Gravy),North,Veg,,Main,Full plate,Restaurant full (~2 persons),500,g,910,30.0,45.0,70.0,10.0,15.0,2100,High
D269,Methi malai matar,,Veg Curries (Gravy),North,Veg,,Main,Small,Small katori (100 ml),100,g,162,4.0,11.0,12.0,3.0,3.5,420,Medium
D269,Methi malai matar,,Veg Curries (Gravy),North,Veg,,Main,Medium,1 standard katori (150 ml),150,g,243,6.0,16.5,18.0,4.5,5.2,630,Medium
D269,Methi malai matar,,Veg Curries (Gravy),North,Veg,,Main,Large,Large bowl (200 ml),200,g,324,8.0,22.0,24.0,6.0,7.0,840,Medium
D269,Methi malai matar,,Veg Curries (Gravy),North,Veg,,Main,Half plate,Restaurant half (~1 person),250,g,405,10.0,27.5,30.0,7.5,8.8,1050,Medium
D269,Methi malai matar,,Veg Curries (Gravy),North,Veg,,Main,Full plate,Restaurant full (~2 persons),500,g,810,20.0,55.0,60.0,15.0,17.5,2100,Medium
D270,Malai kofta,,Veg Curries (Gravy),North,Veg,,Main,Small,Small katori (100 ml),100,g,213,5.0,13.0,16.0,1.6,4.5,420,Medium
D270,Malai kofta,,Veg Curries (Gravy),North,Veg,,Main,Medium,1 standard katori (150 ml),150,g,319,7.5,19.5,24.0,2.4,6.8,630,Medium
D270,Malai kofta,,Veg Curries (Gravy),North,Veg,,Main,Large,Large bowl (200 ml),200,g,426,10.0,26.0,32.0,3.2,9.0,840,Medium
D270,Malai kofta,,Veg Curries (Gravy),North,Veg,,Main,Half plate,Restaurant half (~1 person),250,g,532,12.5,32.5,40.0,4.0,11.2,1050,Medium
D270,Malai kofta,,Veg Curries (Gravy),North,Veg,,Main,Full plate,Restaurant full (~2 persons),500,g,1064,25.0,65.0,80.0,8.0,22.5,2100,Medium
D271,Dum aloo,Kashmiri/Punjabi dum aloo,Veg Curries (Gravy),North,Veg,,Main,Small,Small katori (100 ml),100,g,137,2.0,14.0,8.5,1.8,2.5,380,Medium
D271,Dum aloo,Kashmiri/Punjabi dum aloo,Veg Curries (Gravy),North,Veg,,Main,Medium,1 standard katori (150 ml),150,g,205,3.0,21.0,12.8,2.7,3.8,570,Medium
D271,Dum aloo,Kashmiri/Punjabi dum aloo,Veg Curries (Gravy),North,Veg,,Main,Large,Large bowl (200 ml),200,g,274,4.0,28.0,17.0,3.6,5.0,760,Medium
D271,Dum aloo,Kashmiri/Punjabi dum aloo,Veg Curries (Gravy),North,Veg,,Main,Half plate,Restaurant half (~1 person),250,g,342,5.0,35.0,21.2,4.5,6.2,950,Medium
D271,Dum aloo,Kashmiri/Punjabi dum aloo,Veg Curries (Gravy),North,Veg,,Main,Full plate,Restaurant full (~2 persons),500,g,684,10.0,70.0,42.5,9.0,12.5,1900,Medium
D272,Aloo matar,Potato peas curry,Veg Curries (Gravy),North,Veg,Yes,Main,Small,Small katori (100 ml),100,g,103,2.8,13.0,5.0,2.8,2.5,350,High
D272,Aloo matar,Potato peas curry,Veg Curries (Gravy),North,Veg,Yes,Main,Medium,1 standard katori (150 ml),150,g,154,4.2,19.5,7.5,4.2,3.8,525,High
D272,Aloo matar,Potato peas curry,Veg Curries (Gravy),North,Veg,Yes,Main,Large,Large bowl (200 ml),200,g,205,5.6,26.0,10.0,5.6,5.0,700,High
D272,Aloo matar,Potato peas curry,Veg Curries (Gravy),North,Veg,Yes,Main,Half plate,Restaurant half (~1 person),250,g,256,7.0,32.5,12.5,7.0,6.2,875,High
D272,Aloo matar,Potato peas curry,Veg Curries (Gravy),North,Veg,Yes,Main,Full plate,Restaurant full (~2 persons),500,g,513,14.0,65.0,25.0,14.0,12.5,1750,High
D273,Aloo tamatar (rasedar aloo),"Potato curry, aloo ki sabzi (gravy)",Veg Curries (Gravy),North,Veg,Yes,Main,Small,Small katori (100 ml),100,g,88,1.8,12.0,4.0,1.8,2.5,350,High
D273,Aloo tamatar (rasedar aloo),"Potato curry, aloo ki sabzi (gravy)",Veg Curries (Gravy),North,Veg,Yes,Main,Medium,1 standard katori (150 ml),150,g,131,2.7,18.0,6.0,2.7,3.8,525,High
D273,Aloo tamatar (rasedar aloo),"Potato curry, aloo ki sabzi (gravy)",Veg Curries (Gravy),North,Veg,Yes,Main,Large,Large bowl (200 ml),200,g,175,3.6,24.0,8.0,3.6,5.0,700,High
D273,Aloo tamatar (rasedar aloo),"Potato curry, aloo ki sabzi (gravy)",Veg Curries (Gravy),North,Veg,Yes,Main,Half plate,Restaurant half (~1 person),250,g,219,4.5,30.0,10.0,4.5,6.2,875,High
D273,Aloo tamatar (rasedar aloo),"Potato curry, aloo ki sabzi (gravy)",Veg Curries (Gravy),North,Veg,Yes,Main,Full plate,Restaurant full (~2 persons),500,g,438,9.0,60.0,20.0,9.0,12.5,1750,High
D274,Mix veg curry,Mixed vegetable,Veg Curries (Gravy),North,Veg,,Main,Small,Small katori (100 ml),100,g,105,2.8,9.0,7.0,2.8,3.0,380,Medium
D274,Mix veg curry,Mixed vegetable,Veg Curries (Gravy),North,Veg,,Main,Medium,1 standard katori (150 ml),150,g,157,4.2,13.5,10.5,4.2,4.5,570,Medium
D274,Mix veg curry,Mixed vegetable,Veg Curries (Gravy),North,Veg,,Main,Large,Large bowl (200 ml),200,g,209,5.6,18.0,14.0,5.6,6.0,760,Medium
D274,Mix veg curry,Mixed vegetable,Veg Curries (Gravy),North,Veg,,Main,Half plate,Restaurant half (~1 person),250,g,262,7.0,22.5,17.5,7.0,7.5,950,Medium
D274,Mix veg curry,Mixed vegetable,Veg Curries (Gravy),North,Veg,,Main,Full plate,Restaurant full (~2 persons),500,g,523,14.0,45.0,35.0,14.0,15.0,1900,Medium
D275,Veg kolhapuri,,Veg Curries (Gravy),West,Veg,,Main,Small,Small katori (100 ml),100,g,127,3.0,10.0,9.0,3.0,3.5,420,Medium
D275,Veg kolhapuri,,Veg Curries (Gravy),West,Veg,,Main,Medium,1 standard katori (150 ml),150,g,190,4.5,15.0,13.5,4.5,5.2,630,Medium
D275,Veg kolhapuri,,Veg Curries (Gravy),West,Veg,,Main,Large,Large bowl (200 ml),200,g,254,6.0,20.0,18.0,6.0,7.0,840,Medium
D275,Veg kolhapuri,,Veg Curries (Gravy),West,Veg,,Main,Half plate,Restaurant half (~1 person),250,g,318,7.5,25.0,22.5,7.5,8.8,1050,Medium
D275,Veg kolhapuri,,Veg Curries (Gravy),West,Veg,,Main,Full plate,Restaurant full (~2 persons),500,g,635,15.0,50.0,45.0,15.0,17.5,2100,Medium
D276,Navratan korma,,Veg Curries (Gravy),North,Veg,,Main,Small,Small katori (100 ml),100,g,177,4.0,12.0,13.0,2.0,5.0,380,Medium
D276,Navratan korma,,Veg Curries (Gravy),North,Veg,,Main,Medium,1 standard katori (150 ml),150,g,266,6.0,18.0,19.5,3.0,7.5,570,Medium
D276,Navratan korma,,Veg Curries (Gravy),North,Veg,,Main,Large,Large bowl (200 ml),200,g,354,8.0,24.0,26.0,4.0,10.0,760,Medium
D276,Navratan korma,,Veg Curries (Gravy),North,Veg,,Main,Half plate,Restaurant half (~1 person),250,g,442,10.0,30.0,32.5,5.0,12.5,950,Medium
D276,Navratan korma,,Veg Curries (Gravy),North,Veg,,Main,Full plate,Restaurant full (~2 persons),500,g,885,20.0,60.0,65.0,10.0,25.0,1900,Medium
D277,Mushroom masala,"Matar mushroom, kadai mushroom",Veg Curries (Gravy),North,Veg,,Main,Small,Small katori (100 ml),100,g,99,3.0,7.0,7.0,2.0,2.5,380,High
D277,Mushroom masala,"Matar mushroom, kadai mushroom",Veg Curries (Gravy),North,Veg,,Main,Medium,1 standard katori (150 ml),150,g,148,4.5,10.5,10.5,3.0,3.8,570,High
D277,Mushroom masala,"Matar mushroom, kadai mushroom",Veg Curries (Gravy),North,Veg,,Main,Large,Large bowl (200 ml),200,g,198,6.0,14.0,14.0,4.0,5.0,760,High
D277,Mushroom masala,"Matar mushroom, kadai mushroom",Veg Curries (Gravy),North,Veg,,Main,Half plate,Restaurant half (~1 person),250,g,248,7.5,17.5,17.5,5.0,6.2,950,High
D277,Mushroom masala,"Matar mushroom, kadai mushroom",Veg Curries (Gravy),North,Veg,,Main,Full plate,Restaurant full (~2 persons),500,g,495,15.0,35.0,35.0,10.0,12.5,1900,High
D278,Malai kofta - lauki,Lauki kofta,Veg Curries (Gravy),North,Veg,,Main,Small,Small katori (100 ml),100,g,138,3.0,10.0,10.0,1.8,3.0,380,Medium
D278,Malai kofta - lauki,Lauki kofta,Veg Curries (Gravy),North,Veg,,Main,Medium,1 standard katori (150 ml),150,g,208,4.5,15.0,15.0,2.7,4.5,570,Medium
D278,Malai kofta - lauki,Lauki kofta,Veg Curries (Gravy),North,Veg,,Main,Large,Large bowl (200 ml),200,g,277,6.0,20.0,20.0,3.6,6.0,760,Medium
D278,Malai kofta - lauki,Lauki kofta,Veg Curries (Gravy),North,Veg,,Main,Half plate,Restaurant half (~1 person),250,g,346,7.5,25.0,25.0,4.5,7.5,950,Medium
D278,Malai kofta - lauki,Lauki kofta,Veg Curries (Gravy),North,Veg,,Main,Full plate,Restaurant full (~2 persons),500,g,692,15.0,50.0,50.0,9.0,15.0,1900,Medium
D279,Sarson ka saag,Saag,Veg Curries (Gravy),North,Veg,,Main,Small,Small katori (100 ml),100,g,88,3.0,7.0,6.0,3.0,1.5,350,High
D279,Sarson ka saag,Saag,Veg Curries (Gravy),North,Veg,,Main,Medium,1 standard katori (150 ml),150,g,132,4.5,10.5,9.0,4.5,2.2,525,High
D279,Sarson ka saag,Saag,Veg Curries (Gravy),North,Veg,,Main,Large,Large bowl (200 ml),200,g,176,6.0,14.0,12.0,6.0,3.0,700,High
D279,Sarson ka saag,Saag,Veg Curries (Gravy),North,Veg,,Main,Half plate,Restaurant half (~1 person),250,g,220,7.5,17.5,15.0,7.5,3.8,875,High
D279,Sarson ka saag,Saag,Veg Curries (Gravy),North,Veg,,Main,Full plate,Restaurant full (~2 persons),500,g,440,15.0,35.0,30.0,15.0,7.5,1750,High
D280,Baingan bharta,Brinjal bharta,Veg Curries (Gravy),North,Veg,Yes,Main,Small,Small katori (100 ml),100,g,83,1.8,8.0,5.5,3.0,3.5,330,Medium
D280,Baingan bharta,Brinjal bharta,Veg Curries (Gravy),North,Veg,Yes,Main,Medium,1 standard katori (150 ml),150,g,124,2.7,12.0,8.2,4.5,5.2,495,Medium
D280,Baingan bharta,Brinjal bharta,Veg Curries (Gravy),North,Veg,Yes,Main,Large,Large bowl (200 ml),200,g,165,3.6,16.0,11.0,6.0,7.0,660,Medium
D280,Baingan bharta,Brinjal bharta,Veg Curries (Gravy),North,Veg,Yes,Main,Half plate,Restaurant half (~1 person),250,g,207,4.5,20.0,13.8,7.5,8.8,825,Medium
D280,Baingan bharta,Brinjal bharta,Veg Curries (Gravy),North,Veg,Yes,Main,Full plate,Restaurant full (~2 persons),500,g,414,9.0,40.0,27.5,15.0,17.5,1650,Medium
D281,Kathal (jackfruit) curry,Kathal ki sabzi,Veg Curries (Gravy),North,Veg,Yes,Main,Small,Small katori (100 ml),100,g,117,2.0,13.0,7.0,3.0,3.0,380,Medium
D281,Kathal (jackfruit) curry,Kathal ki sabzi,Veg Curries (Gravy),North,Veg,Yes,Main,Medium,1 standard katori (150 ml),150,g,176,3.0,19.5,10.5,4.5,4.5,570,Medium
D281,Kathal (jackfruit) curry,Kathal ki sabzi,Veg Curries (Gravy),North,Veg,Yes,Main,Large,Large bowl (200 ml),200,g,234,4.0,26.0,14.0,6.0,6.0,760,Medium
D281,Kathal (jackfruit) curry,Kathal ki sabzi,Veg Curries (Gravy),North,Veg,Yes,Main,Half plate,Restaurant half (~1 person),250,g,292,5.0,32.5,17.5,7.5,7.5,950,Medium
D281,Kathal (jackfruit) curry,Kathal ki sabzi,Veg Curries (Gravy),North,Veg,Yes,Main,Full plate,Restaurant full (~2 persons),500,g,585,10.0,65.0,35.0,15.0,15.0,1900,Medium
D282,Undhiyu,,Veg Curries (Gravy),West,Veg,Yes,Main,Small,Small katori (100 ml),100,g,170,4.0,16.0,11.0,4.5,3.0,380,Medium
D282,Undhiyu,,Veg Curries (Gravy),West,Veg,Yes,Main,Medium,1 standard katori (150 ml),150,g,255,6.0,24.0,16.5,6.8,4.5,570,Medium
D282,Undhiyu,,Veg Curries (Gravy),West,Veg,Yes,Main,Large,Large bowl (200 ml),200,g,340,8.0,32.0,22.0,9.0,6.0,760,Medium
D282,Undhiyu,,Veg Curries (Gravy),West,Veg,Yes,Main,Half plate,Restaurant half (~1 person),250,g,425,10.0,40.0,27.5,11.2,7.5,950,Medium
D282,Undhiyu,,Veg Curries (Gravy),West,Veg,Yes,Main,Full plate,Restaurant full (~2 persons),500,g,850,20.0,80.0,55.0,22.5,15.0,1900,Medium
D283,Sev tamatar,Sev tameta nu shaak,Veg Curries (Gravy),West,Veg,,Main,Small,Small katori (100 ml),100,g,161,4.5,12.0,11.0,2.2,4.0,450,Medium
D283,Sev tamatar,Sev tameta nu shaak,Veg Curries (Gravy),West,Veg,,Main,Medium,1 standard katori (150 ml),150,g,241,6.8,18.0,16.5,3.3,6.0,675,Medium
D283,Sev tamatar,Sev tameta nu shaak,Veg Curries (Gravy),West,Veg,,Main,Large,Large bowl (200 ml),200,g,321,9.0,24.0,22.0,4.4,8.0,900,Medium
D283,Sev tamatar,Sev tameta nu shaak,Veg Curries (Gravy),West,Veg,,Main,Half plate,Restaurant half (~1 person),250,g,402,11.2,30.0,27.5,5.5,10.0,1125,Medium
D283,Sev tamatar,Sev tameta nu shaak,Veg Curries (Gravy),West,Veg,,Main,Full plate,Restaurant full (~2 persons),500,g,803,22.5,60.0,55.0,11.0,20.0,2250,Medium
D284,Pav bhaji - bhaji only,Bhaji,Veg Curries (Gravy),West,Veg,,Main,Small,Small katori (100 ml),100,g,124,2.5,13.0,7.5,3.0,3.5,450,Medium
D284,Pav bhaji - bhaji only,Bhaji,Veg Curries (Gravy),West,Veg,,Main,Medium,1 standard katori (150 ml),150,g,185,3.8,19.5,11.2,4.5,5.2,675,Medium
D284,Pav bhaji - bhaji only,Bhaji,Veg Curries (Gravy),West,Veg,,Main,Large,Large bowl (200 ml),200,g,247,5.0,26.0,15.0,6.0,7.0,900,Medium
D284,Pav bhaji - bhaji only,Bhaji,Veg Curries (Gravy),West,Veg,,Main,Half plate,Restaurant half (~1 person),250,g,309,6.2,32.5,18.8,7.5,8.8,1125,Medium
D284,Pav bhaji - bhaji only,Bhaji,Veg Curries (Gravy),West,Veg,,Main,Full plate,Restaurant full (~2 persons),500,g,618,12.5,65.0,37.5,15.0,17.5,2250,Medium
D285,Mirchi ka salan,,Veg Curries (Gravy),South,Veg,Yes,Main,Small,Small katori (100 ml),100,g,161,3.5,9.0,13.0,3.0,3.0,400,Medium
D285,Mirchi ka salan,,Veg Curries (Gravy),South,Veg,Yes,Main,Medium,1 standard katori (150 ml),150,g,242,5.2,13.5,19.5,4.5,4.5,600,Medium
D285,Mirchi ka salan,,Veg Curries (Gravy),South,Veg,Yes,Main,Large,Large bowl (200 ml),200,g,322,7.0,18.0,26.0,6.0,6.0,800,Medium
D285,Mirchi ka salan,,Veg Curries (Gravy),South,Veg,Yes,Main,Half plate,Restaurant half (~1 person),250,g,402,8.8,22.5,32.5,7.5,7.5,1000,Medium
D285,Mirchi ka salan,,Veg Curries (Gravy),South,Veg,Yes,Main,Full plate,Restaurant full (~2 persons),500,g,805,17.5,45.0,65.0,15.0,15.0,2000,Medium
D286,Bagara baingan,,Veg Curries (Gravy),South,Veg,Yes,Main,Small,Small katori (100 ml),100,g,169,3.5,9.0,14.0,3.5,3.0,400,Medium
D286,Bagara baingan,,Veg Curries (Gravy),South,Veg,Yes,Main,Medium,1 standard katori (150 ml),150,g,254,5.2,13.5,21.0,5.2,4.5,600,Medium
D286,Bagara baingan,,Veg Curries (Gravy),South,Veg,Yes,Main,Large,Large bowl (200 ml),200,g,338,7.0,18.0,28.0,7.0,6.0,800,Medium
D286,Bagara baingan,,Veg Curries (Gravy),South,Veg,Yes,Main,Half plate,Restaurant half (~1 person),250,g,422,8.8,22.5,35.0,8.8,7.5,1000,Medium
D286,Bagara baingan,,Veg Curries (Gravy),South,Veg,Yes,Main,Full plate,Restaurant full (~2 persons),500,g,845,17.5,45.0,70.0,17.5,15.0,2000,Medium
D287,Gutti vankaya (stuffed brinjal curry),Ennai kathirikai,Veg Curries (Gravy),South,Veg,Yes,Main,Small,Small katori (100 ml),100,g,140,3.0,9.0,11.0,3.5,3.0,380,Medium
D287,Gutti vankaya (stuffed brinjal curry),Ennai kathirikai,Veg Curries (Gravy),South,Veg,Yes,Main,Medium,1 standard katori (150 ml),150,g,210,4.5,13.5,16.5,5.2,4.5,570,Medium
D287,Gutti vankaya (stuffed brinjal curry),Ennai kathirikai,Veg Curries (Gravy),South,Veg,Yes,Main,Large,Large bowl (200 ml),200,g,280,6.0,18.0,22.0,7.0,6.0,760,Medium
D287,Gutti vankaya (stuffed brinjal curry),Ennai kathirikai,Veg Curries (Gravy),South,Veg,Yes,Main,Half plate,Restaurant half (~1 person),250,g,350,7.5,22.5,27.5,8.8,7.5,950,Medium
D287,Gutti vankaya (stuffed brinjal curry),Ennai kathirikai,Veg Curries (Gravy),South,Veg,Yes,Main,Full plate,Restaurant full (~2 persons),500,g,700,15.0,45.0,55.0,17.5,15.0,1900,Medium
D288,Avial,Aviyal,Veg Curries (Gravy),South,Veg,,Main,Small,Small katori (100 ml),100,g,113,2.5,8.0,8.5,2.8,2.5,250,High
D288,Avial,Aviyal,Veg Curries (Gravy),South,Veg,,Main,Medium,1 standard katori (150 ml),150,g,169,3.8,12.0,12.8,4.2,3.8,375,High
D288,Avial,Aviyal,Veg Curries (Gravy),South,Veg,,Main,Large,Large bowl (200 ml),200,g,226,5.0,16.0,17.0,5.6,5.0,500,High
D288,Avial,Aviyal,Veg Curries (Gravy),South,Veg,,Main,Half plate,Restaurant half (~1 person),250,g,282,6.2,20.0,21.2,7.0,6.2,625,High
D288,Avial,Aviyal,Veg Curries (Gravy),South,Veg,,Main,Full plate,Restaurant full (~2 persons),500,g,564,12.5,40.0,42.5,14.0,12.5,1250,High
D289,Kerala vegetable stew,Veg ishtu,Veg Curries (Gravy),South,Veg,Yes,Main,Small,Small katori (100 ml),100,g,99,1.8,8.0,7.0,1.8,2.5,250,Medium
D289,Kerala vegetable stew,Veg ishtu,Veg Curries (Gravy),South,Veg,Yes,Main,Medium,1 standard katori (150 ml),150,g,148,2.7,12.0,10.5,2.7,3.8,375,Medium
D289,Kerala vegetable stew,Veg ishtu,Veg Curries (Gravy),South,Veg,Yes,Main,Large,Large bowl (200 ml),200,g,197,3.6,16.0,14.0,3.6,5.0,500,Medium
D289,Kerala vegetable stew,Veg ishtu,Veg Curries (Gravy),South,Veg,Yes,Main,Half plate,Restaurant half (~1 person),250,g,246,4.5,20.0,17.5,4.5,6.2,625,Medium
D289,Kerala vegetable stew,Veg ishtu,Veg Curries (Gravy),South,Veg,Yes,Main,Full plate,Restaurant full (~2 persons),500,g,493,9.0,40.0,35.0,9.0,12.5,1250,Medium
D290,Olan,,Veg Curries (Gravy),South,Veg,Yes,Main,Small,Small katori (100 ml),100,g,70,1.5,5.5,5.0,1.5,2.0,250,Medium
D290,Olan,,Veg Curries (Gravy),South,Veg,Yes,Main,Medium,1 standard katori (150 ml),150,g,105,2.2,8.2,7.5,2.2,3.0,375,Medium
D290,Olan,,Veg Curries (Gravy),South,Veg,Yes,Main,Large,Large bowl (200 ml),200,g,140,3.0,11.0,10.0,3.0,4.0,500,Medium
D290,Olan,,Veg Curries (Gravy),South,Veg,Yes,Main,Half plate,Restaurant half (~1 person),250,g,175,3.8,13.8,12.5,3.8,5.0,625,Medium
D290,Olan,,Veg Curries (Gravy),South,Veg,Yes,Main,Full plate,Restaurant full (~2 persons),500,g,350,7.5,27.5,25.0,7.5,10.0,1250,Medium
D291,Kootu,Kootu curry,Veg Curries (Gravy),South,Veg,Yes,Main,Small,Small katori (100 ml),100,g,88,3.5,10.0,4.5,3.0,2.0,280,Medium
D291,Kootu,Kootu curry,Veg Curries (Gravy),South,Veg,Yes,Main,Medium,1 standard katori (150 ml),150,g,133,5.2,15.0,6.8,4.5,3.0,420,Medium
D291,Kootu,Kootu curry,Veg Curries (Gravy),South,Veg,Yes,Main,Large,Large bowl (200 ml),200,g,177,7.0,20.0,9.0,6.0,4.0,560,Medium
D291,Kootu,Kootu curry,Veg Curries (Gravy),South,Veg,Yes,Main,Half plate,Restaurant half (~1 person),250,g,221,8.8,25.0,11.2,7.5,5.0,700,Medium
D291,Kootu,Kootu curry,Veg Curries (Gravy),South,Veg,Yes,Main,Full plate,Restaurant full (~2 persons),500,g,442,17.5,50.0,22.5,15.0,10.0,1400,Medium
D292,Shukto,,Veg Curries (Gravy),East,Veg,,Main,Small,Small katori (100 ml),100,g,85,2.5,9.0,5.0,3.0,3.0,300,Medium
D292,Shukto,,Veg Curries (Gravy),East,Veg,,Main,Medium,1 standard katori (150 ml),150,g,128,3.8,13.5,7.5,4.5,4.5,450,Medium
D292,Shukto,,Veg Curries (Gravy),East,Veg,,Main,Large,Large bowl (200 ml),200,g,170,5.0,18.0,10.0,6.0,6.0,600,Medium
D292,Shukto,,Veg Curries (Gravy),East,Veg,,Main,Half plate,Restaurant half (~1 person),250,g,212,6.2,22.5,12.5,7.5,7.5,750,Medium
D292,Shukto,,Veg Curries (Gravy),East,Veg,,Main,Full plate,Restaurant full (~2 persons),500,g,425,12.5,45.0,25.0,15.0,15.0,1500,Medium
D293,Dahi aloo,Curd potato curry,Veg Curries (Gravy),North,Veg,,Main,Small,Small katori (100 ml),100,g,82,2.2,10.0,4.0,1.2,2.0,330,Medium
D293,Dahi aloo,Curd potato curry,Veg Curries (Gravy),North,Veg,,Main,Medium,1 standard katori (150 ml),150,g,124,3.3,15.0,6.0,1.8,3.0,495,Medium
D293,Dahi aloo,Curd potato curry,Veg Curries (Gravy),North,Veg,,Main,Large,Large bowl (200 ml),200,g,165,4.4,20.0,8.0,2.4,4.0,660,Medium
D293,Dahi aloo,Curd potato curry,Veg Curries (Gravy),North,Veg,,Main,Half plate,Restaurant half (~1 person),250,g,206,5.5,25.0,10.0,3.0,5.0,825,Medium
D293,Dahi aloo,Curd potato curry,Veg Curries (Gravy),North,Veg,,Main,Full plate,Restaurant full (~2 persons),500,g,412,11.0,50.0,20.0,6.0,10.0,1650,Medium
D294,Aloo gobi,Potato cauliflower,Veg Dry Sabzi,North,Veg,Yes,Main,Small,½ katori,75,g,77,1.9,8.2,4.5,1.9,1.5,248,High
D294,Aloo gobi,Potato cauliflower,Veg Dry Sabzi,North,Veg,Yes,Main,Medium,¾ katori (1 serving),100,g,103,2.5,11.0,6.0,2.5,2.0,330,High
D294,Aloo gobi,Potato cauliflower,Veg Dry Sabzi,North,Veg,Yes,Main,Large,1 katori heaped,150,g,154,3.8,16.5,9.0,3.8,3.0,495,High
D294,Aloo gobi,Potato cauliflower,Veg Dry Sabzi,North,Veg,Yes,Main,Half plate,Restaurant half,200,g,206,5.0,22.0,12.0,5.0,4.0,660,High
D294,Aloo gobi,Potato cauliflower,Veg Dry Sabzi,North,Veg,Yes,Main,Full plate,Restaurant full,400,g,412,10.0,44.0,24.0,10.0,8.0,1320,High
D295,Jeera aloo,"Cumin potatoes, sookhe aloo",Veg Dry Sabzi,North,Veg,Yes,Main,Small,½ katori,75,g,94,1.5,12.8,4.5,1.5,0.6,248,Medium
D295,Jeera aloo,"Cumin potatoes, sookhe aloo",Veg Dry Sabzi,North,Veg,Yes,Main,Medium,¾ katori (1 serving),100,g,126,2.0,17.0,6.0,2.0,0.8,330,Medium
D295,Jeera aloo,"Cumin potatoes, sookhe aloo",Veg Dry Sabzi,North,Veg,Yes,Main,Large,1 katori heaped,150,g,189,3.0,25.5,9.0,3.0,1.2,495,Medium
D295,Jeera aloo,"Cumin potatoes, sookhe aloo",Veg Dry Sabzi,North,Veg,Yes,Main,Half plate,Restaurant half,200,g,252,4.0,34.0,12.0,4.0,1.6,660,Medium
D295,Jeera aloo,"Cumin potatoes, sookhe aloo",Veg Dry Sabzi,North,Veg,Yes,Main,Full plate,Restaurant full,400,g,504,8.0,68.0,24.0,8.0,3.2,1320,Medium
D296,Aloo methi,,Veg Dry Sabzi,North,Veg,Yes,Main,Small,½ katori,75,g,92,1.9,11.2,4.9,2.1,0.8,248,High
D296,Aloo methi,,Veg Dry Sabzi,North,Veg,Yes,Main,Medium,¾ katori (1 serving),100,g,123,2.5,15.0,6.5,2.8,1.0,330,High
D296,Aloo methi,,Veg Dry Sabzi,North,Veg,Yes,Main,Large,1 katori heaped,150,g,184,3.8,22.5,9.8,4.2,1.5,495,High
D296,Aloo methi,,Veg Dry Sabzi,North,Veg,Yes,Main,Half plate,Restaurant half,200,g,246,5.0,30.0,13.0,5.6,2.0,660,High
D296,Aloo methi,,Veg Dry Sabzi,North,Veg,Yes,Main,Full plate,Restaurant full,400,g,492,10.0,60.0,26.0,11.2,4.0,1320,High
D297,Bhindi masala / bhindi fry,Okra sabzi,Veg Dry Sabzi,North,Veg,Yes,Main,Small,½ katori,75,g,80,1.7,6.0,6.0,2.4,1.5,225,High
D297,Bhindi masala / bhindi fry,Okra sabzi,Veg Dry Sabzi,North,Veg,Yes,Main,Medium,¾ katori (1 serving),100,g,106,2.2,8.0,8.0,3.2,2.0,300,High
D297,Bhindi masala / bhindi fry,Okra sabzi,Veg Dry Sabzi,North,Veg,Yes,Main,Large,1 katori heaped,150,g,160,3.3,12.0,12.0,4.8,3.0,450,High
D297,Bhindi masala / bhindi fry,Okra sabzi,Veg Dry Sabzi,North,Veg,Yes,Main,Half plate,Restaurant half,200,g,213,4.4,16.0,16.0,6.4,4.0,600,High
D297,Bhindi masala / bhindi fry,Okra sabzi,Veg Dry Sabzi,North,Veg,Yes,Main,Full plate,Restaurant full,400,g,426,8.8,32.0,32.0,12.8,8.0,1200,High
D298,Kurkuri bhindi,Crispy okra,Veg Dry Sabzi,North,Veg,Yes,Snack,Small,½ katori,75,g,194,3.0,13.5,15.0,3.4,1.9,300,Medium
D298,Kurkuri bhindi,Crispy okra,Veg Dry Sabzi,North,Veg,Yes,Snack,Medium,¾ katori (1 serving),100,g,259,4.0,18.0,20.0,4.5,2.5,400,Medium
D298,Kurkuri bhindi,Crispy okra,Veg Dry Sabzi,North,Veg,Yes,Snack,Large,1 katori heaped,150,g,388,6.0,27.0,30.0,6.8,3.8,600,Medium
D298,Kurkuri bhindi,Crispy okra,Veg Dry Sabzi,North,Veg,Yes,Snack,Half plate,Restaurant half,200,g,518,8.0,36.0,40.0,9.0,5.0,800,Medium
D298,Kurkuri bhindi,Crispy okra,Veg Dry Sabzi,North,Veg,Yes,Snack,Full plate,Restaurant full,400,g,1036,16.0,72.0,80.0,18.0,10.0,1600,Medium
D299,Cabbage matar sabzi,Patta gobhi,Veg Dry Sabzi,Pan-India,Veg,Yes,Main,Small,½ katori,75,g,50,1.7,6.0,2.6,2.2,2.6,225,High
D299,Cabbage matar sabzi,Patta gobhi,Veg Dry Sabzi,Pan-India,Veg,Yes,Main,Medium,¾ katori (1 serving),100,g,66,2.2,8.0,3.5,3.0,3.5,300,High
D299,Cabbage matar sabzi,Patta gobhi,Veg Dry Sabzi,Pan-India,Veg,Yes,Main,Large,1 katori heaped,150,g,99,3.3,12.0,5.2,4.5,5.2,450,High
D299,Cabbage matar sabzi,Patta gobhi,Veg Dry Sabzi,Pan-India,Veg,Yes,Main,Half plate,Restaurant half,200,g,133,4.4,16.0,7.0,6.0,7.0,600,High
D299,Cabbage matar sabzi,Patta gobhi,Veg Dry Sabzi,Pan-India,Veg,Yes,Main,Full plate,Restaurant full,400,g,265,8.8,32.0,14.0,12.0,14.0,1200,High
D300,Gajar matar,Carrot peas,Veg Dry Sabzi,North,Veg,Yes,Main,Small,½ katori,75,g,56,1.9,7.5,2.6,2.6,3.0,225,Medium
D300,Gajar matar,Carrot peas,Veg Dry Sabzi,North,Veg,Yes,Main,Medium,¾ katori (1 serving),100,g,74,2.5,10.0,3.5,3.5,4.0,300,Medium
D300,Gajar matar,Carrot peas,Veg Dry Sabzi,North,Veg,Yes,Main,Large,1 katori heaped,150,g,112,3.8,15.0,5.2,5.2,6.0,450,Medium
D300,Gajar matar,Carrot peas,Veg Dry Sabzi,North,Veg,Yes,Main,Half plate,Restaurant half,200,g,149,5.0,20.0,7.0,7.0,8.0,600,Medium
D300,Gajar matar,Carrot peas,Veg Dry Sabzi,North,Veg,Yes,Main,Full plate,Restaurant full,400,g,298,10.0,40.0,14.0,14.0,16.0,1200,Medium
D301,Lauki sabzi,"Bottle gourd, ghiya",Veg Dry Sabzi,North,Veg,Yes,Main,Small,½ katori,75,g,36,0.8,3.8,2.2,0.9,1.9,210,Medium
D301,Lauki sabzi,"Bottle gourd, ghiya",Veg Dry Sabzi,North,Veg,Yes,Main,Medium,¾ katori (1 serving),100,g,49,1.0,5.0,3.0,1.2,2.5,280,Medium
D301,Lauki sabzi,"Bottle gourd, ghiya",Veg Dry Sabzi,North,Veg,Yes,Main,Large,1 katori heaped,150,g,73,1.5,7.5,4.5,1.8,3.8,420,Medium
D301,Lauki sabzi,"Bottle gourd, ghiya",Veg Dry Sabzi,North,Veg,Yes,Main,Half plate,Restaurant half,200,g,97,2.0,10.0,6.0,2.4,5.0,560,Medium
D301,Lauki sabzi,"Bottle gourd, ghiya",Veg Dry Sabzi,North,Veg,Yes,Main,Full plate,Restaurant full,400,g,194,4.0,20.0,12.0,4.8,10.0,1120,Medium
D302,Tinda masala,Round gourd,Veg Dry Sabzi,North,Veg,Yes,Main,Small,½ katori,75,g,43,1.0,4.5,2.6,1.4,1.9,210,Medium
D302,Tinda masala,Round gourd,Veg Dry Sabzi,North,Veg,Yes,Main,Medium,¾ katori (1 serving),100,g,57,1.3,6.0,3.5,1.8,2.5,280,Medium
D302,Tinda masala,Round gourd,Veg Dry Sabzi,North,Veg,Yes,Main,Large,1 katori heaped,150,g,86,2.0,9.0,5.2,2.7,3.8,420,Medium
D302,Tinda masala,Round gourd,Veg Dry Sabzi,North,Veg,Yes,Main,Half plate,Restaurant half,200,g,114,2.6,12.0,7.0,3.6,5.0,560,Medium
D302,Tinda masala,Round gourd,Veg Dry Sabzi,North,Veg,Yes,Main,Full plate,Restaurant full,400,g,228,5.2,24.0,14.0,7.2,10.0,1120,Medium
D303,Karela sabzi (fry / bharwa),Bitter gourd,Veg Dry Sabzi,North,Veg,Yes,Main,Small,½ katori,75,g,96,1.9,8.2,6.8,2.6,1.9,248,Medium
D303,Karela sabzi (fry / bharwa),Bitter gourd,Veg Dry Sabzi,North,Veg,Yes,Main,Medium,¾ katori (1 serving),100,g,128,2.5,11.0,9.0,3.5,2.5,330,Medium
D303,Karela sabzi (fry / bharwa),Bitter gourd,Veg Dry Sabzi,North,Veg,Yes,Main,Large,1 katori heaped,150,g,192,3.8,16.5,13.5,5.2,3.8,495,Medium
D303,Karela sabzi (fry / bharwa),Bitter gourd,Veg Dry Sabzi,North,Veg,Yes,Main,Half plate,Restaurant half,200,g,256,5.0,22.0,18.0,7.0,5.0,660,Medium
D303,Karela sabzi (fry / bharwa),Bitter gourd,Veg Dry Sabzi,North,Veg,Yes,Main,Full plate,Restaurant full,400,g,512,10.0,44.0,36.0,14.0,10.0,1320,Medium
D304,Arbi masala,Colocasia dry,Veg Dry Sabzi,North,Veg,Yes,Main,Small,½ katori,75,g,103,1.5,13.5,5.2,2.2,0.4,248,Medium
D304,Arbi masala,Colocasia dry,Veg Dry Sabzi,North,Veg,Yes,Main,Medium,¾ katori (1 serving),100,g,137,2.0,18.0,7.0,3.0,0.5,330,Medium
D304,Arbi masala,Colocasia dry,Veg Dry Sabzi,North,Veg,Yes,Main,Large,1 katori heaped,150,g,206,3.0,27.0,10.5,4.5,0.8,495,Medium
D304,Arbi masala,Colocasia dry,Veg Dry Sabzi,North,Veg,Yes,Main,Half plate,Restaurant half,200,g,274,4.0,36.0,14.0,6.0,1.0,660,Medium
D304,Arbi masala,Colocasia dry,Veg Dry Sabzi,North,Veg,Yes,Main,Full plate,Restaurant full,400,g,548,8.0,72.0,28.0,12.0,2.0,1320,Medium
D305,Palak aloo,Spinach potato,Veg Dry Sabzi,North,Veg,Yes,Main,Small,½ katori,75,g,64,1.7,7.5,3.4,1.7,0.8,248,Medium
D305,Palak aloo,Spinach potato,Veg Dry Sabzi,North,Veg,Yes,Main,Medium,¾ katori (1 serving),100,g,85,2.3,10.0,4.5,2.2,1.0,330,Medium
D305,Palak aloo,Spinach potato,Veg Dry Sabzi,North,Veg,Yes,Main,Large,1 katori heaped,150,g,128,3.4,15.0,6.8,3.3,1.5,495,Medium
D305,Palak aloo,Spinach potato,Veg Dry Sabzi,North,Veg,Yes,Main,Half plate,Restaurant half,200,g,171,4.6,20.0,9.0,4.4,2.0,660,Medium
D305,Palak aloo,Spinach potato,Veg Dry Sabzi,North,Veg,Yes,Main,Full plate,Restaurant full,400,g,341,9.2,40.0,18.0,8.8,4.0,1320,Medium
D306,Mix veg dry,Mixed vegetable sabzi,Veg Dry Sabzi,Pan-India,Veg,Yes,Main,Small,½ katori,75,g,64,1.9,6.8,3.8,2.2,2.2,248,Medium
D306,Mix veg dry,Mixed vegetable sabzi,Veg Dry Sabzi,Pan-India,Veg,Yes,Main,Medium,¾ katori (1 serving),100,g,85,2.5,9.0,5.0,3.0,3.0,330,Medium
D306,Mix veg dry,Mixed vegetable sabzi,Veg Dry Sabzi,Pan-India,Veg,Yes,Main,Large,1 katori heaped,150,g,128,3.8,13.5,7.5,4.5,4.5,495,Medium
D306,Mix veg dry,Mixed vegetable sabzi,Veg Dry Sabzi,Pan-India,Veg,Yes,Main,Half plate,Restaurant half,200,g,170,5.0,18.0,10.0,6.0,6.0,660,Medium
D306,Mix veg dry,Mixed vegetable sabzi,Veg Dry Sabzi,Pan-India,Veg,Yes,Main,Full plate,Restaurant full,400,g,340,10.0,36.0,20.0,12.0,12.0,1320,Medium
D307,Beans / carrot poriyal,Poriyal,Veg Dry Sabzi,South,Veg,Yes,Main,Small,½ katori,75,g,63,1.7,6.8,3.8,2.2,2.2,188,Medium
D307,Beans / carrot poriyal,Poriyal,Veg Dry Sabzi,South,Veg,Yes,Main,Medium,¾ katori (1 serving),100,g,84,2.2,9.0,5.0,3.0,3.0,250,Medium
D307,Beans / carrot poriyal,Poriyal,Veg Dry Sabzi,South,Veg,Yes,Main,Large,1 katori heaped,150,g,126,3.3,13.5,7.5,4.5,4.5,375,Medium
D307,Beans / carrot poriyal,Poriyal,Veg Dry Sabzi,South,Veg,Yes,Main,Half plate,Restaurant half,200,g,168,4.4,18.0,10.0,6.0,6.0,500,Medium
D307,Beans / carrot poriyal,Poriyal,Veg Dry Sabzi,South,Veg,Yes,Main,Full plate,Restaurant full,400,g,335,8.8,36.0,20.0,12.0,12.0,1000,Medium
D308,Cabbage thoran,Thoran,Veg Dry Sabzi,South,Veg,Yes,Main,Small,½ katori,75,g,79,1.7,6.8,5.6,2.4,2.2,188,High
D308,Cabbage thoran,Thoran,Veg Dry Sabzi,South,Veg,Yes,Main,Medium,¾ katori (1 serving),100,g,106,2.2,9.0,7.5,3.2,3.0,250,High
D308,Cabbage thoran,Thoran,Veg Dry Sabzi,South,Veg,Yes,Main,Large,1 katori heaped,150,g,159,3.3,13.5,11.2,4.8,4.5,375,High
D308,Cabbage thoran,Thoran,Veg Dry Sabzi,South,Veg,Yes,Main,Half plate,Restaurant half,200,g,212,4.4,18.0,15.0,6.4,6.0,500,High
D308,Cabbage thoran,Thoran,Veg Dry Sabzi,South,Veg,Yes,Main,Full plate,Restaurant full,400,g,424,8.8,36.0,30.0,12.8,12.0,1000,High
D309,Aloo posto,,Veg Dry Sabzi,East,Veg,Yes,Main,Small,½ katori,75,g,119,2.6,11.2,7.5,1.9,0.6,225,Medium
D309,Aloo posto,,Veg Dry Sabzi,East,Veg,Yes,Main,Medium,¾ katori (1 serving),100,g,159,3.5,15.0,10.0,2.5,0.8,300,Medium
D309,Aloo posto,,Veg Dry Sabzi,East,Veg,Yes,Main,Large,1 katori heaped,150,g,238,5.2,22.5,15.0,3.8,1.2,450,Medium
D309,Aloo posto,,Veg Dry Sabzi,East,Veg,Yes,Main,Half plate,Restaurant half,200,g,318,7.0,30.0,20.0,5.0,1.6,600,Medium
D309,Aloo posto,,Veg Dry Sabzi,East,Veg,Yes,Main,Full plate,Restaurant full,400,g,636,14.0,60.0,40.0,10.0,3.2,1200,Medium
D310,Begun bhaja,Fried brinjal slices,Veg Dry Sabzi,East,Veg,Yes,Side,Small,½ katori,75,g,105,1.1,6.0,9.0,2.2,2.2,225,Medium
D310,Begun bhaja,Fried brinjal slices,Veg Dry Sabzi,East,Veg,Yes,Side,Medium,¾ katori (1 serving),100,g,140,1.5,8.0,12.0,3.0,3.0,300,Medium
D310,Begun bhaja,Fried brinjal slices,Veg Dry Sabzi,East,Veg,Yes,Side,Large,1 katori heaped,150,g,210,2.2,12.0,18.0,4.5,4.5,450,Medium
D310,Begun bhaja,Fried brinjal slices,Veg Dry Sabzi,East,Veg,Yes,Side,Half plate,Restaurant half,200,g,280,3.0,16.0,24.0,6.0,6.0,600,Medium
D310,Begun bhaja,Fried brinjal slices,Veg Dry Sabzi,East,Veg,Yes,Side,Full plate,Restaurant full,400,g,560,6.0,32.0,48.0,12.0,12.0,1200,Medium
D311,Zunka / pithla,Besan sabzi,Veg Dry Sabzi,West,Veg,Yes,Main,Small,½ katori,75,g,114,5.2,11.2,6.0,3.0,1.5,300,Medium
D311,Zunka / pithla,Besan sabzi,Veg Dry Sabzi,West,Veg,Yes,Main,Medium,¾ katori (1 serving),100,g,152,7.0,15.0,8.0,4.0,2.0,400,Medium
D311,Zunka / pithla,Besan sabzi,Veg Dry Sabzi,West,Veg,Yes,Main,Large,1 katori heaped,150,g,228,10.5,22.5,12.0,6.0,3.0,600,Medium
D311,Zunka / pithla,Besan sabzi,Veg Dry Sabzi,West,Veg,Yes,Main,Half plate,Restaurant half,200,g,304,14.0,30.0,16.0,8.0,4.0,800,Medium
D311,Zunka / pithla,Besan sabzi,Veg Dry Sabzi,West,Veg,Yes,Main,Full plate,Restaurant full,400,g,608,28.0,60.0,32.0,16.0,8.0,1600,Medium
D312,Ker sangri,,Veg Dry Sabzi,West,Veg,Yes,Main,Small,½ katori,75,g,100,3.0,9.0,6.8,4.5,1.1,338,Medium
D312,Ker sangri,,Veg Dry Sabzi,West,Veg,Yes,Main,Medium,¾ katori (1 serving),100,g,133,4.0,12.0,9.0,6.0,1.5,450,Medium
D312,Ker sangri,,Veg Dry Sabzi,West,Veg,Yes,Main,Large,1 katori heaped,150,g,200,6.0,18.0,13.5,9.0,2.2,675,Medium
D312,Ker sangri,,Veg Dry Sabzi,West,Veg,Yes,Main,Half plate,Restaurant half,200,g,266,8.0,24.0,18.0,12.0,3.0,900,Medium
D312,Ker sangri,,Veg Dry Sabzi,West,Veg,Yes,Main,Full plate,Restaurant full,400,g,532,16.0,48.0,36.0,24.0,6.0,1800,Medium
D313,Soya chunks dry / chilli soya,,Veg Dry Sabzi,Pan-India,Veg,Yes,Main,Small,½ katori,75,g,119,10.5,9.0,5.2,3.0,2.2,338,Medium
D313,Soya chunks dry / chilli soya,,Veg Dry Sabzi,Pan-India,Veg,Yes,Main,Medium,¾ katori (1 serving),100,g,159,14.0,12.0,7.0,4.0,3.0,450,Medium
D313,Soya chunks dry / chilli soya,,Veg Dry Sabzi,Pan-India,Veg,Yes,Main,Large,1 katori heaped,150,g,238,21.0,18.0,10.5,6.0,4.5,675,Medium
D313,Soya chunks dry / chilli soya,,Veg Dry Sabzi,Pan-India,Veg,Yes,Main,Half plate,Restaurant half,200,g,318,28.0,24.0,14.0,8.0,6.0,900,Medium
D313,Soya chunks dry / chilli soya,,Veg Dry Sabzi,Pan-India,Veg,Yes,Main,Full plate,Restaurant full,400,g,636,56.0,48.0,28.0,16.0,12.0,1800,Medium
D314,Paneer bhurji,Scrambled paneer,Veg Dry Sabzi,North,Veg,,Main,Small,½ katori,75,g,160,9.0,4.5,12.0,0.9,1.9,300,Medium
D314,Paneer bhurji,Scrambled paneer,Veg Dry Sabzi,North,Veg,,Main,Medium,¾ katori (1 serving),100,g,214,12.0,6.0,16.0,1.2,2.5,400,Medium
D314,Paneer bhurji,Scrambled paneer,Veg Dry Sabzi,North,Veg,,Main,Large,1 katori heaped,150,g,320,18.0,9.0,24.0,1.8,3.8,600,Medium
D314,Paneer bhurji,Scrambled paneer,Veg Dry Sabzi,North,Veg,,Main,Half plate,Restaurant half,200,g,427,24.0,12.0,32.0,2.4,5.0,800,Medium
D314,Paneer bhurji,Scrambled paneer,Veg Dry Sabzi,North,Veg,,Main,Full plate,Restaurant full,400,g,854,48.0,24.0,64.0,4.8,10.0,1600,Medium
D315,Butter chicken,Murgh makhani,Non-Veg Curries,North,Non-Veg,,Main,Small,Small katori (100 ml),100,g,178,12.0,6.0,12.0,0.8,3.5,480,Medium
D315,Butter chicken,Murgh makhani,Non-Veg Curries,North,Non-Veg,,Main,Medium,1 standard katori (150 ml),150,g,268,18.0,9.0,18.0,1.2,5.2,720,Medium
D315,Butter chicken,Murgh makhani,Non-Veg Curries,North,Non-Veg,,Main,Large,Large bowl (200 ml),200,g,357,24.0,12.0,24.0,1.6,7.0,960,Medium
D315,Butter chicken,Murgh makhani,Non-Veg Curries,North,Non-Veg,,Main,Half plate,Restaurant half (~1 person),250,g,446,30.0,15.0,30.0,2.0,8.8,1200,Medium
D315,Butter chicken,Murgh makhani,Non-Veg Curries,North,Non-Veg,,Main,Full plate,Restaurant full (~2 persons),500,g,892,60.0,30.0,60.0,4.0,17.5,2400,Medium
D316,Chicken tikka masala,,Non-Veg Curries,North,Non-Veg,,Main,Small,Small katori (100 ml),100,g,166,12.5,6.0,10.5,1.0,3.0,480,Medium
D316,Chicken tikka masala,,Non-Veg Curries,North,Non-Veg,,Main,Medium,1 standard katori (150 ml),150,g,250,18.8,9.0,15.8,1.5,4.5,720,Medium
D316,Chicken tikka masala,,Non-Veg Curries,North,Non-Veg,,Main,Large,Large bowl (200 ml),200,g,333,25.0,12.0,21.0,2.0,6.0,960,Medium
D316,Chicken tikka masala,,Non-Veg Curries,North,Non-Veg,,Main,Half plate,Restaurant half (~1 person),250,g,416,31.2,15.0,26.2,2.5,7.5,1200,Medium
D316,Chicken tikka masala,,Non-Veg Curries,North,Non-Veg,,Main,Full plate,Restaurant full (~2 persons),500,g,832,62.5,30.0,52.5,5.0,15.0,2400,Medium
D317,Kadai chicken,Karahi chicken,Non-Veg Curries,North,Non-Veg,,Main,Small,Small katori (100 ml),100,g,160,13.0,5.0,10.0,1.2,2.5,450,Medium
D317,Kadai chicken,Karahi chicken,Non-Veg Curries,North,Non-Veg,,Main,Medium,1 standard katori (150 ml),150,g,239,19.5,7.5,15.0,1.8,3.8,675,Medium
D317,Kadai chicken,Karahi chicken,Non-Veg Curries,North,Non-Veg,,Main,Large,Large bowl (200 ml),200,g,319,26.0,10.0,20.0,2.4,5.0,900,Medium
D317,Kadai chicken,Karahi chicken,Non-Veg Curries,North,Non-Veg,,Main,Half plate,Restaurant half (~1 person),250,g,399,32.5,12.5,25.0,3.0,6.2,1125,Medium
D317,Kadai chicken,Karahi chicken,Non-Veg Curries,North,Non-Veg,,Main,Full plate,Restaurant full (~2 persons),500,g,798,65.0,25.0,50.0,6.0,12.5,2250,Medium
D318,Chicken curry (home style),"Murgh curry, kozhi kuzhambu",Non-Veg Curries,Pan-India,Non-Veg,,Main,Small,Small katori (100 ml),100,g,138,12.5,4.5,8.0,1.0,2.0,400,High
D318,Chicken curry (home style),"Murgh curry, kozhi kuzhambu",Non-Veg Curries,Pan-India,Non-Veg,,Main,Medium,1 standard katori (150 ml),150,g,207,18.8,6.8,12.0,1.5,3.0,600,High
D318,Chicken curry (home style),"Murgh curry, kozhi kuzhambu",Non-Veg Curries,Pan-India,Non-Veg,,Main,Large,Large bowl (200 ml),200,g,276,25.0,9.0,16.0,2.0,4.0,800,High
D318,Chicken curry (home style),"Murgh curry, kozhi kuzhambu",Non-Veg Curries,Pan-India,Non-Veg,,Main,Half plate,Restaurant half (~1 person),250,g,345,31.2,11.2,20.0,2.5,5.0,1000,High
D318,Chicken curry (home style),"Murgh curry, kozhi kuzhambu",Non-Veg Curries,Pan-India,Non-Veg,,Main,Full plate,Restaurant full (~2 persons),500,g,690,62.5,22.5,40.0,5.0,10.0,2000,High
D319,Chicken curry (restaurant / dhaba),,Non-Veg Curries,North,Non-Veg,,Main,Small,Small katori (100 ml),100,g,165,12.0,5.0,11.0,1.0,2.0,450,Medium
D319,Chicken curry (restaurant / dhaba),,Non-Veg Curries,North,Non-Veg,,Main,Medium,1 standard katori (150 ml),150,g,248,18.0,7.5,16.5,1.5,3.0,675,Medium
D319,Chicken curry (restaurant / dhaba),,Non-Veg Curries,North,Non-Veg,,Main,Large,Large bowl (200 ml),200,g,330,24.0,10.0,22.0,2.0,4.0,900,Medium
D319,Chicken curry (restaurant / dhaba),,Non-Veg Curries,North,Non-Veg,,Main,Half plate,Restaurant half (~1 person),250,g,412,30.0,12.5,27.5,2.5,5.0,1125,Medium
D319,Chicken curry (restaurant / dhaba),,Non-Veg Curries,North,Non-Veg,,Main,Full plate,Restaurant full (~2 persons),500,g,825,60.0,25.0,55.0,5.0,10.0,2250,Medium
D320,Chicken korma,,Non-Veg Curries,North,Non-Veg,,Main,Small,Small katori (100 ml),100,g,182,12.0,6.0,12.5,1.0,3.0,420,Medium
D320,Chicken korma,,Non-Veg Curries,North,Non-Veg,,Main,Medium,1 standard katori (150 ml),150,g,274,18.0,9.0,18.8,1.5,4.5,630,Medium
D320,Chicken korma,,Non-Veg Curries,North,Non-Veg,,Main,Large,Large bowl (200 ml),200,g,365,24.0,12.0,25.0,2.0,6.0,840,Medium
D320,Chicken korma,,Non-Veg Curries,North,Non-Veg,,Main,Half plate,Restaurant half (~1 person),250,g,456,30.0,15.0,31.2,2.5,7.5,1050,Medium
D320,Chicken korma,,Non-Veg Curries,North,Non-Veg,,Main,Full plate,Restaurant full (~2 persons),500,g,912,60.0,30.0,62.5,5.0,15.0,2100,Medium
D321,Chicken do pyaza,,Non-Veg Curries,North,Non-Veg,,Main,Small,Small katori (100 ml),100,g,157,12.5,6.0,9.5,1.3,3.0,420,Medium
D321,Chicken do pyaza,,Non-Veg Curries,North,Non-Veg,,Main,Medium,1 standard katori (150 ml),150,g,235,18.8,9.0,14.2,2.0,4.5,630,Medium
D321,Chicken do pyaza,,Non-Veg Curries,North,Non-Veg,,Main,Large,Large bowl (200 ml),200,g,314,25.0,12.0,19.0,2.6,6.0,840,Medium
D321,Chicken do pyaza,,Non-Veg Curries,North,Non-Veg,,Main,Half plate,Restaurant half (~1 person),250,g,392,31.2,15.0,23.8,3.2,7.5,1050,Medium
D321,Chicken do pyaza,,Non-Veg Curries,North,Non-Veg,,Main,Full plate,Restaurant full (~2 persons),500,g,784,62.5,30.0,47.5,6.5,15.0,2100,Medium
D322,Chicken handi,,Non-Veg Curries,North,Non-Veg,,Main,Small,Small katori (100 ml),100,g,170,12.0,5.0,11.5,1.0,2.5,450,High
D322,Chicken handi,,Non-Veg Curries,North,Non-Veg,,Main,Medium,1 standard katori (150 ml),150,g,254,18.0,7.5,17.2,1.5,3.8,675,High
D322,Chicken handi,,Non-Veg Curries,North,Non-Veg,,Main,Large,Large bowl (200 ml),200,g,339,24.0,10.0,23.0,2.0,5.0,900,High
D322,Chicken handi,,Non-Veg Curries,North,Non-Veg,,Main,Half plate,Restaurant half (~1 person),250,g,424,30.0,12.5,28.8,2.5,6.2,1125,High
D322,Chicken handi,,Non-Veg Curries,North,Non-Veg,,Main,Full plate,Restaurant full (~2 persons),500,g,848,60.0,25.0,57.5,5.0,12.5,2250,High
D323,Palak chicken / chicken saagwala,,Non-Veg Curries,North,Non-Veg,,Main,Small,Small katori (100 ml),100,g,142,12.0,4.0,9.0,1.5,1.0,400,Medium
D323,Palak chicken / chicken saagwala,,Non-Veg Curries,North,Non-Veg,,Main,Medium,1 standard katori (150 ml),150,g,213,18.0,6.0,13.5,2.2,1.5,600,Medium
D323,Palak chicken / chicken saagwala,,Non-Veg Curries,North,Non-Veg,,Main,Large,Large bowl (200 ml),200,g,284,24.0,8.0,18.0,3.0,2.0,800,Medium
D323,Palak chicken / chicken saagwala,,Non-Veg Curries,North,Non-Veg,,Main,Half plate,Restaurant half (~1 person),250,g,355,30.0,10.0,22.5,3.8,2.5,1000,Medium
D323,Palak chicken / chicken saagwala,,Non-Veg Curries,North,Non-Veg,,Main,Full plate,Restaurant full (~2 persons),500,g,710,60.0,20.0,45.0,7.5,5.0,2000,Medium
D324,Chicken chettinad,,Non-Veg Curries,South,Non-Veg,,Main,Small,Small katori (100 ml),100,g,168,13.0,5.0,11.0,1.5,2.0,450,Medium
D324,Chicken chettinad,,Non-Veg Curries,South,Non-Veg,,Main,Medium,1 standard katori (150 ml),150,g,252,19.5,7.5,16.5,2.2,3.0,675,Medium
D324,Chicken chettinad,,Non-Veg Curries,South,Non-Veg,,Main,Large,Large bowl (200 ml),200,g,336,26.0,10.0,22.0,3.0,4.0,900,Medium
D324,Chicken chettinad,,Non-Veg Curries,South,Non-Veg,,Main,Half plate,Restaurant half (~1 person),250,g,420,32.5,12.5,27.5,3.8,5.0,1125,Medium
D324,Chicken chettinad,,Non-Veg Curries,South,Non-Veg,,Main,Full plate,Restaurant full (~2 persons),500,g,840,65.0,25.0,55.0,7.5,10.0,2250,Medium
D325,Andhra chicken curry,Kodi kura,Non-Veg Curries,South,Non-Veg,,Main,Small,Small katori (100 ml),100,g,162,13.0,4.5,10.5,1.2,1.5,450,Medium
D325,Andhra chicken curry,Kodi kura,Non-Veg Curries,South,Non-Veg,,Main,Medium,1 standard katori (150 ml),150,g,243,19.5,6.8,15.8,1.8,2.2,675,Medium
D325,Andhra chicken curry,Kodi kura,Non-Veg Curries,South,Non-Veg,,Main,Large,Large bowl (200 ml),200,g,324,26.0,9.0,21.0,2.4,3.0,900,Medium
D325,Andhra chicken curry,Kodi kura,Non-Veg Curries,South,Non-Veg,,Main,Half plate,Restaurant half (~1 person),250,g,405,32.5,11.2,26.2,3.0,3.8,1125,Medium
D325,Andhra chicken curry,Kodi kura,Non-Veg Curries,South,Non-Veg,,Main,Full plate,Restaurant full (~2 persons),500,g,810,65.0,22.5,52.5,6.0,7.5,2250,Medium
D326,Gongura chicken / mutton,,Non-Veg Curries,South,Non-Veg,,Main,Small,Small katori (100 ml),100,g,173,13.0,4.0,12.0,1.5,1.0,450,Medium
D326,Gongura chicken / mutton,,Non-Veg Curries,South,Non-Veg,,Main,Medium,1 standard katori (150 ml),150,g,260,19.5,6.0,18.0,2.2,1.5,675,Medium
D326,Gongura chicken / mutton,,Non-Veg Curries,South,Non-Veg,,Main,Large,Large bowl (200 ml),200,g,346,26.0,8.0,24.0,3.0,2.0,900,Medium
D326,Gongura chicken / mutton,,Non-Veg Curries,South,Non-Veg,,Main,Half plate,Restaurant half (~1 person),250,g,432,32.5,10.0,30.0,3.8,2.5,1125,Medium
D326,Gongura chicken / mutton,,Non-Veg Curries,South,Non-Veg,,Main,Full plate,Restaurant full (~2 persons),500,g,865,65.0,20.0,60.0,7.5,5.0,2250,Medium
D327,Chicken stew (Kerala),Chicken ishtu,Non-Veg Curries,South,Non-Veg,,Main,Small,Small katori (100 ml),100,g,139,9.0,6.0,9.0,1.0,2.0,350,High
D327,Chicken stew (Kerala),Chicken ishtu,Non-Veg Curries,South,Non-Veg,,Main,Medium,1 standard katori (150 ml),150,g,208,13.5,9.0,13.5,1.5,3.0,525,High
D327,Chicken stew (Kerala),Chicken ishtu,Non-Veg Curries,South,Non-Veg,,Main,Large,Large bowl (200 ml),200,g,278,18.0,12.0,18.0,2.0,4.0,700,High
D327,Chicken stew (Kerala),Chicken ishtu,Non-Veg Curries,South,Non-Veg,,Main,Half plate,Restaurant half (~1 person),250,g,348,22.5,15.0,22.5,2.5,5.0,875,High
D327,Chicken stew (Kerala),Chicken ishtu,Non-Veg Curries,South,Non-Veg,,Main,Full plate,Restaurant full (~2 persons),500,g,695,45.0,30.0,45.0,5.0,10.0,1750,High
D328,Chicken keema,Minced chicken curry,Non-Veg Curries,North,Non-Veg,,Main,Small,Small katori (100 ml),100,g,163,14.0,5.0,10.0,1.5,2.0,420,Medium
D328,Chicken keema,Minced chicken curry,Non-Veg Curries,North,Non-Veg,,Main,Medium,1 standard katori (150 ml),150,g,244,21.0,7.5,15.0,2.2,3.0,630,Medium
D328,Chicken keema,Minced chicken curry,Non-Veg Curries,North,Non-Veg,,Main,Large,Large bowl (200 ml),200,g,326,28.0,10.0,20.0,3.0,4.0,840,Medium
D328,Chicken keema,Minced chicken curry,Non-Veg Curries,North,Non-Veg,,Main,Half plate,Restaurant half (~1 person),250,g,408,35.0,12.5,25.0,3.8,5.0,1050,Medium
D328,Chicken keema,Minced chicken curry,Non-Veg Curries,North,Non-Veg,,Main,Full plate,Restaurant full (~2 persons),500,g,815,70.0,25.0,50.0,7.5,10.0,2100,Medium
D329,Chicken vindaloo,,Non-Veg Curries,West,Non-Veg,,Main,Small,Small katori (100 ml),100,g,160,13.0,5.0,10.0,1.0,2.5,450,Medium
D329,Chicken vindaloo,,Non-Veg Curries,West,Non-Veg,,Main,Medium,1 standard katori (150 ml),150,g,240,19.5,7.5,15.0,1.5,3.8,675,Medium
D329,Chicken vindaloo,,Non-Veg Curries,West,Non-Veg,,Main,Large,Large bowl (200 ml),200,g,320,26.0,10.0,20.0,2.0,5.0,900,Medium
D329,Chicken vindaloo,,Non-Veg Curries,West,Non-Veg,,Main,Half plate,Restaurant half (~1 person),250,g,400,32.5,12.5,25.0,2.5,6.2,1125,Medium
D329,Chicken vindaloo,,Non-Veg Curries,West,Non-Veg,,Main,Full plate,Restaurant full (~2 persons),500,g,800,65.0,25.0,50.0,5.0,12.5,2250,Medium
D330,Chicken xacuti,,Non-Veg Curries,West,Non-Veg,,Main,Small,Small katori (100 ml),100,g,176,12.0,6.0,12.0,2.0,2.0,450,Medium
D330,Chicken xacuti,,Non-Veg Curries,West,Non-Veg,,Main,Medium,1 standard katori (150 ml),150,g,264,18.0,9.0,18.0,3.0,3.0,675,Medium
D330,Chicken xacuti,,Non-Veg Curries,West,Non-Veg,,Main,Large,Large bowl (200 ml),200,g,352,24.0,12.0,24.0,4.0,4.0,900,Medium
D330,Chicken xacuti,,Non-Veg Curries,West,Non-Veg,,Main,Half plate,Restaurant half (~1 person),250,g,440,30.0,15.0,30.0,5.0,5.0,1125,Medium
D330,Chicken xacuti,,Non-Veg Curries,West,Non-Veg,,Main,Full plate,Restaurant full (~2 persons),500,g,880,60.0,30.0,60.0,10.0,10.0,2250,Medium
D331,Chicken kolhapuri,,Non-Veg Curries,West,Non-Veg,,Main,Small,Small katori (100 ml),100,g,178,13.0,5.0,12.0,1.0,2.0,450,Medium
D331,Chicken kolhapuri,,Non-Veg Curries,West,Non-Veg,,Main,Medium,1 standard katori (150 ml),150,g,267,19.5,7.5,18.0,1.5,3.0,675,Medium
D331,Chicken kolhapuri,,Non-Veg Curries,West,Non-Veg,,Main,Large,Large bowl (200 ml),200,g,356,26.0,10.0,24.0,2.0,4.0,900,Medium
D331,Chicken kolhapuri,,Non-Veg Curries,West,Non-Veg,,Main,Half plate,Restaurant half (~1 person),250,g,445,32.5,12.5,30.0,2.5,5.0,1125,Medium
D331,Chicken kolhapuri,,Non-Veg Curries,West,Non-Veg,,Main,Full plate,Restaurant full (~2 persons),500,g,890,65.0,25.0,60.0,5.0,10.0,2250,Medium
D332,Kosha chicken / kosha mangsho (mutton),Bengali kosha,Non-Veg Curries,East,Non-Veg,,Main,Small,Small katori (100 ml),100,g,205,14.0,4.0,15.0,1.0,2.0,450,Medium
D332,Kosha chicken / kosha mangsho (mutton),Bengali kosha,Non-Veg Curries,East,Non-Veg,,Main,Medium,1 standard katori (150 ml),150,g,308,21.0,6.0,22.5,1.5,3.0,675,Medium
D332,Kosha chicken / kosha mangsho (mutton),Bengali kosha,Non-Veg Curries,East,Non-Veg,,Main,Large,Large bowl (200 ml),200,g,410,28.0,8.0,30.0,2.0,4.0,900,Medium
D332,Kosha chicken / kosha mangsho (mutton),Bengali kosha,Non-Veg Curries,East,Non-Veg,,Main,Half plate,Restaurant half (~1 person),250,g,512,35.0,10.0,37.5,2.5,5.0,1125,Medium
D332,Kosha chicken / kosha mangsho (mutton),Bengali kosha,Non-Veg Curries,East,Non-Veg,,Main,Full plate,Restaurant full (~2 persons),500,g,1025,70.0,20.0,75.0,5.0,10.0,2250,Medium
D333,Afghani chicken (creamy),,Non-Veg Curries,North,Non-Veg,,Main,Small,Small katori (100 ml),100,g,170,14.0,4.0,11.0,0.5,2.0,450,High
D333,Afghani chicken (creamy),,Non-Veg Curries,North,Non-Veg,,Main,Medium,1 standard katori (150 ml),150,g,255,21.0,6.0,16.5,0.8,3.0,675,High
D333,Afghani chicken (creamy),,Non-Veg Curries,North,Non-Veg,,Main,Large,Large bowl (200 ml),200,g,340,28.0,8.0,22.0,1.0,4.0,900,High
D333,Afghani chicken (creamy),,Non-Veg Curries,North,Non-Veg,,Main,Half plate,Restaurant half (~1 person),250,g,425,35.0,10.0,27.5,1.2,5.0,1125,High
D333,Afghani chicken (creamy),,Non-Veg Curries,North,Non-Veg,,Main,Full plate,Restaurant full (~2 persons),500,g,850,70.0,20.0,55.0,2.5,10.0,2250,High
D334,Mutton curry (home style),Gosht curry,Non-Veg Curries,Pan-India,Non-Veg,,Main,Small,Small katori (100 ml),100,g,165,13.0,4.0,11.0,0.8,1.5,400,Medium
D334,Mutton curry (home style),Gosht curry,Non-Veg Curries,Pan-India,Non-Veg,,Main,Medium,1 standard katori (150 ml),150,g,248,19.5,6.0,16.5,1.2,2.2,600,Medium
D334,Mutton curry (home style),Gosht curry,Non-Veg Curries,Pan-India,Non-Veg,,Main,Large,Large bowl (200 ml),200,g,331,26.0,8.0,22.0,1.6,3.0,800,Medium
D334,Mutton curry (home style),Gosht curry,Non-Veg Curries,Pan-India,Non-Veg,,Main,Half plate,Restaurant half (~1 person),250,g,414,32.5,10.0,27.5,2.0,3.8,1000,Medium
D334,Mutton curry (home style),Gosht curry,Non-Veg Curries,Pan-India,Non-Veg,,Main,Full plate,Restaurant full (~2 persons),500,g,827,65.0,20.0,55.0,4.0,7.5,2000,Medium
D335,Mutton rogan josh,Rogan josh,Non-Veg Curries,North,Non-Veg,,Main,Small,Small katori (100 ml),100,g,180,13.0,4.5,12.5,1.0,2.0,420,Medium
D335,Mutton rogan josh,Rogan josh,Non-Veg Curries,North,Non-Veg,,Main,Medium,1 standard katori (150 ml),150,g,271,19.5,6.8,18.8,1.5,3.0,630,Medium
D335,Mutton rogan josh,Rogan josh,Non-Veg Curries,North,Non-Veg,,Main,Large,Large bowl (200 ml),200,g,361,26.0,9.0,25.0,2.0,4.0,840,Medium
D335,Mutton rogan josh,Rogan josh,Non-Veg Curries,North,Non-Veg,,Main,Half plate,Restaurant half (~1 person),250,g,451,32.5,11.2,31.2,2.5,5.0,1050,Medium
D335,Mutton rogan josh,Rogan josh,Non-Veg Curries,North,Non-Veg,,Main,Full plate,Restaurant full (~2 persons),500,g,902,65.0,22.5,62.5,5.0,10.0,2100,Medium
D336,Mutton korma,,Non-Veg Curries,North,Non-Veg,,Main,Small,Small katori (100 ml),100,g,198,12.5,6.0,14.0,1.0,2.5,420,Medium
D336,Mutton korma,,Non-Veg Curries,North,Non-Veg,,Main,Medium,1 standard katori (150 ml),150,g,297,18.8,9.0,21.0,1.5,3.8,630,Medium
D336,Mutton korma,,Non-Veg Curries,North,Non-Veg,,Main,Large,Large bowl (200 ml),200,g,396,25.0,12.0,28.0,2.0,5.0,840,Medium
D336,Mutton korma,,Non-Veg Curries,North,Non-Veg,,Main,Half plate,Restaurant half (~1 person),250,g,495,31.2,15.0,35.0,2.5,6.2,1050,Medium
D336,Mutton korma,,Non-Veg Curries,North,Non-Veg,,Main,Full plate,Restaurant full (~2 persons),500,g,990,62.5,30.0,70.0,5.0,12.5,2100,Medium
D337,Bhuna gosht,,Non-Veg Curries,North,Non-Veg,,Main,Small,Small katori (100 ml),100,g,204,15.0,5.0,14.0,1.2,2.0,450,Medium
D337,Bhuna gosht,,Non-Veg Curries,North,Non-Veg,,Main,Medium,1 standard katori (150 ml),150,g,305,22.5,7.5,21.0,1.8,3.0,675,Medium
D337,Bhuna gosht,,Non-Veg Curries,North,Non-Veg,,Main,Large,Large bowl (200 ml),200,g,407,30.0,10.0,28.0,2.4,4.0,900,Medium
D337,Bhuna gosht,,Non-Veg Curries,North,Non-Veg,,Main,Half plate,Restaurant half (~1 person),250,g,509,37.5,12.5,35.0,3.0,5.0,1125,Medium
D337,Bhuna gosht,,Non-Veg Curries,North,Non-Veg,,Main,Full plate,Restaurant full (~2 persons),500,g,1018,75.0,25.0,70.0,6.0,10.0,2250,Medium
D338,Keema matar (mutton),Mutton keema,Non-Veg Curries,North,Non-Veg,,Main,Small,Small katori (100 ml),100,g,189,13.0,6.0,13.0,2.0,2.0,420,Medium
D338,Keema matar (mutton),Mutton keema,Non-Veg Curries,North,Non-Veg,,Main,Medium,1 standard katori (150 ml),150,g,284,19.5,9.0,19.5,3.0,3.0,630,Medium
D338,Keema matar (mutton),Mutton keema,Non-Veg Curries,North,Non-Veg,,Main,Large,Large bowl (200 ml),200,g,378,26.0,12.0,26.0,4.0,4.0,840,Medium
D338,Keema matar (mutton),Mutton keema,Non-Veg Curries,North,Non-Veg,,Main,Half plate,Restaurant half (~1 person),250,g,472,32.5,15.0,32.5,5.0,5.0,1050,Medium
D338,Keema matar (mutton),Mutton keema,Non-Veg Curries,North,Non-Veg,,Main,Full plate,Restaurant full (~2 persons),500,g,945,65.0,30.0,65.0,10.0,10.0,2100,Medium
D339,Laal maas,,Non-Veg Curries,West,Non-Veg,,Main,Small,Small katori (100 ml),100,g,205,14.0,4.0,15.0,1.2,1.5,450,Medium
D339,Laal maas,,Non-Veg Curries,West,Non-Veg,,Main,Medium,1 standard katori (150 ml),150,g,307,21.0,6.0,22.5,1.8,2.2,675,Medium
D339,Laal maas,,Non-Veg Curries,West,Non-Veg,,Main,Large,Large bowl (200 ml),200,g,409,28.0,8.0,30.0,2.4,3.0,900,Medium
D339,Laal maas,,Non-Veg Curries,West,Non-Veg,,Main,Half plate,Restaurant half (~1 person),250,g,512,35.0,10.0,37.5,3.0,3.8,1125,Medium
D339,Laal maas,,Non-Veg Curries,West,Non-Veg,,Main,Full plate,Restaurant full (~2 persons),500,g,1023,70.0,20.0,75.0,6.0,7.5,2250,Medium
D340,Mutton yakhni,Kashmiri yakhni,Non-Veg Curries,North,Non-Veg,,Main,Small,Small katori (100 ml),100,g,144,12.0,4.0,9.0,0.3,1.5,380,Medium
D340,Mutton yakhni,Kashmiri yakhni,Non-Veg Curries,North,Non-Veg,,Main,Medium,1 standard katori (150 ml),150,g,217,18.0,6.0,13.5,0.4,2.2,570,Medium
D340,Mutton yakhni,Kashmiri yakhni,Non-Veg Curries,North,Non-Veg,,Main,Large,Large bowl (200 ml),200,g,289,24.0,8.0,18.0,0.6,3.0,760,Medium
D340,Mutton yakhni,Kashmiri yakhni,Non-Veg Curries,North,Non-Veg,,Main,Half plate,Restaurant half (~1 person),250,g,361,30.0,10.0,22.5,0.8,3.8,950,Medium
D340,Mutton yakhni,Kashmiri yakhni,Non-Veg Curries,North,Non-Veg,,Main,Full plate,Restaurant full (~2 persons),500,g,722,60.0,20.0,45.0,1.5,7.5,1900,Medium
D341,Nihari,,Non-Veg Curries,North,Non-Veg,,Main,Small,Small katori (100 ml),100,g,188,13.0,5.0,13.0,0.5,1.0,450,Medium
D341,Nihari,,Non-Veg Curries,North,Non-Veg,,Main,Medium,1 standard katori (150 ml),150,g,282,19.5,7.5,19.5,0.8,1.5,675,Medium
D341,Nihari,,Non-Veg Curries,North,Non-Veg,,Main,Large,Large bowl (200 ml),200,g,376,26.0,10.0,26.0,1.0,2.0,900,Medium
D341,Nihari,,Non-Veg Curries,North,Non-Veg,,Main,Half plate,Restaurant half (~1 person),250,g,470,32.5,12.5,32.5,1.2,2.5,1125,Medium
D341,Nihari,,Non-Veg Curries,North,Non-Veg,,Main,Full plate,Restaurant full (~2 persons),500,g,940,65.0,25.0,65.0,2.5,5.0,2250,Medium
D342,Haleem,,Non-Veg Curries,South,Non-Veg,,Main,Small,Small katori (100 ml),100,g,164,9.0,13.0,9.0,2.5,0.8,380,Medium
D342,Haleem,,Non-Veg Curries,South,Non-Veg,,Main,Medium,1 standard katori (150 ml),150,g,246,13.5,19.5,13.5,3.8,1.2,570,Medium
D342,Haleem,,Non-Veg Curries,South,Non-Veg,,Main,Large,Large bowl (200 ml),200,g,328,18.0,26.0,18.0,5.0,1.6,760,Medium
D342,Haleem,,Non-Veg Curries,South,Non-Veg,,Main,Half plate,Restaurant half (~1 person),250,g,410,22.5,32.5,22.5,6.2,2.0,950,Medium
D342,Haleem,,Non-Veg Curries,South,Non-Veg,,Main,Full plate,Restaurant full (~2 persons),500,g,820,45.0,65.0,45.0,12.5,4.0,1900,Medium
D343,Mutton sukka,"Mutton chukka, dry mutton",Non-Veg Curries,South,Non-Veg,,Main,Small,½ katori,75,g,160,13.5,3.8,10.5,1.5,1.1,338,Medium
D343,Mutton sukka,"Mutton chukka, dry mutton",Non-Veg Curries,South,Non-Veg,,Main,Medium,¾ katori (1 serving),100,g,214,18.0,5.0,14.0,2.0,1.5,450,Medium
D343,Mutton sukka,"Mutton chukka, dry mutton",Non-Veg Curries,South,Non-Veg,,Main,Large,1 katori heaped,150,g,321,27.0,7.5,21.0,3.0,2.2,675,Medium
D343,Mutton sukka,"Mutton chukka, dry mutton",Non-Veg Curries,South,Non-Veg,,Main,Half plate,Restaurant half,200,g,428,36.0,10.0,28.0,4.0,3.0,900,Medium
D343,Mutton sukka,"Mutton chukka, dry mutton",Non-Veg Curries,South,Non-Veg,,Main,Full plate,Restaurant full,400,g,856,72.0,20.0,56.0,8.0,6.0,1800,Medium
D344,Kerala beef fry,Beef ularthiyathu,Non-Veg Curries,South,Non-Veg,,Main,Small,½ katori,75,g,165,15.0,3.0,10.5,0.9,0.8,338,Medium
D344,Kerala beef fry,Beef ularthiyathu,Non-Veg Curries,South,Non-Veg,,Main,Medium,¾ katori (1 serving),100,g,220,20.0,4.0,14.0,1.2,1.0,450,Medium
D344,Kerala beef fry,Beef ularthiyathu,Non-Veg Curries,South,Non-Veg,,Main,Large,1 katori heaped,150,g,329,30.0,6.0,21.0,1.8,1.5,675,Medium
D344,Kerala beef fry,Beef ularthiyathu,Non-Veg Curries,South,Non-Veg,,Main,Half plate,Restaurant half,200,g,439,40.0,8.0,28.0,2.4,2.0,900,Medium
D344,Kerala beef fry,Beef ularthiyathu,Non-Veg Curries,South,Non-Veg,,Main,Full plate,Restaurant full,400,g,878,80.0,16.0,56.0,4.8,4.0,1800,Medium
D345,Beef curry (Kerala),,Non-Veg Curries,South,Non-Veg,,Main,Small,Small katori (100 ml),100,g,169,14.0,4.0,11.0,1.0,1.5,420,Medium
D345,Beef curry (Kerala),,Non-Veg Curries,South,Non-Veg,,Main,Medium,1 standard katori (150 ml),150,g,254,21.0,6.0,16.5,1.5,2.2,630,Medium
D345,Beef curry (Kerala),,Non-Veg Curries,South,Non-Veg,,Main,Large,Large bowl (200 ml),200,g,338,28.0,8.0,22.0,2.0,3.0,840,Medium
D345,Beef curry (Kerala),,Non-Veg Curries,South,Non-Veg,,Main,Half plate,Restaurant half (~1 person),250,g,422,35.0,10.0,27.5,2.5,3.8,1050,Medium
D345,Beef curry (Kerala),,Non-Veg Curries,South,Non-Veg,,Main,Full plate,Restaurant full (~2 persons),500,g,845,70.0,20.0,55.0,5.0,7.5,2100,Medium
D346,Pork vindaloo,,Non-Veg Curries,West,Non-Veg,,Main,Small,Small katori (100 ml),100,g,228,13.0,4.0,18.0,1.0,2.5,500,Medium
D346,Pork vindaloo,,Non-Veg Curries,West,Non-Veg,,Main,Medium,1 standard katori (150 ml),150,g,342,19.5,6.0,27.0,1.5,3.8,750,Medium
D346,Pork vindaloo,,Non-Veg Curries,West,Non-Veg,,Main,Large,Large bowl (200 ml),200,g,456,26.0,8.0,36.0,2.0,5.0,1000,Medium
D346,Pork vindaloo,,Non-Veg Curries,West,Non-Veg,,Main,Half plate,Restaurant half (~1 person),250,g,570,32.5,10.0,45.0,2.5,6.2,1250,Medium
D346,Pork vindaloo,,Non-Veg Curries,West,Non-Veg,,Main,Full plate,Restaurant full (~2 persons),500,g,1140,65.0,20.0,90.0,5.0,12.5,2500,Medium
D347,Fish curry (Kerala / coconut),"Meen curry, machli curry",Non-Veg Curries,South,Non-Veg,,Main,Small,Small katori (100 ml),100,g,121,11.0,4.0,7.0,0.8,1.5,450,High
D347,Fish curry (Kerala / coconut),"Meen curry, machli curry",Non-Veg Curries,South,Non-Veg,,Main,Medium,1 standard katori (150 ml),150,g,182,16.5,6.0,10.5,1.2,2.2,675,High
D347,Fish curry (Kerala / coconut),"Meen curry, machli curry",Non-Veg Curries,South,Non-Veg,,Main,Large,Large bowl (200 ml),200,g,243,22.0,8.0,14.0,1.6,3.0,900,High
D347,Fish curry (Kerala / coconut),"Meen curry, machli curry",Non-Veg Curries,South,Non-Veg,,Main,Half plate,Restaurant half (~1 person),250,g,304,27.5,10.0,17.5,2.0,3.8,1125,High
D347,Fish curry (Kerala / coconut),"Meen curry, machli curry",Non-Veg Curries,South,Non-Veg,,Main,Full plate,Restaurant full (~2 persons),500,g,607,55.0,20.0,35.0,4.0,7.5,2250,High
D348,Macher jhol (Bengali fish curry),Bengali fish curry,Non-Veg Curries,East,Non-Veg,,Main,Small,Small katori (100 ml),100,g,128,12.0,3.5,7.5,0.7,1.0,420,High
D348,Macher jhol (Bengali fish curry),Bengali fish curry,Non-Veg Curries,East,Non-Veg,,Main,Medium,1 standard katori (150 ml),150,g,192,18.0,5.2,11.2,1.0,1.5,630,High
D348,Macher jhol (Bengali fish curry),Bengali fish curry,Non-Veg Curries,East,Non-Veg,,Main,Large,Large bowl (200 ml),200,g,256,24.0,7.0,15.0,1.4,2.0,840,High
D348,Macher jhol (Bengali fish curry),Bengali fish curry,Non-Veg Curries,East,Non-Veg,,Main,Half plate,Restaurant half (~1 person),250,g,320,30.0,8.8,18.8,1.8,2.5,1050,High
D348,Macher jhol (Bengali fish curry),Bengali fish curry,Non-Veg Curries,East,Non-Veg,,Main,Full plate,Restaurant full (~2 persons),500,g,640,60.0,17.5,37.5,3.5,5.0,2100,High
D349,Goan fish curry,,Non-Veg Curries,West,Non-Veg,,Main,Small,Small katori (100 ml),100,g,136,11.0,4.5,8.5,1.0,1.5,450,Medium
D349,Goan fish curry,,Non-Veg Curries,West,Non-Veg,,Main,Medium,1 standard katori (150 ml),150,g,205,16.5,6.8,12.8,1.5,2.2,675,Medium
D349,Goan fish curry,,Non-Veg Curries,West,Non-Veg,,Main,Large,Large bowl (200 ml),200,g,273,22.0,9.0,17.0,2.0,3.0,900,Medium
D349,Goan fish curry,,Non-Veg Curries,West,Non-Veg,,Main,Half plate,Restaurant half (~1 person),250,g,341,27.5,11.2,21.2,2.5,3.8,1125,Medium
D349,Goan fish curry,,Non-Veg Curries,West,Non-Veg,,Main,Full plate,Restaurant full (~2 persons),500,g,682,55.0,22.5,42.5,5.0,7.5,2250,Medium
D350,Fish moilee,Meen molee,Non-Veg Curries,South,Non-Veg,,Main,Small,Small katori (100 ml),100,g,136,10.0,4.0,9.0,0.6,1.5,400,Medium
D350,Fish moilee,Meen molee,Non-Veg Curries,South,Non-Veg,,Main,Medium,1 standard katori (150 ml),150,g,204,15.0,6.0,13.5,0.9,2.2,600,Medium
D350,Fish moilee,Meen molee,Non-Veg Curries,South,Non-Veg,,Main,Large,Large bowl (200 ml),200,g,272,20.0,8.0,18.0,1.2,3.0,800,Medium
D350,Fish moilee,Meen molee,Non-Veg Curries,South,Non-Veg,,Main,Half plate,Restaurant half (~1 person),250,g,339,25.0,10.0,22.5,1.5,3.8,1000,Medium
D350,Fish moilee,Meen molee,Non-Veg Curries,South,Non-Veg,,Main,Full plate,Restaurant full (~2 persons),500,g,679,50.0,20.0,45.0,3.0,7.5,2000,Medium
D351,Prawn masala,Jhinga masala,Non-Veg Curries,Pan-India,Non-Veg,,Main,Small,Small katori (100 ml),100,g,146,14.0,5.0,8.0,1.2,2.0,550,Medium
D351,Prawn masala,Jhinga masala,Non-Veg Curries,Pan-India,Non-Veg,,Main,Medium,1 standard katori (150 ml),150,g,218,21.0,7.5,12.0,1.8,3.0,825,Medium
D351,Prawn masala,Jhinga masala,Non-Veg Curries,Pan-India,Non-Veg,,Main,Large,Large bowl (200 ml),200,g,291,28.0,10.0,16.0,2.4,4.0,1100,Medium
D351,Prawn masala,Jhinga masala,Non-Veg Curries,Pan-India,Non-Veg,,Main,Half plate,Restaurant half (~1 person),250,g,364,35.0,12.5,20.0,3.0,5.0,1375,Medium
D351,Prawn masala,Jhinga masala,Non-Veg Curries,Pan-India,Non-Veg,,Main,Full plate,Restaurant full (~2 persons),500,g,728,70.0,25.0,40.0,6.0,10.0,2750,Medium
D352,Prawn curry (coconut),"Jhinga curry, chemmeen curry",Non-Veg Curries,South,Non-Veg,,Main,Small,Small katori (100 ml),100,g,128,10.0,4.5,8.0,0.8,1.5,500,High
D352,Prawn curry (coconut),"Jhinga curry, chemmeen curry",Non-Veg Curries,South,Non-Veg,,Main,Medium,1 standard katori (150 ml),150,g,193,15.0,6.8,12.0,1.2,2.2,750,High
D352,Prawn curry (coconut),"Jhinga curry, chemmeen curry",Non-Veg Curries,South,Non-Veg,,Main,Large,Large bowl (200 ml),200,g,257,20.0,9.0,16.0,1.6,3.0,1000,High
D352,Prawn curry (coconut),"Jhinga curry, chemmeen curry",Non-Veg Curries,South,Non-Veg,,Main,Half plate,Restaurant half (~1 person),250,g,321,25.0,11.2,20.0,2.0,3.8,1250,High
D352,Prawn curry (coconut),"Jhinga curry, chemmeen curry",Non-Veg Curries,South,Non-Veg,,Main,Full plate,Restaurant full (~2 persons),500,g,642,50.0,22.5,40.0,4.0,7.5,2500,High
D353,Chingri malai curry,Prawn malai curry,Non-Veg Curries,East,Non-Veg,,Main,Small,Small katori (100 ml),100,g,158,10.0,5.0,11.0,0.5,2.0,450,Medium
D353,Chingri malai curry,Prawn malai curry,Non-Veg Curries,East,Non-Veg,,Main,Medium,1 standard katori (150 ml),150,g,237,15.0,7.5,16.5,0.8,3.0,675,Medium
D353,Chingri malai curry,Prawn malai curry,Non-Veg Curries,East,Non-Veg,,Main,Large,Large bowl (200 ml),200,g,316,20.0,10.0,22.0,1.0,4.0,900,Medium
D353,Chingri malai curry,Prawn malai curry,Non-Veg Curries,East,Non-Veg,,Main,Half plate,Restaurant half (~1 person),250,g,395,25.0,12.5,27.5,1.2,5.0,1125,Medium
D353,Chingri malai curry,Prawn malai curry,Non-Veg Curries,East,Non-Veg,,Main,Full plate,Restaurant full (~2 persons),500,g,790,50.0,25.0,55.0,2.5,10.0,2250,Medium
D354,Crab masala,"Nandu masala, kekda",Non-Veg Curries,South,Non-Veg,,Main,Small,Small katori (100 ml),100,g,125,11.0,5.0,7.0,1.0,1.5,550,Medium
D354,Crab masala,"Nandu masala, kekda",Non-Veg Curries,South,Non-Veg,,Main,Medium,1 standard katori (150 ml),150,g,188,16.5,7.5,10.5,1.5,2.2,825,Medium
D354,Crab masala,"Nandu masala, kekda",Non-Veg Curries,South,Non-Veg,,Main,Large,Large bowl (200 ml),200,g,250,22.0,10.0,14.0,2.0,3.0,1100,Medium
D354,Crab masala,"Nandu masala, kekda",Non-Veg Curries,South,Non-Veg,,Main,Half plate,Restaurant half (~1 person),250,g,312,27.5,12.5,17.5,2.5,3.8,1375,Medium
D354,Crab masala,"Nandu masala, kekda",Non-Veg Curries,South,Non-Veg,,Main,Full plate,Restaurant full (~2 persons),500,g,625,55.0,25.0,35.0,5.0,7.5,2750,Medium
D355,Boiled egg,Ubla anda,Egg Dishes,Pan-India,Egg,,Any,Small,1 small egg (edible ~40 g),40,g,60,5.0,0.4,4.2,0.0,0.4,50,High
D355,Boiled egg,Ubla anda,Egg Dishes,Pan-India,Egg,,Any,Medium,1 medium egg (~50 g),50,g,75,6.3,0.6,5.3,0.0,0.6,62,High
D355,Boiled egg,Ubla anda,Egg Dishes,Pan-India,Egg,,Any,Large,1 large egg (~60 g),60,g,90,7.6,0.7,6.4,0.0,0.7,74,High
D356,Boiled egg white,Anda safedi,Egg Dishes,Pan-India,Egg,,Any,Small,1 small egg white,25,g,12,2.7,0.2,0.1,0.0,0.2,42,High
D356,Boiled egg white,Anda safedi,Egg Dishes,Pan-India,Egg,,Any,Medium,1 medium egg white,33,g,16,3.6,0.2,0.1,0.0,0.2,55,High
D356,Boiled egg white,Anda safedi,Egg Dishes,Pan-India,Egg,,Any,Large,1 large egg white,38,g,18,4.1,0.3,0.1,0.0,0.3,63,High
D357,Fried egg / half fry,"Bull's eye, sunny side up",Egg Dishes,Pan-India,Egg,,Any,Small,1 small egg fried,45,g,86,6.1,0.4,6.7,0.0,0.4,90,High
D357,Fried egg / half fry,"Bull's eye, sunny side up",Egg Dishes,Pan-India,Egg,,Any,Medium,1 medium egg fried,55,g,105,7.5,0.4,8.1,0.0,0.4,110,High
D357,Fried egg / half fry,"Bull's eye, sunny side up",Egg Dishes,Pan-India,Egg,,Any,Large,1 large egg fried,65,g,124,8.8,0.5,9.6,0.0,0.5,130,High
D358,Egg bhurji,"Anda bhurji, scrambled egg Indian style",Egg Dishes,Pan-India,Egg,,Any,Small,1 egg bhurji,75,g,135,8.2,3.0,10.1,0.6,1.5,300,High
D358,Egg bhurji,"Anda bhurji, scrambled egg Indian style",Egg Dishes,Pan-India,Egg,,Any,Medium,2 egg bhurji,140,g,252,15.4,5.6,18.9,1.1,2.8,560,High
D358,Egg bhurji,"Anda bhurji, scrambled egg Indian style",Egg Dishes,Pan-India,Egg,,Any,Large,3 egg bhurji,200,g,360,22.0,8.0,27.0,1.6,4.0,800,High
D359,Egg curry,"Anda curry, egg masala",Egg Dishes,Pan-India,Egg,,Main,Small,Small katori (100 ml),100,g,131,7.5,5.5,9.0,1.2,2.5,400,High
D359,Egg curry,"Anda curry, egg masala",Egg Dishes,Pan-India,Egg,,Main,Medium,1 standard katori (150 ml),150,g,196,11.2,8.2,13.5,1.8,3.8,600,High
D359,Egg curry,"Anda curry, egg masala",Egg Dishes,Pan-India,Egg,,Main,Large,Large bowl (200 ml),200,g,261,15.0,11.0,18.0,2.4,5.0,800,High
D359,Egg curry,"Anda curry, egg masala",Egg Dishes,Pan-India,Egg,,Main,Half plate,Restaurant half (~1 person),250,g,326,18.8,13.8,22.5,3.0,6.2,1000,High
D359,Egg curry,"Anda curry, egg masala",Egg Dishes,Pan-India,Egg,,Main,Full plate,Restaurant full (~2 persons),500,g,653,37.5,27.5,45.0,6.0,12.5,2000,High
D360,Kerala egg roast,Mutta roast,Egg Dishes,South,Egg,,Main,Small,Small katori (100 ml),100,g,147,8.0,7.0,10.0,1.5,3.5,400,Medium
D360,Kerala egg roast,Mutta roast,Egg Dishes,South,Egg,,Main,Medium,1 standard katori (150 ml),150,g,220,12.0,10.5,15.0,2.2,5.2,600,Medium
D360,Kerala egg roast,Mutta roast,Egg Dishes,South,Egg,,Main,Large,Large bowl (200 ml),200,g,294,16.0,14.0,20.0,3.0,7.0,800,Medium
D360,Kerala egg roast,Mutta roast,Egg Dishes,South,Egg,,Main,Half plate,Restaurant half (~1 person),250,g,368,20.0,17.5,25.0,3.8,8.8,1000,Medium
D360,Kerala egg roast,Mutta roast,Egg Dishes,South,Egg,,Main,Full plate,Restaurant full (~2 persons),500,g,735,40.0,35.0,50.0,7.5,17.5,2000,Medium
D361,Paneer tikka,Tandoori paneer tikka,Veg Starters,North,Veg,,Starter,Small,~4 pieces,100,g,222,14.0,6.0,16.0,1.0,3.0,450,Medium
D361,Paneer tikka,Tandoori paneer tikka,Veg Starters,North,Veg,,Starter,Medium,~6 pieces,150,g,333,21.0,9.0,24.0,1.5,4.5,675,Medium
D361,Paneer tikka,Tandoori paneer tikka,Veg Starters,North,Veg,,Starter,Large,~8 pieces,200,g,444,28.0,12.0,32.0,2.0,6.0,900,Medium
D361,Paneer tikka,Tandoori paneer tikka,Veg Starters,North,Veg,,Starter,Half plate,Restaurant half,180,g,400,25.2,10.8,28.8,1.8,5.4,810,Medium
D361,Paneer tikka,Tandoori paneer tikka,Veg Starters,North,Veg,,Starter,Full plate,Restaurant full,350,g,777,49.0,21.0,56.0,3.5,10.5,1575,Medium
D362,Malai paneer tikka,Achari/malai tikka,Veg Starters,North,Veg,,Starter,Small,~4 pieces,100,g,251,13.0,5.0,20.0,0.5,2.5,450,Medium
D362,Malai paneer tikka,Achari/malai tikka,Veg Starters,North,Veg,,Starter,Medium,~6 pieces,150,g,376,19.5,7.5,30.0,0.8,3.8,675,Medium
D362,Malai paneer tikka,Achari/malai tikka,Veg Starters,North,Veg,,Starter,Large,~8 pieces,200,g,502,26.0,10.0,40.0,1.0,5.0,900,Medium
D362,Malai paneer tikka,Achari/malai tikka,Veg Starters,North,Veg,,Starter,Half plate,Restaurant half,180,g,452,23.4,9.0,36.0,0.9,4.5,810,Medium
D362,Malai paneer tikka,Achari/malai tikka,Veg Starters,North,Veg,,Starter,Full plate,Restaurant full,350,g,878,45.5,17.5,70.0,1.8,8.8,1575,Medium
D363,Hara bhara kebab,,Veg Starters,North,Veg,,Starter,Small,~4 pieces,100,g,183,5.5,20.0,10.0,4.5,2.0,420,Medium
D363,Hara bhara kebab,,Veg Starters,North,Veg,,Starter,Medium,~6 pieces,150,g,274,8.2,30.0,15.0,6.8,3.0,630,Medium
D363,Hara bhara kebab,,Veg Starters,North,Veg,,Starter,Large,~8 pieces,200,g,366,11.0,40.0,20.0,9.0,4.0,840,Medium
D363,Hara bhara kebab,,Veg Starters,North,Veg,,Starter,Half plate,Restaurant half,180,g,329,9.9,36.0,18.0,8.1,3.6,756,Medium
D363,Hara bhara kebab,,Veg Starters,North,Veg,,Starter,Full plate,Restaurant full,350,g,640,19.2,70.0,35.0,15.8,7.0,1470,Medium
D364,Veg seekh kebab,,Veg Starters,North,Veg,,Starter,Small,~4 pieces,100,g,169,6.0,18.0,9.0,4.0,3.0,420,Medium
D364,Veg seekh kebab,,Veg Starters,North,Veg,,Starter,Medium,~6 pieces,150,g,254,9.0,27.0,13.5,6.0,4.5,630,Medium
D364,Veg seekh kebab,,Veg Starters,North,Veg,,Starter,Large,~8 pieces,200,g,338,12.0,36.0,18.0,8.0,6.0,840,Medium
D364,Veg seekh kebab,,Veg Starters,North,Veg,,Starter,Half plate,Restaurant half,180,g,304,10.8,32.4,16.2,7.2,5.4,756,Medium
D364,Veg seekh kebab,,Veg Starters,North,Veg,,Starter,Full plate,Restaurant full,350,g,592,21.0,63.0,31.5,14.0,10.5,1470,Medium
D365,Dahi ke kebab,,Veg Starters,North,Veg,,Starter,Small,~4 pieces,100,g,248,7.0,15.0,18.0,1.2,3.0,380,Medium
D365,Dahi ke kebab,,Veg Starters,North,Veg,,Starter,Medium,~6 pieces,150,g,371,10.5,22.5,27.0,1.8,4.5,570,Medium
D365,Dahi ke kebab,,Veg Starters,North,Veg,,Starter,Large,~8 pieces,200,g,495,14.0,30.0,36.0,2.4,6.0,760,Medium
D365,Dahi ke kebab,,Veg Starters,North,Veg,,Starter,Half plate,Restaurant half,180,g,446,12.6,27.0,32.4,2.2,5.4,684,Medium
D365,Dahi ke kebab,,Veg Starters,North,Veg,,Starter,Full plate,Restaurant full,350,g,867,24.5,52.5,63.0,4.2,10.5,1330,Medium
D366,Tandoori aloo,,Veg Starters,North,Veg,,Starter,Small,~4 pieces,100,g,132,2.5,18.0,6.0,2.2,1.5,380,Medium
D366,Tandoori aloo,,Veg Starters,North,Veg,,Starter,Medium,~6 pieces,150,g,197,3.8,27.0,9.0,3.3,2.2,570,Medium
D366,Tandoori aloo,,Veg Starters,North,Veg,,Starter,Large,~8 pieces,200,g,263,5.0,36.0,12.0,4.4,3.0,760,Medium
D366,Tandoori aloo,,Veg Starters,North,Veg,,Starter,Half plate,Restaurant half,180,g,237,4.5,32.4,10.8,4.0,2.7,684,Medium
D366,Tandoori aloo,,Veg Starters,North,Veg,,Starter,Full plate,Restaurant full,350,g,461,8.8,63.0,21.0,7.7,5.2,1330,Medium
D367,Mushroom tikka,Tandoori mushroom,Veg Starters,North,Veg,,Starter,Small,~4 pieces,100,g,108,4.0,6.0,8.0,1.8,2.5,400,Medium
D367,Mushroom tikka,Tandoori mushroom,Veg Starters,North,Veg,,Starter,Medium,~6 pieces,150,g,163,6.0,9.0,12.0,2.7,3.8,600,Medium
D367,Mushroom tikka,Tandoori mushroom,Veg Starters,North,Veg,,Starter,Large,~8 pieces,200,g,217,8.0,12.0,16.0,3.6,5.0,800,Medium
D367,Mushroom tikka,Tandoori mushroom,Veg Starters,North,Veg,,Starter,Half plate,Restaurant half,180,g,195,7.2,10.8,14.4,3.2,4.5,720,Medium
D367,Mushroom tikka,Tandoori mushroom,Veg Starters,North,Veg,,Starter,Full plate,Restaurant full,350,g,379,14.0,21.0,28.0,6.3,8.8,1400,Medium
D368,Tandoori soya chaap,Soya chaap tikka,Veg Starters,North,Veg,,Starter,Small,~4 pieces,100,g,175,13.0,12.0,9.0,3.0,2.0,450,Medium
D368,Tandoori soya chaap,Soya chaap tikka,Veg Starters,North,Veg,,Starter,Medium,~6 pieces,150,g,262,19.5,18.0,13.5,4.5,3.0,675,Medium
D368,Tandoori soya chaap,Soya chaap tikka,Veg Starters,North,Veg,,Starter,Large,~8 pieces,200,g,350,26.0,24.0,18.0,6.0,4.0,900,Medium
D368,Tandoori soya chaap,Soya chaap tikka,Veg Starters,North,Veg,,Starter,Half plate,Restaurant half,180,g,315,23.4,21.6,16.2,5.4,3.6,810,Medium
D368,Tandoori soya chaap,Soya chaap tikka,Veg Starters,North,Veg,,Starter,Full plate,Restaurant full,350,g,612,45.5,42.0,31.5,10.5,7.0,1575,Medium
D369,Malai soya chaap,Afghani chaap,Veg Starters,North,Veg,,Starter,Small,~4 pieces,100,g,213,12.0,11.0,14.0,2.5,2.5,450,Medium
D369,Malai soya chaap,Afghani chaap,Veg Starters,North,Veg,,Starter,Medium,~6 pieces,150,g,320,18.0,16.5,21.0,3.8,3.8,675,Medium
D369,Malai soya chaap,Afghani chaap,Veg Starters,North,Veg,,Starter,Large,~8 pieces,200,g,426,24.0,22.0,28.0,5.0,5.0,900,Medium
D369,Malai soya chaap,Afghani chaap,Veg Starters,North,Veg,,Starter,Half plate,Restaurant half,180,g,383,21.6,19.8,25.2,4.5,4.5,810,Medium
D369,Malai soya chaap,Afghani chaap,Veg Starters,North,Veg,,Starter,Full plate,Restaurant full,350,g,746,42.0,38.5,49.0,8.8,8.8,1575,Medium
D370,Paneer 65,,Veg Starters,South,Veg,,Starter,Small,~4 pieces,100,g,256,12.0,12.0,18.0,1.0,2.0,600,Medium
D370,Paneer 65,,Veg Starters,South,Veg,,Starter,Medium,~6 pieces,150,g,384,18.0,18.0,27.0,1.5,3.0,900,Medium
D370,Paneer 65,,Veg Starters,South,Veg,,Starter,Large,~8 pieces,200,g,512,24.0,24.0,36.0,2.0,4.0,1200,Medium
D370,Paneer 65,,Veg Starters,South,Veg,,Starter,Half plate,Restaurant half,180,g,461,21.6,21.6,32.4,1.8,3.6,1080,Medium
D370,Paneer 65,,Veg Starters,South,Veg,,Starter,Full plate,Restaurant full,350,g,896,42.0,42.0,63.0,3.5,7.0,2100,Medium
D371,Gobi 65,Cauliflower 65,Veg Starters,South,Veg,,Starter,Small,~4 pieces,100,g,217,4.0,20.0,14.0,2.5,2.0,600,Medium
D371,Gobi 65,Cauliflower 65,Veg Starters,South,Veg,,Starter,Medium,~6 pieces,150,g,326,6.0,30.0,21.0,3.8,3.0,900,Medium
D371,Gobi 65,Cauliflower 65,Veg Starters,South,Veg,,Starter,Large,~8 pieces,200,g,434,8.0,40.0,28.0,5.0,4.0,1200,Medium
D371,Gobi 65,Cauliflower 65,Veg Starters,South,Veg,,Starter,Half plate,Restaurant half,180,g,391,7.2,36.0,25.2,4.5,3.6,1080,Medium
D371,Gobi 65,Cauliflower 65,Veg Starters,South,Veg,,Starter,Full plate,Restaurant full,350,g,760,14.0,70.0,49.0,8.8,7.0,2100,Medium
D372,Veg cutlet,Vegetable cutlet,Veg Starters,Pan-India,Veg,,Snack,Small,1 small cutlet (~40 g),40,g,80,1.6,10.0,4.0,1.2,0.8,152,Medium
D372,Veg cutlet,Vegetable cutlet,Veg Starters,Pan-India,Veg,,Snack,Medium,1 medium cutlet (~60 g),60,g,120,2.4,15.0,6.0,1.8,1.2,228,Medium
D372,Veg cutlet,Vegetable cutlet,Veg Starters,Pan-India,Veg,,Snack,Large,1 large cutlet (~80 g),80,g,160,3.2,20.0,8.0,2.4,1.6,304,Medium
D373,Aloo tikki,Potato patty,Veg Starters,North,Veg,Yes,Snack,Small,1 small tikki (~40 g),40,g,77,1.2,10.4,3.6,1.0,0.4,152,Medium
D373,Aloo tikki,Potato patty,Veg Starters,North,Veg,Yes,Snack,Medium,1 medium tikki (~60 g),60,g,115,1.8,15.6,5.4,1.5,0.6,228,Medium
D373,Aloo tikki,Potato patty,Veg Starters,North,Veg,Yes,Snack,Large,1 large tikki (~80 g),80,g,154,2.4,20.8,7.2,2.0,0.8,304,Medium
D374,Corn cheese balls,,Veg Starters,Pan-India,Veg,,Starter,Small,~3 balls,60,g,166,4.2,15.0,10.2,1.2,1.8,300,Medium
D374,Corn cheese balls,,Veg Starters,Pan-India,Veg,,Starter,Medium,~5 balls,100,g,277,7.0,25.0,17.0,2.0,3.0,500,Medium
D374,Corn cheese balls,,Veg Starters,Pan-India,Veg,,Starter,Large,~8 balls,150,g,416,10.5,37.5,25.5,3.0,4.5,750,Medium
D375,Veg spring roll (fried),Spring roll,Veg Starters,Indo-Chinese,Veg,Yes,Starter,Small,1 small roll (~40 g),40,g,101,2.0,12.0,5.2,1.0,1.2,180,Medium
D375,Veg spring roll (fried),Spring roll,Veg Starters,Indo-Chinese,Veg,Yes,Starter,Medium,1 medium roll (~60 g),60,g,151,3.0,18.0,7.8,1.5,1.8,270,Medium
D375,Veg spring roll (fried),Spring roll,Veg Starters,Indo-Chinese,Veg,Yes,Starter,Large,1 large roll (~90 g),90,g,227,4.5,27.0,11.7,2.2,2.7,405,Medium
D376,Paneer pakora,Paneer pakoda,Veg Starters,North,Veg,,Snack,Small,~2 pieces,60,g,181,7.2,9.0,13.2,1.2,1.2,240,Medium
D376,Paneer pakora,Paneer pakoda,Veg Starters,North,Veg,,Snack,Medium,~4 pieces,100,g,302,12.0,15.0,22.0,2.0,2.0,400,Medium
D376,Paneer pakora,Paneer pakoda,Veg Starters,North,Veg,,Snack,Large,~6 pieces,150,g,453,18.0,22.5,33.0,3.0,3.0,600,Medium
D377,Chicken tikka,Boneless tandoori tikka,Non-Veg Starters & Kebabs,North,Non-Veg,,Starter,Small,~4 pieces,100,g,183,24.0,4.0,8.0,0.5,2.0,500,Medium
D377,Chicken tikka,Boneless tandoori tikka,Non-Veg Starters & Kebabs,North,Non-Veg,,Starter,Medium,~6 pieces,150,g,274,36.0,6.0,12.0,0.8,3.0,750,Medium
D377,Chicken tikka,Boneless tandoori tikka,Non-Veg Starters & Kebabs,North,Non-Veg,,Starter,Large,~8 pieces,200,g,366,48.0,8.0,16.0,1.0,4.0,1000,Medium
D377,Chicken tikka,Boneless tandoori tikka,Non-Veg Starters & Kebabs,North,Non-Veg,,Starter,Half plate,Restaurant half,180,g,329,43.2,7.2,14.4,0.9,3.6,900,Medium
D377,Chicken tikka,Boneless tandoori tikka,Non-Veg Starters & Kebabs,North,Non-Veg,,Starter,Full plate,Restaurant full,350,g,640,84.0,14.0,28.0,1.8,7.0,1750,Medium
D378,Tandoori chicken,,Non-Veg Starters & Kebabs,North,Non-Veg,,Starter,Small,1 drumstick (edible ~60 g),60,g,110,15.0,1.8,4.8,0.3,0.9,288,Medium
D378,Tandoori chicken,,Non-Veg Starters & Kebabs,North,Non-Veg,,Starter,Medium,1 leg quarter (edible ~120 g),120,g,220,30.0,3.6,9.6,0.6,1.8,576,Medium
D378,Tandoori chicken,,Non-Veg Starters & Kebabs,North,Non-Veg,,Starter,Large,2 pieces (edible ~180 g),180,g,329,45.0,5.4,14.4,0.9,2.7,864,Medium
D378,Tandoori chicken,,Non-Veg Starters & Kebabs,North,Non-Veg,,Starter,Half plate,Half chicken (edible ~250 g),250,g,458,62.5,7.5,20.0,1.2,3.8,1200,Medium
D378,Tandoori chicken,,Non-Veg Starters & Kebabs,North,Non-Veg,,Starter,Full plate,Full chicken (edible ~500 g),500,g,915,125.0,15.0,40.0,2.5,7.5,2400,Medium
D379,Chicken malai / reshmi tikka,Murgh malai tikka,Non-Veg Starters & Kebabs,North,Non-Veg,,Starter,Small,~4 pieces,100,g,226,22.0,3.0,14.0,0.2,1.5,450,Medium
D379,Chicken malai / reshmi tikka,Murgh malai tikka,Non-Veg Starters & Kebabs,North,Non-Veg,,Starter,Medium,~6 pieces,150,g,338,33.0,4.5,21.0,0.3,2.2,675,Medium
D379,Chicken malai / reshmi tikka,Murgh malai tikka,Non-Veg Starters & Kebabs,North,Non-Veg,,Starter,Large,~8 pieces,200,g,451,44.0,6.0,28.0,0.4,3.0,900,Medium
D379,Chicken malai / reshmi tikka,Murgh malai tikka,Non-Veg Starters & Kebabs,North,Non-Veg,,Starter,Half plate,Restaurant half,180,g,406,39.6,5.4,25.2,0.4,2.7,810,Medium
D379,Chicken malai / reshmi tikka,Murgh malai tikka,Non-Veg Starters & Kebabs,North,Non-Veg,,Starter,Full plate,Restaurant full,350,g,790,77.0,10.5,49.0,0.7,5.2,1575,Medium
D380,Chicken Afghani / kalmi kebab,,Non-Veg Starters & Kebabs,North,Non-Veg,,Starter,Small,~4 pieces,100,g,216,22.0,3.0,13.0,0.3,1.5,450,Medium
D380,Chicken Afghani / kalmi kebab,,Non-Veg Starters & Kebabs,North,Non-Veg,,Starter,Medium,~6 pieces,150,g,325,33.0,4.5,19.5,0.4,2.2,675,Medium
D380,Chicken Afghani / kalmi kebab,,Non-Veg Starters & Kebabs,North,Non-Veg,,Starter,Large,~8 pieces,200,g,433,44.0,6.0,26.0,0.6,3.0,900,Medium
D380,Chicken Afghani / kalmi kebab,,Non-Veg Starters & Kebabs,North,Non-Veg,,Starter,Half plate,Restaurant half,180,g,390,39.6,5.4,23.4,0.5,2.7,810,Medium
D380,Chicken Afghani / kalmi kebab,,Non-Veg Starters & Kebabs,North,Non-Veg,,Starter,Full plate,Restaurant full,350,g,757,77.0,10.5,45.5,1.1,5.2,1575,Medium
D381,Chicken seekh kebab,,Non-Veg Starters & Kebabs,North,Non-Veg,,Starter,Small,~1 seekh,50,g,97,9.0,2.0,6.0,0.4,0.5,250,Medium
D381,Chicken seekh kebab,,Non-Veg Starters & Kebabs,North,Non-Veg,,Starter,Medium,~2 seekh,100,g,194,18.0,4.0,12.0,0.8,1.0,500,Medium
D381,Chicken seekh kebab,,Non-Veg Starters & Kebabs,North,Non-Veg,,Starter,Large,~3 seekh,150,g,292,27.0,6.0,18.0,1.2,1.5,750,Medium
D381,Chicken seekh kebab,,Non-Veg Starters & Kebabs,North,Non-Veg,,Starter,Half plate,Restaurant half (~3 seekh),150,g,292,27.0,6.0,18.0,1.2,1.5,750,Medium
D381,Chicken seekh kebab,,Non-Veg Starters & Kebabs,North,Non-Veg,,Starter,Full plate,Restaurant full (~6 seekh),300,g,583,54.0,12.0,36.0,2.4,3.0,1500,Medium
D382,Mutton seekh kebab,,Non-Veg Starters & Kebabs,North,Non-Veg,,Starter,Small,~1 seekh,50,g,122,8.5,2.0,9.0,0.4,0.5,250,Medium
D382,Mutton seekh kebab,,Non-Veg Starters & Kebabs,North,Non-Veg,,Starter,Medium,~2 seekh,100,g,244,17.0,4.0,18.0,0.8,1.0,500,Medium
D382,Mutton seekh kebab,,Non-Veg Starters & Kebabs,North,Non-Veg,,Starter,Large,~3 seekh,150,g,367,25.5,6.0,27.0,1.2,1.5,750,Medium
D382,Mutton seekh kebab,,Non-Veg Starters & Kebabs,North,Non-Veg,,Starter,Half plate,Restaurant half (~3 seekh),150,g,367,25.5,6.0,27.0,1.2,1.5,750,Medium
D382,Mutton seekh kebab,,Non-Veg Starters & Kebabs,North,Non-Veg,,Starter,Full plate,Restaurant full (~6 seekh),300,g,733,51.0,12.0,54.0,2.4,3.0,1500,Medium
D383,Galouti kebab,,Non-Veg Starters & Kebabs,North,Non-Veg,,Starter,Small,1 small kebab (~30 g),30,g,79,4.5,1.8,6.0,0.1,0.3,135,Medium
D383,Galouti kebab,,Non-Veg Starters & Kebabs,North,Non-Veg,,Starter,Medium,1 medium kebab (~40 g),40,g,105,6.0,2.4,8.0,0.2,0.4,180,Medium
D383,Galouti kebab,,Non-Veg Starters & Kebabs,North,Non-Veg,,Starter,Large,1 large kebab (~55 g),55,g,145,8.2,3.3,11.0,0.3,0.6,248,Medium
D384,Shami kebab,,Non-Veg Starters & Kebabs,North,Non-Veg,,Starter,Small,1 small kebab (~35 g),35,g,79,5.6,3.5,4.9,0.9,0.3,158,Medium
D384,Shami kebab,,Non-Veg Starters & Kebabs,North,Non-Veg,,Starter,Medium,1 medium kebab (~50 g),50,g,112,8.0,5.0,7.0,1.2,0.5,225,Medium
D384,Shami kebab,,Non-Veg Starters & Kebabs,North,Non-Veg,,Starter,Large,1 large kebab (~70 g),70,g,158,11.2,7.0,9.8,1.8,0.7,315,Medium
D385,Mutton boti kebab,,Non-Veg Starters & Kebabs,North,Non-Veg,,Starter,Small,~4 pieces,100,g,207,22.0,3.0,12.0,0.5,1.0,450,Medium
D385,Mutton boti kebab,,Non-Veg Starters & Kebabs,North,Non-Veg,,Starter,Medium,~6 pieces,150,g,310,33.0,4.5,18.0,0.8,1.5,675,Medium
D385,Mutton boti kebab,,Non-Veg Starters & Kebabs,North,Non-Veg,,Starter,Large,~8 pieces,200,g,414,44.0,6.0,24.0,1.0,2.0,900,Medium
D385,Mutton boti kebab,,Non-Veg Starters & Kebabs,North,Non-Veg,,Starter,Half plate,Restaurant half,180,g,373,39.6,5.4,21.6,0.9,1.8,810,Medium
D385,Mutton boti kebab,,Non-Veg Starters & Kebabs,North,Non-Veg,,Starter,Full plate,Restaurant full,350,g,724,77.0,10.5,42.0,1.8,3.5,1575,Medium
D386,Chicken 65,,Non-Veg Starters & Kebabs,South,Non-Veg,,Starter,Small,~4 pieces,100,g,253,20.0,10.0,15.0,0.8,1.5,650,Medium
D386,Chicken 65,,Non-Veg Starters & Kebabs,South,Non-Veg,,Starter,Medium,~6 pieces,150,g,380,30.0,15.0,22.5,1.2,2.2,975,Medium
D386,Chicken 65,,Non-Veg Starters & Kebabs,South,Non-Veg,,Starter,Large,~8 pieces,200,g,507,40.0,20.0,30.0,1.6,3.0,1300,Medium
D386,Chicken 65,,Non-Veg Starters & Kebabs,South,Non-Veg,,Starter,Half plate,Restaurant half,180,g,456,36.0,18.0,27.0,1.4,2.7,1170,Medium
D386,Chicken 65,,Non-Veg Starters & Kebabs,South,Non-Veg,,Starter,Full plate,Restaurant full,350,g,887,70.0,35.0,52.5,2.8,5.2,2275,Medium
D387,Chilli chicken (dry),,Non-Veg Starters & Kebabs,Indo-Chinese,Non-Veg,,Starter,Small,~4 pieces,100,g,223,15.0,12.0,13.0,1.0,4.0,800,High
D387,Chilli chicken (dry),,Non-Veg Starters & Kebabs,Indo-Chinese,Non-Veg,,Starter,Medium,~6 pieces,150,g,334,22.5,18.0,19.5,1.5,6.0,1200,High
D387,Chilli chicken (dry),,Non-Veg Starters & Kebabs,Indo-Chinese,Non-Veg,,Starter,Large,~8 pieces,200,g,446,30.0,24.0,26.0,2.0,8.0,1600,High
D387,Chilli chicken (dry),,Non-Veg Starters & Kebabs,Indo-Chinese,Non-Veg,,Starter,Half plate,Restaurant half,180,g,401,27.0,21.6,23.4,1.8,7.2,1440,High
D387,Chilli chicken (dry),,Non-Veg Starters & Kebabs,Indo-Chinese,Non-Veg,,Starter,Full plate,Restaurant full,350,g,780,52.5,42.0,45.5,3.5,14.0,2800,High
D388,Chicken lollipop,,Non-Veg Starters & Kebabs,Indo-Chinese,Non-Veg,,Starter,Small,2 pieces (edible ~80 g),80,g,211,14.4,8.0,13.6,0.4,1.6,480,Medium
D388,Chicken lollipop,,Non-Veg Starters & Kebabs,Indo-Chinese,Non-Veg,,Starter,Medium,4 pieces (edible ~160 g),160,g,422,28.8,16.0,27.2,0.8,3.2,960,Medium
D388,Chicken lollipop,,Non-Veg Starters & Kebabs,Indo-Chinese,Non-Veg,,Starter,Large,6 pieces (edible ~240 g),240,g,634,43.2,24.0,40.8,1.2,4.8,1440,Medium
D388,Chicken lollipop,,Non-Veg Starters & Kebabs,Indo-Chinese,Non-Veg,,Starter,Half plate,Restaurant half (4 pcs),160,g,422,28.8,16.0,27.2,0.8,3.2,960,Medium
D388,Chicken lollipop,,Non-Veg Starters & Kebabs,Indo-Chinese,Non-Veg,,Starter,Full plate,Restaurant full (8 pcs),320,g,845,57.6,32.0,54.4,1.6,6.4,1920,Medium
D389,Drums of heaven,,Non-Veg Starters & Kebabs,Indo-Chinese,Non-Veg,,Starter,Small,~4 pieces,100,g,259,17.0,12.0,16.0,0.5,5.0,650,Medium
D389,Drums of heaven,,Non-Veg Starters & Kebabs,Indo-Chinese,Non-Veg,,Starter,Medium,~6 pieces,150,g,388,25.5,18.0,24.0,0.8,7.5,975,Medium
D389,Drums of heaven,,Non-Veg Starters & Kebabs,Indo-Chinese,Non-Veg,,Starter,Large,~8 pieces,200,g,518,34.0,24.0,32.0,1.0,10.0,1300,Medium
D389,Drums of heaven,,Non-Veg Starters & Kebabs,Indo-Chinese,Non-Veg,,Starter,Half plate,Restaurant half,180,g,466,30.6,21.6,28.8,0.9,9.0,1170,Medium
D389,Drums of heaven,,Non-Veg Starters & Kebabs,Indo-Chinese,Non-Veg,,Starter,Full plate,Restaurant full,350,g,906,59.5,42.0,56.0,1.8,17.5,2275,Medium
D390,Chicken pakora,Chicken pakoda,Non-Veg Starters & Kebabs,North,Non-Veg,,Snack,Small,~4 pieces,100,g,253,18.0,12.0,15.0,1.0,1.0,450,Medium
D390,Chicken pakora,Chicken pakoda,Non-Veg Starters & Kebabs,North,Non-Veg,,Snack,Medium,~6 pieces,150,g,380,27.0,18.0,22.5,1.5,1.5,675,Medium
D390,Chicken pakora,Chicken pakoda,Non-Veg Starters & Kebabs,North,Non-Veg,,Snack,Large,~8 pieces,200,g,506,36.0,24.0,30.0,2.0,2.0,900,Medium
D390,Chicken pakora,Chicken pakoda,Non-Veg Starters & Kebabs,North,Non-Veg,,Snack,Half plate,Restaurant half,180,g,455,32.4,21.6,27.0,1.8,1.8,810,Medium
D390,Chicken pakora,Chicken pakoda,Non-Veg Starters & Kebabs,North,Non-Veg,,Snack,Full plate,Restaurant full,350,g,886,63.0,42.0,52.5,3.5,3.5,1575,Medium
D391,Fish tikka,Tandoori fish tikka,Non-Veg Starters & Kebabs,North,Non-Veg,,Starter,Small,~4 pieces,100,g,145,20.0,3.0,6.0,0.3,1.0,450,Medium
D391,Fish tikka,Tandoori fish tikka,Non-Veg Starters & Kebabs,North,Non-Veg,,Starter,Medium,~6 pieces,150,g,218,30.0,4.5,9.0,0.4,1.5,675,Medium
D391,Fish tikka,Tandoori fish tikka,Non-Veg Starters & Kebabs,North,Non-Veg,,Starter,Large,~8 pieces,200,g,291,40.0,6.0,12.0,0.6,2.0,900,Medium
D391,Fish tikka,Tandoori fish tikka,Non-Veg Starters & Kebabs,North,Non-Veg,,Starter,Half plate,Restaurant half,180,g,262,36.0,5.4,10.8,0.5,1.8,810,Medium
D391,Fish tikka,Tandoori fish tikka,Non-Veg Starters & Kebabs,North,Non-Veg,,Starter,Full plate,Restaurant full,350,g,509,70.0,10.5,21.0,1.1,3.5,1575,Medium
D392,"Fish fry (masala / rava, shallow fried)","Meen varuval, fish tawa fry",Non-Veg Starters & Kebabs,South,Non-Veg,,Starter,Small,1 small piece (~60 g),60,g,126,12.0,4.8,6.6,0.3,0.3,300,Medium
D392,"Fish fry (masala / rava, shallow fried)","Meen varuval, fish tawa fry",Non-Veg Starters & Kebabs,South,Non-Veg,,Starter,Medium,1 medium piece (~90 g),90,g,189,18.0,7.2,9.9,0.5,0.5,450,Medium
D392,"Fish fry (masala / rava, shallow fried)","Meen varuval, fish tawa fry",Non-Veg Starters & Kebabs,South,Non-Veg,,Starter,Large,1 large piece (~120 g),120,g,252,24.0,9.6,13.2,0.6,0.6,600,Medium
D393,Amritsari fish (batter fried),,Non-Veg Starters & Kebabs,North,Non-Veg,,Starter,Small,~4 pieces,100,g,231,17.0,12.0,13.0,1.0,1.0,500,Medium
D393,Amritsari fish (batter fried),,Non-Veg Starters & Kebabs,North,Non-Veg,,Starter,Medium,~6 pieces,150,g,346,25.5,18.0,19.5,1.5,1.5,750,Medium
D393,Amritsari fish (batter fried),,Non-Veg Starters & Kebabs,North,Non-Veg,,Starter,Large,~8 pieces,200,g,462,34.0,24.0,26.0,2.0,2.0,1000,Medium
D393,Amritsari fish (batter fried),,Non-Veg Starters & Kebabs,North,Non-Veg,,Starter,Half plate,Restaurant half,180,g,416,30.6,21.6,23.4,1.8,1.8,900,Medium
D393,Amritsari fish (batter fried),,Non-Veg Starters & Kebabs,North,Non-Veg,,Starter,Full plate,Restaurant full,350,g,808,59.5,42.0,45.5,3.5,3.5,1750,Medium
D394,Fish pakora,Fish pakoda,Non-Veg Starters & Kebabs,Pan-India,Non-Veg,,Snack,Small,~4 pieces,100,g,236,16.0,12.0,14.0,1.0,1.0,420,Medium
D394,Fish pakora,Fish pakoda,Non-Veg Starters & Kebabs,Pan-India,Non-Veg,,Snack,Medium,~6 pieces,150,g,354,24.0,18.0,21.0,1.5,1.5,630,Medium
D394,Fish pakora,Fish pakoda,Non-Veg Starters & Kebabs,Pan-India,Non-Veg,,Snack,Large,~8 pieces,200,g,472,32.0,24.0,28.0,2.0,2.0,840,Medium
D394,Fish pakora,Fish pakoda,Non-Veg Starters & Kebabs,Pan-India,Non-Veg,,Snack,Half plate,Restaurant half,180,g,425,28.8,21.6,25.2,1.8,1.8,756,Medium
D394,Fish pakora,Fish pakoda,Non-Veg Starters & Kebabs,Pan-India,Non-Veg,,Snack,Full plate,Restaurant full,350,g,826,56.0,42.0,49.0,3.5,3.5,1470,Medium
D395,Tandoori prawns,Prawn tikka,Non-Veg Starters & Kebabs,North,Non-Veg,,Starter,Small,~4 pieces,100,g,136,20.0,3.0,5.0,0.3,1.0,600,Medium
D395,Tandoori prawns,Prawn tikka,Non-Veg Starters & Kebabs,North,Non-Veg,,Starter,Medium,~6 pieces,150,g,205,30.0,4.5,7.5,0.4,1.5,900,Medium
D395,Tandoori prawns,Prawn tikka,Non-Veg Starters & Kebabs,North,Non-Veg,,Starter,Large,~8 pieces,200,g,273,40.0,6.0,10.0,0.6,2.0,1200,Medium
D395,Tandoori prawns,Prawn tikka,Non-Veg Starters & Kebabs,North,Non-Veg,,Starter,Half plate,Restaurant half,180,g,246,36.0,5.4,9.0,0.5,1.8,1080,Medium
D395,Tandoori prawns,Prawn tikka,Non-Veg Starters & Kebabs,North,Non-Veg,,Starter,Full plate,Restaurant full,350,g,477,70.0,10.5,17.5,1.1,3.5,2100,Medium
D396,Prawn koliwada / prawn fry,,Non-Veg Starters & Kebabs,West,Non-Veg,,Starter,Small,~4 pieces,100,g,235,16.0,14.0,13.0,0.8,1.0,650,Medium
D396,Prawn koliwada / prawn fry,,Non-Veg Starters & Kebabs,West,Non-Veg,,Starter,Medium,~6 pieces,150,g,353,24.0,21.0,19.5,1.2,1.5,975,Medium
D396,Prawn koliwada / prawn fry,,Non-Veg Starters & Kebabs,West,Non-Veg,,Starter,Large,~8 pieces,200,g,471,32.0,28.0,26.0,1.6,2.0,1300,Medium
D396,Prawn koliwada / prawn fry,,Non-Veg Starters & Kebabs,West,Non-Veg,,Starter,Half plate,Restaurant half,180,g,424,28.8,25.2,23.4,1.4,1.8,1170,Medium
D396,Prawn koliwada / prawn fry,,Non-Veg Starters & Kebabs,West,Non-Veg,,Starter,Full plate,Restaurant full,350,g,824,56.0,49.0,45.5,2.8,3.5,2275,Medium
D397,Chicken cutlet,,Non-Veg Starters & Kebabs,Pan-India,Non-Veg,,Snack,Small,1 small cutlet (~40 g),40,g,89,5.6,6.0,4.8,0.4,0.4,180,Medium
D397,Chicken cutlet,,Non-Veg Starters & Kebabs,Pan-India,Non-Veg,,Snack,Medium,1 medium cutlet (~60 g),60,g,133,8.4,9.0,7.2,0.6,0.6,270,Medium
D397,Chicken cutlet,,Non-Veg Starters & Kebabs,Pan-India,Non-Veg,,Snack,Large,1 large cutlet (~80 g),80,g,178,11.2,12.0,9.6,0.8,0.8,360,Medium
D398,Fish cutlet,,Non-Veg Starters & Kebabs,East,Non-Veg,,Snack,Small,1 small cutlet (~40 g),40,g,82,4.8,6.0,4.4,0.4,0.4,180,Medium
D398,Fish cutlet,,Non-Veg Starters & Kebabs,East,Non-Veg,,Snack,Medium,1 medium cutlet (~60 g),60,g,123,7.2,9.0,6.6,0.6,0.6,270,Medium
D398,Fish cutlet,,Non-Veg Starters & Kebabs,East,Non-Veg,,Snack,Large,1 large cutlet (~80 g),80,g,164,9.6,12.0,8.8,0.8,0.8,360,Medium
D399,Egg pakora,Anda pakoda,Non-Veg Starters & Kebabs,Pan-India,Egg,,Snack,Small,2 halves,50,g,114,5.0,7.0,7.5,0.8,0.5,200,Medium
D399,Egg pakora,Anda pakoda,Non-Veg Starters & Kebabs,Pan-India,Egg,,Snack,Medium,4 halves,100,g,228,10.0,14.0,15.0,1.5,1.0,400,Medium
D399,Egg pakora,Anda pakoda,Non-Veg Starters & Kebabs,Pan-India,Egg,,Snack,Large,6 halves,150,g,342,15.0,21.0,22.5,2.2,1.5,600,Medium
D400,Samosa (aloo),Punjabi samosa,Snacks & Fritters,North,Veg,Yes,Snack,Small,1 small samosa (~40 g),40,g,118,2.0,12.8,6.8,1.2,0.8,160,Medium
D400,Samosa (aloo),Punjabi samosa,Snacks & Fritters,North,Veg,Yes,Snack,Medium,1 medium samosa (~70 g),70,g,206,3.5,22.4,11.9,2.1,1.4,280,Medium
D400,Samosa (aloo),Punjabi samosa,Snacks & Fritters,North,Veg,Yes,Snack,Large,1 large samosa (~100 g),100,g,295,5.0,32.0,17.0,3.0,2.0,400,Medium
D401,Keema samosa,Mutton/chicken samosa,Snacks & Fritters,North,Non-Veg,,Snack,Small,1 small samosa (~30 g),30,g,92,3.0,7.5,5.7,0.6,0.4,135,Medium
D401,Keema samosa,Mutton/chicken samosa,Snacks & Fritters,North,Non-Veg,,Snack,Medium,1 medium samosa (~50 g),50,g,154,5.0,12.5,9.5,1.0,0.8,225,Medium
D401,Keema samosa,Mutton/chicken samosa,Snacks & Fritters,North,Non-Veg,,Snack,Large,1 large samosa (~70 g),70,g,215,7.0,17.5,13.3,1.4,1.0,315,Medium
D402,Onion samosa (patti samosa),Irani samosa,Snacks & Fritters,South,Veg,Yes,Snack,Small,1 small samosa (~15 g),15,g,50,0.9,5.7,2.7,0.4,0.4,68,Medium
D402,Onion samosa (patti samosa),Irani samosa,Snacks & Fritters,South,Veg,Yes,Snack,Medium,1 medium samosa (~25 g),25,g,83,1.5,9.5,4.5,0.8,0.8,112,Medium
D402,Onion samosa (patti samosa),Irani samosa,Snacks & Fritters,South,Veg,Yes,Snack,Large,1 large samosa (~35 g),35,g,116,2.1,13.3,6.3,1.0,1.0,158,Medium
D403,Onion pakora / bhajji,"Pyaaz pakoda, kanda bhaji",Snacks & Fritters,Pan-India,Veg,Yes,Snack,Small,~4 pieces,50,g,142,3.0,14.5,8.5,2.0,2.0,200,Medium
D403,Onion pakora / bhajji,"Pyaaz pakoda, kanda bhaji",Snacks & Fritters,Pan-India,Veg,Yes,Snack,Medium,~8 pieces,100,g,285,6.0,29.0,17.0,4.0,4.0,400,Medium
D403,Onion pakora / bhajji,"Pyaaz pakoda, kanda bhaji",Snacks & Fritters,Pan-India,Veg,Yes,Snack,Large,1 plate,150,g,428,9.0,43.5,25.5,6.0,6.0,600,Medium
D404,Mixed veg pakora,Pakoda,Snacks & Fritters,Pan-India,Veg,Yes,Snack,Small,~4 pieces,50,g,132,3.0,13.0,8.0,1.8,1.5,200,Medium
D404,Mixed veg pakora,Pakoda,Snacks & Fritters,Pan-India,Veg,Yes,Snack,Medium,~8 pieces,100,g,265,6.0,26.0,16.0,3.5,3.0,400,Medium
D404,Mixed veg pakora,Pakoda,Snacks & Fritters,Pan-India,Veg,Yes,Snack,Large,1 plate,150,g,398,9.0,39.0,24.0,5.2,4.5,600,Medium
D405,Aloo pakora,Potato bhajji,Snacks & Fritters,Pan-India,Veg,Yes,Snack,Small,~4 pieces,50,g,134,2.5,15.0,7.5,1.5,0.8,200,Medium
D405,Aloo pakora,Potato bhajji,Snacks & Fritters,Pan-India,Veg,Yes,Snack,Medium,~8 pieces,100,g,269,5.0,30.0,15.0,3.0,1.5,400,Medium
D405,Aloo pakora,Potato bhajji,Snacks & Fritters,Pan-India,Veg,Yes,Snack,Large,1 plate,150,g,404,7.5,45.0,22.5,4.5,2.2,600,Medium
D406,Palak pakora,Spinach pakoda,Snacks & Fritters,North,Veg,Yes,Snack,Small,~4 pieces,50,g,124,3.0,11.0,8.0,2.0,0.8,200,Medium
D406,Palak pakora,Spinach pakoda,Snacks & Fritters,North,Veg,Yes,Snack,Medium,~8 pieces,100,g,248,6.0,22.0,16.0,4.0,1.5,400,Medium
D406,Palak pakora,Spinach pakoda,Snacks & Fritters,North,Veg,Yes,Snack,Large,1 plate,150,g,372,9.0,33.0,24.0,6.0,2.2,600,Medium
D407,Gobi pakora,Cauliflower pakoda,Snacks & Fritters,North,Veg,Yes,Snack,Small,~4 pieces,50,g,119,2.8,11.0,7.5,1.8,1.0,200,Medium
D407,Gobi pakora,Cauliflower pakoda,Snacks & Fritters,North,Veg,Yes,Snack,Medium,~8 pieces,100,g,238,5.5,22.0,15.0,3.5,2.0,400,Medium
D407,Gobi pakora,Cauliflower pakoda,Snacks & Fritters,North,Veg,Yes,Snack,Large,1 plate,150,g,357,8.2,33.0,22.5,5.2,3.0,600,Medium
D408,Mirchi bajji / mirchi vada,Chilli fritter,Snacks & Fritters,South,Veg,Yes,Snack,Small,1 small mirchi (~30 g),30,g,69,1.1,6.6,4.5,0.9,0.6,114,Medium
D408,Mirchi bajji / mirchi vada,Chilli fritter,Snacks & Fritters,South,Veg,Yes,Snack,Medium,1 medium mirchi (~45 g),45,g,104,1.6,9.9,6.8,1.4,0.9,171,Medium
D408,Mirchi bajji / mirchi vada,Chilli fritter,Snacks & Fritters,South,Veg,Yes,Snack,Large,1 large mirchi (~70 g),70,g,162,2.4,15.4,10.5,2.1,1.4,266,Medium
D409,Bread pakora (aloo stuffed),,Snacks & Fritters,North,Veg,Yes,Snack,Small,1 small piece (~70 g),70,g,201,4.5,23.1,10.5,2.1,1.8,315,Medium
D409,Bread pakora (aloo stuffed),,Snacks & Fritters,North,Veg,Yes,Snack,Medium,1 medium piece (~100 g),100,g,287,6.5,33.0,15.0,3.0,2.5,450,Medium
D409,Bread pakora (aloo stuffed),,Snacks & Fritters,North,Veg,Yes,Snack,Large,1 large piece (~130 g),130,g,373,8.5,42.9,19.5,3.9,3.2,585,Medium
D410,Batata vada / aloo bonda,Potato bonda,Snacks & Fritters,West,Veg,Yes,Snack,Small,1 small vada (~40 g),40,g,103,1.8,12.0,5.6,1.2,0.6,168,Medium
D410,Batata vada / aloo bonda,Potato bonda,Snacks & Fritters,West,Veg,Yes,Snack,Medium,1 medium vada (~60 g),60,g,155,2.7,18.0,8.4,1.8,0.9,252,Medium
D410,Batata vada / aloo bonda,Potato bonda,Snacks & Fritters,West,Veg,Yes,Snack,Large,1 large vada (~80 g),80,g,206,3.6,24.0,11.2,2.4,1.2,336,Medium
D411,Sabudana vada,,Snacks & Fritters,West,Veg,,Snack,Small,1 small vada (~30 g),30,g,89,1.1,11.4,4.5,0.4,0.3,105,Medium
D411,Sabudana vada,,Snacks & Fritters,West,Veg,,Snack,Medium,1 medium vada (~45 g),45,g,134,1.6,17.1,6.8,0.7,0.5,158,Medium
D411,Sabudana vada,,Snacks & Fritters,West,Veg,,Snack,Large,1 large vada (~60 g),60,g,179,2.1,22.8,9.0,0.9,0.6,210,Medium
D412,Dahi vada / dahi bhalla,Thayir vadai,Snacks & Fritters,North,Veg,,Snack,Small,1 vada with curd,100,g,154,5.5,17.0,7.5,1.8,6.0,320,Medium
D412,Dahi vada / dahi bhalla,Thayir vadai,Snacks & Fritters,North,Veg,,Snack,Medium,2 vada with curd,150,g,231,8.2,25.5,11.2,2.7,9.0,480,Medium
D412,Dahi vada / dahi bhalla,Thayir vadai,Snacks & Fritters,North,Veg,,Snack,Large,3 vada with curd,200,g,308,11.0,34.0,15.0,3.6,12.0,640,Medium
D413,Veg puff (bakery),Vegetable puff,Snacks & Fritters,Pan-India,Veg,,Snack,Small,1 small puff (~60 g),60,g,193,2.7,19.2,12.0,1.2,1.5,270,Medium
D413,Veg puff (bakery),Vegetable puff,Snacks & Fritters,Pan-India,Veg,,Snack,Medium,1 medium puff (~80 g),80,g,258,3.6,25.6,16.0,1.6,2.0,360,Medium
D413,Veg puff (bakery),Vegetable puff,Snacks & Fritters,Pan-India,Veg,,Snack,Large,1 large puff (~100 g),100,g,322,4.5,32.0,20.0,2.0,2.5,450,Medium
D414,Egg puff (bakery),,Snacks & Fritters,Pan-India,Egg,,Snack,Small,1 small puff (~70 g),70,g,232,4.9,18.9,15.4,0.7,1.4,315,Medium
D414,Egg puff (bakery),,Snacks & Fritters,Pan-India,Egg,,Snack,Medium,1 medium puff (~90 g),90,g,299,6.3,24.3,19.8,0.9,1.8,405,Medium
D414,Egg puff (bakery),,Snacks & Fritters,Pan-India,Egg,,Snack,Large,1 large puff (~110 g),110,g,365,7.7,29.7,24.2,1.1,2.2,495,Medium
D415,Chicken puff (bakery),,Snacks & Fritters,Pan-India,Non-Veg,,Snack,Small,1 small puff (~70 g),70,g,223,6.3,18.2,14.0,0.7,1.4,336,Medium
D415,Chicken puff (bakery),,Snacks & Fritters,Pan-India,Non-Veg,,Snack,Medium,1 medium puff (~90 g),90,g,286,8.1,23.4,18.0,0.9,1.8,432,Medium
D415,Chicken puff (bakery),,Snacks & Fritters,Pan-India,Non-Veg,,Snack,Large,1 large puff (~110 g),110,g,350,9.9,28.6,22.0,1.1,2.2,528,Medium
D416,Veg burger (aloo tikki burger),,Snacks & Fritters,Pan-India,Veg,,Snack,Small,1 small burger (~120 g),120,g,275,7.2,36.0,12.0,3.0,6.0,600,Medium
D416,Veg burger (aloo tikki burger),,Snacks & Fritters,Pan-India,Veg,,Snack,Medium,1 medium burger (~150 g),150,g,344,9.0,45.0,15.0,3.8,7.5,750,Medium
D416,Veg burger (aloo tikki burger),,Snacks & Fritters,Pan-India,Veg,,Snack,Large,1 large burger (~200 g),200,g,458,12.0,60.0,20.0,5.0,10.0,1000,Medium
D417,Pani puri / golgappa / puchka,Gupchup,Street Food & Chaat,Pan-India,Veg,Yes,Snack,Small,4 pieces,100,g,145,3.0,22.0,5.5,2.2,4.0,500,Medium
D417,Pani puri / golgappa / puchka,Gupchup,Street Food & Chaat,Pan-India,Veg,Yes,Snack,Medium,6 pieces (1 plate),150,g,218,4.5,33.0,8.2,3.3,6.0,750,Medium
D417,Pani puri / golgappa / puchka,Gupchup,Street Food & Chaat,Pan-India,Veg,Yes,Snack,Large,10 pieces,250,g,363,7.5,55.0,13.8,5.5,10.0,1250,Medium
D418,Bhel puri,Bhel,Street Food & Chaat,West,Veg,,Snack,Small,Small plate,100,g,248,5.5,41.0,7.5,2.6,6.0,450,Medium
D418,Bhel puri,Bhel,Street Food & Chaat,West,Veg,,Snack,Medium,1 plate,150,g,372,8.2,61.5,11.2,3.9,9.0,675,Medium
D418,Bhel puri,Bhel,Street Food & Chaat,West,Veg,,Snack,Large,Large plate,200,g,497,11.0,82.0,15.0,5.2,12.0,900,Medium
D419,Jhal muri,,Street Food & Chaat,East,Veg,Yes,Snack,Small,Small paper cone,50,g,150,3.2,22.0,5.8,1.4,1.0,200,Medium
D419,Jhal muri,,Street Food & Chaat,East,Veg,Yes,Snack,Medium,1 cone / thonga,80,g,240,5.2,35.2,9.2,2.2,1.6,320,Medium
D419,Jhal muri,,Street Food & Chaat,East,Veg,Yes,Snack,Large,Large bag,120,g,360,7.8,52.8,13.8,3.2,2.4,480,Medium
D420,Sev puri,,Street Food & Chaat,West,Veg,,Snack,Small,4 pieces,80,g,195,4.0,22.4,10.4,2.0,4.8,400,Medium
D420,Sev puri,,Street Food & Chaat,West,Veg,,Snack,Medium,6 pieces (1 plate),120,g,293,6.0,33.6,15.6,3.0,7.2,600,Medium
D420,Sev puri,,Street Food & Chaat,West,Veg,,Snack,Large,9 pieces,180,g,439,9.0,50.4,23.4,4.5,10.8,900,Medium
D421,Dahi puri,,Street Food & Chaat,West,Veg,,Snack,Small,4 pieces,100,g,186,4.5,25.0,8.0,2.0,7.0,450,Medium
D421,Dahi puri,,Street Food & Chaat,West,Veg,,Snack,Medium,6 pieces (1 plate),150,g,279,6.8,37.5,12.0,3.0,10.5,675,Medium
D421,Dahi puri,,Street Food & Chaat,West,Veg,,Snack,Large,9 pieces,225,g,418,10.1,56.2,18.0,4.5,15.8,1012,Medium
D422,Papdi chaat,,Street Food & Chaat,North,Veg,,Snack,Small,Small plate,100,g,209,5.0,26.0,10.0,2.5,7.0,500,Medium
D422,Papdi chaat,,Street Food & Chaat,North,Veg,,Snack,Medium,1 plate,150,g,314,7.5,39.0,15.0,3.8,10.5,750,Medium
D422,Papdi chaat,,Street Food & Chaat,North,Veg,,Snack,Large,Large plate,200,g,418,10.0,52.0,20.0,5.0,14.0,1000,Medium
D423,Aloo tikki chaat,,Street Food & Chaat,North,Veg,,Snack,Small,Small plate,100,g,171,4.5,22.0,8.0,3.5,5.0,450,Medium
D423,Aloo tikki chaat,,Street Food & Chaat,North,Veg,,Snack,Medium,1 plate,150,g,256,6.8,33.0,12.0,5.2,7.5,675,Medium
D423,Aloo tikki chaat,,Street Food & Chaat,North,Veg,,Snack,Large,Large plate,200,g,342,9.0,44.0,16.0,7.0,10.0,900,Medium
D424,Samosa chaat,,Street Food & Chaat,North,Veg,,Snack,Small,Small plate,100,g,208,5.0,24.0,11.0,3.5,5.0,450,Medium
D424,Samosa chaat,,Street Food & Chaat,North,Veg,,Snack,Medium,1 plate,150,g,312,7.5,36.0,16.5,5.2,7.5,675,Medium
D424,Samosa chaat,,Street Food & Chaat,North,Veg,,Snack,Large,Large plate,200,g,416,10.0,48.0,22.0,7.0,10.0,900,Medium
D425,Raj kachori,,Street Food & Chaat,North,Veg,,Snack,Small,Small,150,g,318,9.0,36.0,16.5,5.2,9.0,675,Medium
D425,Raj kachori,,Street Food & Chaat,North,Veg,,Snack,Medium,1 plate,200,g,424,12.0,48.0,22.0,7.0,12.0,900,Medium
D425,Raj kachori,,Street Food & Chaat,North,Veg,,Snack,Large,Large,250,g,530,15.0,60.0,27.5,8.8,15.0,1125,Medium
D426,Ragda pattice,,Street Food & Chaat,West,Veg,Yes,Snack,Small,Small plate,100,g,145,4.5,20.0,6.0,3.5,3.5,420,Medium
D426,Ragda pattice,,Street Food & Chaat,West,Veg,Yes,Snack,Medium,1 plate,150,g,218,6.8,30.0,9.0,5.2,5.2,630,Medium
D426,Ragda pattice,,Street Food & Chaat,West,Veg,Yes,Snack,Large,Large plate,200,g,290,9.0,40.0,12.0,7.0,7.0,840,Medium
D427,Vada pav,,Street Food & Chaat,West,Veg,Yes,Snack,Small,1 small vada pav (~110 g),110,g,276,6.3,37.8,11.8,3.2,3.3,550,Medium
D427,Vada pav,,Street Food & Chaat,West,Veg,Yes,Snack,Medium,1 medium vada pav (~140 g),140,g,351,8.0,48.2,15.0,4.1,4.2,700,Medium
D427,Vada pav,,Street Food & Chaat,West,Veg,Yes,Snack,Large,1 large vada pav (~170 g),170,g,427,9.7,58.5,18.2,4.9,5.1,850,Medium
D428,Dabeli,Kutchi dabeli,Street Food & Chaat,West,Veg,,Snack,Small,1 small dabeli (~100 g),100,g,239,5.0,36.0,9.0,3.0,9.0,450,Medium
D428,Dabeli,Kutchi dabeli,Street Food & Chaat,West,Veg,,Snack,Medium,1 medium dabeli (~130 g),130,g,311,6.5,46.8,11.7,3.9,11.7,585,Medium
D428,Dabeli,Kutchi dabeli,Street Food & Chaat,West,Veg,,Snack,Large,1 large dabeli (~160 g),160,g,382,8.0,57.6,14.4,4.8,14.4,720,Medium
D429,Paneer kathi roll,Paneer frankie,Street Food & Chaat,East,Veg,,Snack,Small,1 small roll (~150 g),150,g,346,13.5,37.5,16.5,3.0,3.8,750,High
D429,Paneer kathi roll,Paneer frankie,Street Food & Chaat,East,Veg,,Snack,Medium,1 medium roll (~200 g),200,g,462,18.0,50.0,22.0,4.0,5.0,1000,High
D429,Paneer kathi roll,Paneer frankie,Street Food & Chaat,East,Veg,,Snack,Large,1 large roll (~250 g),250,g,578,22.5,62.5,27.5,5.0,6.2,1250,High
D430,Chicken kathi roll,Chicken frankie,Street Food & Chaat,East,Non-Veg,,Snack,Small,1 small roll (~150 g),150,g,340,18.0,34.5,15.0,2.4,3.0,825,Medium
D430,Chicken kathi roll,Chicken frankie,Street Food & Chaat,East,Non-Veg,,Snack,Medium,1 medium roll (~200 g),200,g,454,24.0,46.0,20.0,3.2,4.0,1100,Medium
D430,Chicken kathi roll,Chicken frankie,Street Food & Chaat,East,Non-Veg,,Snack,Large,1 large roll (~250 g),250,g,567,30.0,57.5,25.0,4.0,5.0,1375,Medium
D431,Egg roll (Kolkata),Anda roll,Street Food & Chaat,East,Egg,,Snack,Small,1 small roll (~120 g),120,g,287,10.2,30.0,14.4,1.8,2.4,540,Medium
D431,Egg roll (Kolkata),Anda roll,Street Food & Chaat,East,Egg,,Snack,Medium,1 medium roll (~160 g),160,g,382,13.6,40.0,19.2,2.4,3.2,720,Medium
D431,Egg roll (Kolkata),Anda roll,Street Food & Chaat,East,Egg,,Snack,Large,1 large roll (~220 g),220,g,526,18.7,55.0,26.4,3.3,4.4,990,Medium
D432,Chicken shawarma roll,Shawarma,Street Food & Chaat,Pan-India,Non-Veg,,Snack,Small,1 small roll (~150 g),150,g,336,18.0,30.0,16.5,2.2,3.0,900,Medium
D432,Chicken shawarma roll,Shawarma,Street Food & Chaat,Pan-India,Non-Veg,,Snack,Medium,1 medium roll (~200 g),200,g,448,24.0,40.0,22.0,3.0,4.0,1200,Medium
D432,Chicken shawarma roll,Shawarma,Street Food & Chaat,Pan-India,Non-Veg,,Snack,Large,1 large roll (~280 g),280,g,627,33.6,56.0,30.8,4.2,5.6,1680,Medium
D433,Corn chaat / masala bhutta,Sweet corn cup,Street Food & Chaat,Pan-India,Veg,,Snack,Small,Small plate,100,g,124,3.4,21.0,3.5,2.5,4.5,250,Medium
D433,Corn chaat / masala bhutta,Sweet corn cup,Street Food & Chaat,Pan-India,Veg,,Snack,Medium,1 plate,150,g,186,5.1,31.5,5.2,3.8,6.8,375,Medium
D433,Corn chaat / masala bhutta,Sweet corn cup,Street Food & Chaat,Pan-India,Veg,,Snack,Large,Large plate,200,g,248,6.8,42.0,7.0,5.0,9.0,500,Medium
D434,Sprouts chaat,Moong sprout chaat,Street Food & Chaat,Pan-India,Veg,Yes,Snack,Small,Small plate,100,g,69,4.5,12.0,1.0,3.0,3.0,250,Medium
D434,Sprouts chaat,Moong sprout chaat,Street Food & Chaat,Pan-India,Veg,Yes,Snack,Medium,1 plate,150,g,104,6.8,18.0,1.5,4.5,4.5,375,Medium
D434,Sprouts chaat,Moong sprout chaat,Street Food & Chaat,Pan-India,Veg,Yes,Snack,Large,Large plate,200,g,138,9.0,24.0,2.0,6.0,6.0,500,Medium
D435,Chana chaat (kabuli),,Street Food & Chaat,North,Veg,Yes,Snack,Small,Small plate,100,g,122,7.0,21.0,2.5,6.0,3.0,300,Medium
D435,Chana chaat (kabuli),,Street Food & Chaat,North,Veg,Yes,Snack,Medium,1 plate,150,g,184,10.5,31.5,3.8,9.0,4.5,450,Medium
D435,Chana chaat (kabuli),,Street Food & Chaat,North,Veg,Yes,Snack,Large,Large plate,200,g,245,14.0,42.0,5.0,12.0,6.0,600,Medium
D436,Boiled peanut chaat,Moongphali chaat,Street Food & Chaat,Pan-India,Veg,Yes,Snack,Small,Small plate,100,g,214,10.0,12.0,15.0,4.5,2.5,250,Medium
D436,Boiled peanut chaat,Moongphali chaat,Street Food & Chaat,Pan-India,Veg,Yes,Snack,Medium,1 plate,150,g,321,15.0,18.0,22.5,6.8,3.8,375,Medium
D436,Boiled peanut chaat,Moongphali chaat,Street Food & Chaat,Pan-India,Veg,Yes,Snack,Large,Large plate,200,g,428,20.0,24.0,30.0,9.0,5.0,500,Medium
D437,Fruit chaat,Fruit salad with chaat masala,Street Food & Chaat,North,Veg,Yes,Snack,Small,Small plate,100,g,62,0.7,15.0,0.3,2.0,11.5,250,Medium
D437,Fruit chaat,Fruit salad with chaat masala,Street Food & Chaat,North,Veg,Yes,Snack,Medium,1 plate,150,g,92,1.0,22.5,0.4,3.0,17.2,375,Medium
D437,Fruit chaat,Fruit salad with chaat masala,Street Food & Chaat,North,Veg,Yes,Snack,Large,Large plate,200,g,123,1.4,30.0,0.6,4.0,23.0,500,Medium
D438,"Momos - veg, steamed",Veg dumplings,Street Food & Chaat,Pan-India,Veg,Yes,Snack,Small,4 pieces,100,g,143,5.0,25.0,3.0,2.2,1.5,400,Medium
D438,"Momos - veg, steamed",Veg dumplings,Street Food & Chaat,Pan-India,Veg,Yes,Snack,Medium,6 pieces (half plate),150,g,214,7.5,37.5,4.5,3.3,2.2,600,Medium
D438,"Momos - veg, steamed",Veg dumplings,Street Food & Chaat,Pan-India,Veg,Yes,Snack,Large,10 pieces (full plate),250,g,356,12.5,62.5,7.5,5.5,3.8,1000,Medium
D439,"Momos - veg, fried",,Street Food & Chaat,Pan-India,Veg,Yes,Snack,Small,4 pieces,100,g,219,5.0,26.0,11.0,2.2,1.5,420,Medium
D439,"Momos - veg, fried",,Street Food & Chaat,Pan-India,Veg,Yes,Snack,Medium,6 pieces (half plate),150,g,328,7.5,39.0,16.5,3.3,2.2,630,Medium
D439,"Momos - veg, fried",,Street Food & Chaat,Pan-India,Veg,Yes,Snack,Large,10 pieces (full plate),250,g,546,12.5,65.0,27.5,5.5,3.8,1050,Medium
D440,"Momos - paneer, steamed",,Street Food & Chaat,Pan-India,Veg,,Snack,Small,4 pieces,100,g,175,8.0,23.0,6.0,1.5,1.5,420,Medium
D440,"Momos - paneer, steamed",,Street Food & Chaat,Pan-India,Veg,,Snack,Medium,6 pieces (half plate),150,g,262,12.0,34.5,9.0,2.2,2.2,630,Medium
D440,"Momos - paneer, steamed",,Street Food & Chaat,Pan-India,Veg,,Snack,Large,10 pieces (full plate),250,g,438,20.0,57.5,15.0,3.8,3.8,1050,Medium
D441,"Momos - chicken, steamed",,Street Food & Chaat,Pan-India,Non-Veg,,Snack,Small,4 pieces,100,g,171,10.0,22.0,5.0,1.2,1.0,450,Medium
D441,"Momos - chicken, steamed",,Street Food & Chaat,Pan-India,Non-Veg,,Snack,Medium,6 pieces (half plate),150,g,256,15.0,33.0,7.5,1.8,1.5,675,Medium
D441,"Momos - chicken, steamed",,Street Food & Chaat,Pan-India,Non-Veg,,Snack,Large,10 pieces (full plate),250,g,426,25.0,55.0,12.5,3.0,2.5,1125,Medium
D442,"Momos - chicken, fried",,Street Food & Chaat,Pan-India,Non-Veg,,Snack,Small,4 pieces,100,g,238,10.0,23.0,12.0,1.2,1.0,470,Medium
D442,"Momos - chicken, fried",,Street Food & Chaat,Pan-India,Non-Veg,,Snack,Medium,6 pieces (half plate),150,g,356,15.0,34.5,18.0,1.8,1.5,705,Medium
D442,"Momos - chicken, fried",,Street Food & Chaat,Pan-India,Non-Veg,,Snack,Large,10 pieces (full plate),250,g,594,25.0,57.5,30.0,3.0,2.5,1175,Medium
D443,Maggi / instant masala noodles (cooked),Instant noodles,Street Food & Chaat,Pan-India,Veg,,Snack,Small,½ pack (35 g dry),120,g,152,3.4,21.0,6.2,1.0,0.7,576,Medium
D443,Maggi / instant masala noodles (cooked),Instant noodles,Street Food & Chaat,Pan-India,Veg,,Snack,Medium,1 pack (70 g dry),240,g,303,6.7,42.0,12.5,1.9,1.4,1152,Medium
D443,Maggi / instant masala noodles (cooked),Instant noodles,Street Food & Chaat,Pan-India,Veg,,Snack,Large,2 packs (140 g dry),480,g,607,13.4,84.0,25.0,3.8,2.9,2304,Medium
D444,Thukpa (veg / chicken),Noodle soup,Street Food & Chaat,East,Non-Veg,,Main,Small,Small cup (150 ml),150,ml,99,5.2,15.0,2.2,1.2,1.5,675,Medium
D444,Thukpa (veg / chicken),Noodle soup,Street Food & Chaat,East,Non-Veg,,Main,Medium,1 soup bowl (250 ml),250,ml,165,8.8,25.0,3.8,2.0,2.5,1125,Medium
D444,Thukpa (veg / chicken),Noodle soup,Street Food & Chaat,East,Non-Veg,,Main,Large,Large bowl (350 ml),350,ml,231,12.2,35.0,5.2,2.8,3.5,1575,Medium
D445,Veg fried rice,Fried rice,Indo-Chinese,Indo-Chinese,Veg,Yes,Main,Small,Small plate,150,g,266,5.2,42.0,9.0,2.0,2.2,675,Medium
D445,Veg fried rice,Fried rice,Indo-Chinese,Indo-Chinese,Veg,Yes,Main,Medium,1 plate (home),250,g,444,8.8,70.0,15.0,3.2,3.8,1125,Medium
D445,Veg fried rice,Fried rice,Indo-Chinese,Indo-Chinese,Veg,Yes,Main,Large,Large plate,350,g,621,12.2,98.0,21.0,4.5,5.2,1575,Medium
D445,Veg fried rice,Fried rice,Indo-Chinese,Indo-Chinese,Veg,Yes,Main,Half plate,Restaurant half,300,g,532,10.5,84.0,18.0,3.9,4.5,1350,Medium
D445,Veg fried rice,Fried rice,Indo-Chinese,Indo-Chinese,Veg,Yes,Main,Full plate,Restaurant full,550,g,976,19.2,154.0,33.0,7.2,8.2,2475,Medium
D446,Egg fried rice,,Indo-Chinese,Indo-Chinese,Egg,,Main,Small,Small plate,150,g,278,7.5,39.0,10.5,1.5,1.8,720,Medium
D446,Egg fried rice,,Indo-Chinese,Indo-Chinese,Egg,,Main,Medium,1 plate (home),250,g,462,12.5,65.0,17.5,2.5,3.0,1200,Medium
D446,Egg fried rice,,Indo-Chinese,Indo-Chinese,Egg,,Main,Large,Large plate,350,g,648,17.5,91.0,24.5,3.5,4.2,1680,Medium
D446,Egg fried rice,,Indo-Chinese,Indo-Chinese,Egg,,Main,Half plate,Restaurant half,300,g,555,15.0,78.0,21.0,3.0,3.6,1440,Medium
D446,Egg fried rice,,Indo-Chinese,Indo-Chinese,Egg,,Main,Full plate,Restaurant full,550,g,1018,27.5,143.0,38.5,5.5,6.6,2640,Medium
D447,Chicken fried rice,,Indo-Chinese,Indo-Chinese,Non-Veg,,Main,Small,Small plate,150,g,286,11.2,37.5,10.5,1.5,1.8,750,Medium
D447,Chicken fried rice,,Indo-Chinese,Indo-Chinese,Non-Veg,,Main,Medium,1 plate (home),250,g,478,18.8,62.5,17.5,2.5,3.0,1250,Medium
D447,Chicken fried rice,,Indo-Chinese,Indo-Chinese,Non-Veg,,Main,Large,Large plate,350,g,668,26.2,87.5,24.5,3.5,4.2,1750,Medium
D447,Chicken fried rice,,Indo-Chinese,Indo-Chinese,Non-Veg,,Main,Half plate,Restaurant half,300,g,573,22.5,75.0,21.0,3.0,3.6,1500,Medium
D447,Chicken fried rice,,Indo-Chinese,Indo-Chinese,Non-Veg,,Main,Full plate,Restaurant full,550,g,1050,41.2,137.5,38.5,5.5,6.6,2750,Medium
D448,Schezwan fried rice (veg),,Indo-Chinese,Indo-Chinese,Veg,Yes,Main,Small,Small plate,150,g,286,5.2,42.0,11.2,2.2,3.8,900,Medium
D448,Schezwan fried rice (veg),,Indo-Chinese,Indo-Chinese,Veg,Yes,Main,Medium,1 plate (home),250,g,476,8.8,70.0,18.8,3.8,6.2,1500,Medium
D448,Schezwan fried rice (veg),,Indo-Chinese,Indo-Chinese,Veg,Yes,Main,Large,Large plate,350,g,667,12.2,98.0,26.2,5.2,8.8,2100,Medium
D448,Schezwan fried rice (veg),,Indo-Chinese,Indo-Chinese,Veg,Yes,Main,Half plate,Restaurant half,300,g,572,10.5,84.0,22.5,4.5,7.5,1800,Medium
D448,Schezwan fried rice (veg),,Indo-Chinese,Indo-Chinese,Veg,Yes,Main,Full plate,Restaurant full,550,g,1048,19.2,154.0,41.2,8.2,13.8,3300,Medium
D449,Veg hakka noodles,Veg chowmein,Indo-Chinese,Indo-Chinese,Veg,Yes,Main,Small,Small plate,150,g,271,6.8,40.5,9.8,2.7,3.0,750,Medium
D449,Veg hakka noodles,Veg chowmein,Indo-Chinese,Indo-Chinese,Veg,Yes,Main,Medium,1 plate,250,g,452,11.2,67.5,16.2,4.5,5.0,1250,Medium
D449,Veg hakka noodles,Veg chowmein,Indo-Chinese,Indo-Chinese,Veg,Yes,Main,Large,Large plate,350,g,633,15.8,94.5,22.8,6.3,7.0,1750,Medium
D449,Veg hakka noodles,Veg chowmein,Indo-Chinese,Indo-Chinese,Veg,Yes,Main,Half plate,Restaurant half,250,g,452,11.2,67.5,16.2,4.5,5.0,1250,Medium
D449,Veg hakka noodles,Veg chowmein,Indo-Chinese,Indo-Chinese,Veg,Yes,Main,Full plate,Restaurant full,450,g,814,20.2,121.5,29.2,8.1,9.0,2250,Medium
D450,Chicken hakka noodles,Chicken chowmein,Indo-Chinese,Indo-Chinese,Non-Veg,,Main,Small,Small plate,150,g,282,12.0,36.0,10.5,2.2,3.0,825,Medium
D450,Chicken hakka noodles,Chicken chowmein,Indo-Chinese,Indo-Chinese,Non-Veg,,Main,Medium,1 plate,250,g,470,20.0,60.0,17.5,3.8,5.0,1375,Medium
D450,Chicken hakka noodles,Chicken chowmein,Indo-Chinese,Indo-Chinese,Non-Veg,,Main,Large,Large plate,350,g,658,28.0,84.0,24.5,5.2,7.0,1925,Medium
D450,Chicken hakka noodles,Chicken chowmein,Indo-Chinese,Indo-Chinese,Non-Veg,,Main,Half plate,Restaurant half,250,g,470,20.0,60.0,17.5,3.8,5.0,1375,Medium
D450,Chicken hakka noodles,Chicken chowmein,Indo-Chinese,Indo-Chinese,Non-Veg,,Main,Full plate,Restaurant full,450,g,846,36.0,108.0,31.5,6.8,9.0,2475,Medium
D451,Egg noodles,Egg chowmein,Indo-Chinese,Indo-Chinese,Egg,,Main,Small,Small plate,150,g,279,9.8,37.5,10.5,2.2,3.0,780,Medium
D451,Egg noodles,Egg chowmein,Indo-Chinese,Indo-Chinese,Egg,,Main,Medium,1 plate,250,g,465,16.2,62.5,17.5,3.8,5.0,1300,Medium
D451,Egg noodles,Egg chowmein,Indo-Chinese,Indo-Chinese,Egg,,Main,Large,Large plate,350,g,651,22.8,87.5,24.5,5.2,7.0,1820,Medium
D451,Egg noodles,Egg chowmein,Indo-Chinese,Indo-Chinese,Egg,,Main,Half plate,Restaurant half,250,g,465,16.2,62.5,17.5,3.8,5.0,1300,Medium
D451,Egg noodles,Egg chowmein,Indo-Chinese,Indo-Chinese,Egg,,Main,Full plate,Restaurant full,450,g,837,29.2,112.5,31.5,6.8,9.0,2340,Medium
D452,Schezwan noodles (veg),,Indo-Chinese,Indo-Chinese,Veg,Yes,Main,Small,Small plate,150,g,292,6.8,40.5,12.0,2.7,4.5,975,Medium
D452,Schezwan noodles (veg),,Indo-Chinese,Indo-Chinese,Veg,Yes,Main,Medium,1 plate,250,g,486,11.2,67.5,20.0,4.5,7.5,1625,Medium
D452,Schezwan noodles (veg),,Indo-Chinese,Indo-Chinese,Veg,Yes,Main,Large,Large plate,350,g,680,15.8,94.5,28.0,6.3,10.5,2275,Medium
D452,Schezwan noodles (veg),,Indo-Chinese,Indo-Chinese,Veg,Yes,Main,Half plate,Restaurant half,250,g,486,11.2,67.5,20.0,4.5,7.5,1625,Medium
D452,Schezwan noodles (veg),,Indo-Chinese,Indo-Chinese,Veg,Yes,Main,Full plate,Restaurant full,450,g,875,20.2,121.5,36.0,8.1,13.5,2925,Medium
D453,American chopsuey,,Indo-Chinese,Indo-Chinese,Veg,,Main,Small,Small plate,150,g,281,5.2,37.5,12.8,2.2,9.0,675,Medium
D453,American chopsuey,,Indo-Chinese,Indo-Chinese,Veg,,Main,Medium,1 plate,250,g,469,8.8,62.5,21.2,3.8,15.0,1125,Medium
D453,American chopsuey,,Indo-Chinese,Indo-Chinese,Veg,,Main,Large,Large plate,350,g,656,12.2,87.5,29.8,5.2,21.0,1575,Medium
D453,American chopsuey,,Indo-Chinese,Indo-Chinese,Veg,,Main,Half plate,Restaurant half,250,g,469,8.8,62.5,21.2,3.8,15.0,1125,Medium
D453,American chopsuey,,Indo-Chinese,Indo-Chinese,Veg,,Main,Full plate,Restaurant full,450,g,844,15.8,112.5,38.2,6.8,27.0,2025,Medium
D454,Gobi manchurian (dry),,Indo-Chinese,Indo-Chinese,Veg,Yes,Starter,Small,~4 pieces,100,g,207,4.0,22.0,12.0,2.5,5.0,700,Medium
D454,Gobi manchurian (dry),,Indo-Chinese,Indo-Chinese,Veg,Yes,Starter,Medium,~6 pieces,150,g,310,6.0,33.0,18.0,3.8,7.5,1050,Medium
D454,Gobi manchurian (dry),,Indo-Chinese,Indo-Chinese,Veg,Yes,Starter,Large,~8 pieces,200,g,414,8.0,44.0,24.0,5.0,10.0,1400,Medium
D454,Gobi manchurian (dry),,Indo-Chinese,Indo-Chinese,Veg,Yes,Starter,Half plate,Restaurant half,180,g,373,7.2,39.6,21.6,4.5,9.0,1260,Medium
D454,Gobi manchurian (dry),,Indo-Chinese,Indo-Chinese,Veg,Yes,Starter,Full plate,Restaurant full,350,g,724,14.0,77.0,42.0,8.8,17.5,2450,Medium
D455,Veg manchurian (dry),,Indo-Chinese,Indo-Chinese,Veg,Yes,Starter,Small,~4 pieces,100,g,217,4.5,22.0,13.0,3.0,4.5,700,Medium
D455,Veg manchurian (dry),,Indo-Chinese,Indo-Chinese,Veg,Yes,Starter,Medium,~6 pieces,150,g,326,6.8,33.0,19.5,4.5,6.8,1050,Medium
D455,Veg manchurian (dry),,Indo-Chinese,Indo-Chinese,Veg,Yes,Starter,Large,~8 pieces,200,g,434,9.0,44.0,26.0,6.0,9.0,1400,Medium
D455,Veg manchurian (dry),,Indo-Chinese,Indo-Chinese,Veg,Yes,Starter,Half plate,Restaurant half,180,g,391,8.1,39.6,23.4,5.4,8.1,1260,Medium
D455,Veg manchurian (dry),,Indo-Chinese,Indo-Chinese,Veg,Yes,Starter,Full plate,Restaurant full,350,g,760,15.8,77.0,45.5,10.5,15.8,2450,Medium
D456,Veg manchurian (gravy),,Indo-Chinese,Indo-Chinese,Veg,Yes,Main,Small,Small katori (100 ml),100,g,138,3.5,14.0,8.0,2.0,4.0,650,Medium
D456,Veg manchurian (gravy),,Indo-Chinese,Indo-Chinese,Veg,Yes,Main,Medium,1 standard katori (150 ml),150,g,207,5.2,21.0,12.0,3.0,6.0,975,Medium
D456,Veg manchurian (gravy),,Indo-Chinese,Indo-Chinese,Veg,Yes,Main,Large,Large bowl (200 ml),200,g,276,7.0,28.0,16.0,4.0,8.0,1300,Medium
D456,Veg manchurian (gravy),,Indo-Chinese,Indo-Chinese,Veg,Yes,Main,Half plate,Restaurant half (~1 person),250,g,345,8.8,35.0,20.0,5.0,10.0,1625,Medium
D456,Veg manchurian (gravy),,Indo-Chinese,Indo-Chinese,Veg,Yes,Main,Full plate,Restaurant full (~2 persons),500,g,690,17.5,70.0,40.0,10.0,20.0,3250,Medium
D457,Chilli paneer (dry),,Indo-Chinese,Indo-Chinese,Veg,,Starter,Small,~4 pieces,100,g,234,11.0,12.0,16.0,1.2,4.5,700,Medium
D457,Chilli paneer (dry),,Indo-Chinese,Indo-Chinese,Veg,,Starter,Medium,~6 pieces,150,g,350,16.5,18.0,24.0,1.8,6.8,1050,Medium
D457,Chilli paneer (dry),,Indo-Chinese,Indo-Chinese,Veg,,Starter,Large,~8 pieces,200,g,467,22.0,24.0,32.0,2.4,9.0,1400,Medium
D457,Chilli paneer (dry),,Indo-Chinese,Indo-Chinese,Veg,,Starter,Half plate,Restaurant half,180,g,420,19.8,21.6,28.8,2.2,8.1,1260,Medium
D457,Chilli paneer (dry),,Indo-Chinese,Indo-Chinese,Veg,,Starter,Full plate,Restaurant full,350,g,818,38.5,42.0,56.0,4.2,15.8,2450,Medium
D458,Chilli paneer (gravy),,Indo-Chinese,Indo-Chinese,Veg,,Main,Small,Small katori (100 ml),100,g,178,8.0,10.0,12.0,1.0,4.0,650,Medium
D458,Chilli paneer (gravy),,Indo-Chinese,Indo-Chinese,Veg,,Main,Medium,1 standard katori (150 ml),150,g,267,12.0,15.0,18.0,1.5,6.0,975,Medium
D458,Chilli paneer (gravy),,Indo-Chinese,Indo-Chinese,Veg,,Main,Large,Large bowl (200 ml),200,g,356,16.0,20.0,24.0,2.0,8.0,1300,Medium
D458,Chilli paneer (gravy),,Indo-Chinese,Indo-Chinese,Veg,,Main,Half plate,Restaurant half (~1 person),250,g,445,20.0,25.0,30.0,2.5,10.0,1625,Medium
D458,Chilli paneer (gravy),,Indo-Chinese,Indo-Chinese,Veg,,Main,Full plate,Restaurant full (~2 persons),500,g,890,40.0,50.0,60.0,5.0,20.0,3250,Medium
D459,Chilli chicken (gravy),,Indo-Chinese,Indo-Chinese,Non-Veg,,Main,Small,Small katori (100 ml),100,g,163,11.0,10.0,9.0,0.8,4.0,700,Medium
D459,Chilli chicken (gravy),,Indo-Chinese,Indo-Chinese,Non-Veg,,Main,Medium,1 standard katori (150 ml),150,g,245,16.5,15.0,13.5,1.2,6.0,1050,Medium
D459,Chilli chicken (gravy),,Indo-Chinese,Indo-Chinese,Non-Veg,,Main,Large,Large bowl (200 ml),200,g,327,22.0,20.0,18.0,1.6,8.0,1400,Medium
D459,Chilli chicken (gravy),,Indo-Chinese,Indo-Chinese,Non-Veg,,Main,Half plate,Restaurant half (~1 person),250,g,408,27.5,25.0,22.5,2.0,10.0,1750,Medium
D459,Chilli chicken (gravy),,Indo-Chinese,Indo-Chinese,Non-Veg,,Main,Full plate,Restaurant full (~2 persons),500,g,817,55.0,50.0,45.0,4.0,20.0,3500,Medium
D460,Chicken manchurian (gravy),,Indo-Chinese,Indo-Chinese,Non-Veg,,Main,Small,Small katori (100 ml),100,g,159,10.0,10.0,9.0,0.8,4.0,700,Medium
D460,Chicken manchurian (gravy),,Indo-Chinese,Indo-Chinese,Non-Veg,,Main,Medium,1 standard katori (150 ml),150,g,239,15.0,15.0,13.5,1.2,6.0,1050,Medium
D460,Chicken manchurian (gravy),,Indo-Chinese,Indo-Chinese,Non-Veg,,Main,Large,Large bowl (200 ml),200,g,319,20.0,20.0,18.0,1.6,8.0,1400,Medium
D460,Chicken manchurian (gravy),,Indo-Chinese,Indo-Chinese,Non-Veg,,Main,Half plate,Restaurant half (~1 person),250,g,398,25.0,25.0,22.5,2.0,10.0,1750,Medium
D460,Chicken manchurian (gravy),,Indo-Chinese,Indo-Chinese,Non-Veg,,Main,Full plate,Restaurant full (~2 persons),500,g,797,50.0,50.0,45.0,4.0,20.0,3500,Medium
D461,Crispy corn (salt & pepper),,Indo-Chinese,Indo-Chinese,Veg,Yes,Starter,Small,~4 pieces,100,g,242,5.0,30.0,12.0,3.0,4.0,500,Medium
D461,Crispy corn (salt & pepper),,Indo-Chinese,Indo-Chinese,Veg,Yes,Starter,Medium,~6 pieces,150,g,363,7.5,45.0,18.0,4.5,6.0,750,Medium
D461,Crispy corn (salt & pepper),,Indo-Chinese,Indo-Chinese,Veg,Yes,Starter,Large,~8 pieces,200,g,484,10.0,60.0,24.0,6.0,8.0,1000,Medium
D461,Crispy corn (salt & pepper),,Indo-Chinese,Indo-Chinese,Veg,Yes,Starter,Half plate,Restaurant half,180,g,436,9.0,54.0,21.6,5.4,7.2,900,Medium
D461,Crispy corn (salt & pepper),,Indo-Chinese,Indo-Chinese,Veg,Yes,Starter,Full plate,Restaurant full,350,g,847,17.5,105.0,42.0,10.5,14.0,1750,Medium
D462,Honey chilli potato,,Indo-Chinese,Indo-Chinese,Veg,Yes,Starter,Small,~4 pieces,100,g,251,3.0,34.0,12.0,2.5,10.0,500,Medium
D462,Honey chilli potato,,Indo-Chinese,Indo-Chinese,Veg,Yes,Starter,Medium,~6 pieces,150,g,376,4.5,51.0,18.0,3.8,15.0,750,Medium
D462,Honey chilli potato,,Indo-Chinese,Indo-Chinese,Veg,Yes,Starter,Large,~8 pieces,200,g,502,6.0,68.0,24.0,5.0,20.0,1000,Medium
D462,Honey chilli potato,,Indo-Chinese,Indo-Chinese,Veg,Yes,Starter,Half plate,Restaurant half,180,g,452,5.4,61.2,21.6,4.5,18.0,900,Medium
D462,Honey chilli potato,,Indo-Chinese,Indo-Chinese,Veg,Yes,Starter,Full plate,Restaurant full,350,g,878,10.5,119.0,42.0,8.8,35.0,1750,Medium
D463,Chilli mushroom (dry),,Indo-Chinese,Indo-Chinese,Veg,Yes,Starter,Small,~4 pieces,100,g,150,4.0,12.0,10.0,2.0,4.0,650,Medium
D463,Chilli mushroom (dry),,Indo-Chinese,Indo-Chinese,Veg,Yes,Starter,Medium,~6 pieces,150,g,225,6.0,18.0,15.0,3.0,6.0,975,Medium
D463,Chilli mushroom (dry),,Indo-Chinese,Indo-Chinese,Veg,Yes,Starter,Large,~8 pieces,200,g,300,8.0,24.0,20.0,4.0,8.0,1300,Medium
D463,Chilli mushroom (dry),,Indo-Chinese,Indo-Chinese,Veg,Yes,Starter,Half plate,Restaurant half,180,g,270,7.2,21.6,18.0,3.6,7.2,1170,Medium
D463,Chilli mushroom (dry),,Indo-Chinese,Indo-Chinese,Veg,Yes,Starter,Full plate,Restaurant full,350,g,525,14.0,42.0,35.0,7.0,14.0,2275,Medium
D464,Baby corn chilli / manchurian,,Indo-Chinese,Indo-Chinese,Veg,Yes,Starter,Small,~4 pieces,100,g,180,3.5,18.0,11.0,2.5,4.5,650,Medium
D464,Baby corn chilli / manchurian,,Indo-Chinese,Indo-Chinese,Veg,Yes,Starter,Medium,~6 pieces,150,g,270,5.2,27.0,16.5,3.8,6.8,975,Medium
D464,Baby corn chilli / manchurian,,Indo-Chinese,Indo-Chinese,Veg,Yes,Starter,Large,~8 pieces,200,g,360,7.0,36.0,22.0,5.0,9.0,1300,Medium
D464,Baby corn chilli / manchurian,,Indo-Chinese,Indo-Chinese,Veg,Yes,Starter,Half plate,Restaurant half,180,g,324,6.3,32.4,19.8,4.5,8.1,1170,Medium
D464,Baby corn chilli / manchurian,,Indo-Chinese,Indo-Chinese,Veg,Yes,Starter,Full plate,Restaurant full,350,g,630,12.2,63.0,38.5,8.8,15.8,2275,Medium
D465,Tomato soup (restaurant),Cream of tomato,Soups,Pan-India,Veg,,Starter,Small,Small cup (150 ml),150,ml,93,1.8,12.0,4.5,1.5,7.5,570,Medium
D465,Tomato soup (restaurant),Cream of tomato,Soups,Pan-India,Veg,,Starter,Medium,1 soup bowl (250 ml),250,ml,154,3.0,20.0,7.5,2.5,12.5,950,Medium
D465,Tomato soup (restaurant),Cream of tomato,Soups,Pan-India,Veg,,Starter,Large,Large bowl (350 ml),350,ml,216,4.2,28.0,10.5,3.5,17.5,1330,Medium
D466,Sweet corn soup (veg),,Soups,Indo-Chinese,Veg,Yes,Starter,Small,Small cup (150 ml),150,ml,87,2.2,15.0,2.2,1.2,3.8,675,Medium
D466,Sweet corn soup (veg),,Soups,Indo-Chinese,Veg,Yes,Starter,Medium,1 soup bowl (250 ml),250,ml,145,3.8,25.0,3.8,2.0,6.2,1125,Medium
D466,Sweet corn soup (veg),,Soups,Indo-Chinese,Veg,Yes,Starter,Large,Large bowl (350 ml),350,ml,203,5.2,35.0,5.2,2.8,8.8,1575,Medium
D467,Chicken sweet corn soup,,Soups,Indo-Chinese,Non-Veg,,Starter,Small,Small cup (150 ml),150,ml,92,5.2,12.0,2.7,0.9,3.0,720,Medium
D467,Chicken sweet corn soup,,Soups,Indo-Chinese,Non-Veg,,Starter,Medium,1 soup bowl (250 ml),250,ml,152,8.8,20.0,4.5,1.5,5.0,1200,Medium
D467,Chicken sweet corn soup,,Soups,Indo-Chinese,Non-Veg,,Starter,Large,Large bowl (350 ml),350,ml,214,12.2,28.0,6.3,2.1,7.0,1680,Medium
D468,Hot & sour soup (veg),,Soups,Indo-Chinese,Veg,Yes,Starter,Small,Small cup (150 ml),150,ml,63,2.2,9.0,2.2,1.2,3.0,900,Medium
D468,Hot & sour soup (veg),,Soups,Indo-Chinese,Veg,Yes,Starter,Medium,1 soup bowl (250 ml),250,ml,105,3.8,15.0,3.8,2.0,5.0,1500,Medium
D468,Hot & sour soup (veg),,Soups,Indo-Chinese,Veg,Yes,Starter,Large,Large bowl (350 ml),350,ml,147,5.2,21.0,5.2,2.8,7.0,2100,Medium
D469,Hot & sour soup (chicken),,Soups,Indo-Chinese,Non-Veg,,Starter,Small,Small cup (150 ml),150,ml,74,5.2,7.5,2.7,0.8,3.0,900,Medium
D469,Hot & sour soup (chicken),,Soups,Indo-Chinese,Non-Veg,,Starter,Medium,1 soup bowl (250 ml),250,ml,123,8.8,12.5,4.5,1.2,5.0,1500,Medium
D469,Hot & sour soup (chicken),,Soups,Indo-Chinese,Non-Veg,,Starter,Large,Large bowl (350 ml),350,ml,172,12.2,17.5,6.3,1.8,7.0,2100,Medium
D470,Manchow soup (veg),,Soups,Indo-Chinese,Veg,Yes,Starter,Small,Small cup (150 ml),150,ml,90,2.7,12.0,3.8,1.5,3.0,975,Medium
D470,Manchow soup (veg),,Soups,Indo-Chinese,Veg,Yes,Starter,Medium,1 soup bowl (250 ml),250,ml,149,4.5,20.0,6.2,2.5,5.0,1625,Medium
D470,Manchow soup (veg),,Soups,Indo-Chinese,Veg,Yes,Starter,Large,Large bowl (350 ml),350,ml,209,6.3,28.0,8.8,3.5,7.0,2275,Medium
D471,Manchow soup (chicken),,Soups,Indo-Chinese,Non-Veg,,Starter,Small,Small cup (150 ml),150,ml,98,5.2,10.5,4.2,1.2,3.0,975,Medium
D471,Manchow soup (chicken),,Soups,Indo-Chinese,Non-Veg,,Starter,Medium,1 soup bowl (250 ml),250,ml,164,8.8,17.5,7.0,2.0,5.0,1625,Medium
D471,Manchow soup (chicken),,Soups,Indo-Chinese,Non-Veg,,Starter,Large,Large bowl (350 ml),350,ml,230,12.2,24.5,9.8,2.8,7.0,2275,Medium
D472,Lemon coriander soup,,Soups,Pan-India,Veg,Yes,Starter,Small,Small cup (150 ml),150,ml,45,1.8,6.8,1.5,1.2,2.2,675,Medium
D472,Lemon coriander soup,,Soups,Pan-India,Veg,Yes,Starter,Medium,1 soup bowl (250 ml),250,ml,76,3.0,11.2,2.5,2.0,3.8,1125,Medium
D472,Lemon coriander soup,,Soups,Pan-India,Veg,Yes,Starter,Large,Large bowl (350 ml),350,ml,106,4.2,15.8,3.5,2.8,5.2,1575,Medium
D473,Clear vegetable soup,,Soups,Pan-India,Veg,Yes,Starter,Small,Small cup (150 ml),150,ml,27,1.2,4.5,0.8,1.0,2.2,600,Medium
D473,Clear vegetable soup,,Soups,Pan-India,Veg,Yes,Starter,Medium,1 soup bowl (250 ml),250,ml,46,2.0,7.5,1.2,1.8,3.8,1000,Medium
D473,Clear vegetable soup,,Soups,Pan-India,Veg,Yes,Starter,Large,Large bowl (350 ml),350,ml,64,2.8,10.5,1.8,2.4,5.2,1400,Medium
D474,Chicken clear soup,Chicken consomme,Soups,Pan-India,Non-Veg,,Starter,Small,Small cup (150 ml),150,ml,40,4.5,2.2,1.5,0.3,0.8,675,Medium
D474,Chicken clear soup,Chicken consomme,Soups,Pan-India,Non-Veg,,Starter,Medium,1 soup bowl (250 ml),250,ml,66,7.5,3.8,2.5,0.5,1.2,1125,Medium
D474,Chicken clear soup,Chicken consomme,Soups,Pan-India,Non-Veg,,Starter,Large,Large bowl (350 ml),350,ml,93,10.5,5.2,3.5,0.7,1.8,1575,Medium
D475,Mulligatawny soup,,Soups,South,Veg,,Starter,Small,Small cup (150 ml),150,ml,92,3.3,10.5,4.5,1.8,3.0,600,Medium
D475,Mulligatawny soup,,Soups,South,Veg,,Starter,Medium,1 soup bowl (250 ml),250,ml,154,5.5,17.5,7.5,3.0,5.0,1000,Medium
D475,Mulligatawny soup,,Soups,South,Veg,,Starter,Large,Large bowl (350 ml),350,ml,215,7.7,24.5,10.5,4.2,7.0,1400,Medium
D476,Cream of mushroom soup,,Soups,Pan-India,Veg,,Starter,Small,Small cup (150 ml),150,ml,120,2.7,9.0,8.2,0.8,3.0,600,Medium
D476,Cream of mushroom soup,,Soups,Pan-India,Veg,,Starter,Medium,1 soup bowl (250 ml),250,ml,199,4.5,15.0,13.8,1.2,5.0,1000,Medium
D476,Cream of mushroom soup,,Soups,Pan-India,Veg,,Starter,Large,Large bowl (350 ml),350,ml,279,6.3,21.0,19.2,1.8,7.0,1400,Medium
D477,Dal shorba / lentil soup,,Soups,North,Veg,,Starter,Small,Small cup (150 ml),150,ml,76,4.5,10.5,2.2,2.2,1.2,570,Medium
D477,Dal shorba / lentil soup,,Soups,North,Veg,,Starter,Medium,1 soup bowl (250 ml),250,ml,126,7.5,17.5,3.8,3.8,2.0,950,Medium
D477,Dal shorba / lentil soup,,Soups,North,Veg,,Starter,Large,Large bowl (350 ml),350,ml,177,10.5,24.5,5.2,5.2,2.8,1330,Medium
D478,Palak (spinach) soup,,Soups,North,Veg,,Starter,Small,Small cup (150 ml),150,ml,61,2.7,6.8,3.0,1.8,2.2,570,Medium
D478,Palak (spinach) soup,,Soups,North,Veg,,Starter,Medium,1 soup bowl (250 ml),250,ml,102,4.5,11.2,5.0,3.0,3.8,950,Medium
D478,Palak (spinach) soup,,Soups,North,Veg,,Starter,Large,Large bowl (350 ml),350,ml,143,6.3,15.8,7.0,4.2,5.2,1330,Medium
D479,Mutton paya soup,"Paya shorba, bone soup",Soups,North,Non-Veg,,Starter,Small,Small cup (150 ml),150,ml,134,10.5,3.0,9.0,0.4,0.8,675,Medium
D479,Mutton paya soup,"Paya shorba, bone soup",Soups,North,Non-Veg,,Starter,Medium,1 soup bowl (250 ml),250,ml,223,17.5,5.0,15.0,0.8,1.2,1125,Medium
D479,Mutton paya soup,"Paya shorba, bone soup",Soups,North,Non-Veg,,Starter,Large,Large bowl (350 ml),350,ml,313,24.5,7.0,21.0,1.1,1.8,1575,Medium
D480,"Plain curd (dahi, whole milk)","Yogurt, thayir, mosaru","Raita, Salad & Curd",Pan-India,Veg,,Side,Small,Small katori,100,g,65,3.3,4.5,3.8,0.0,4.5,45,High
D480,"Plain curd (dahi, whole milk)","Yogurt, thayir, mosaru","Raita, Salad & Curd",Pan-India,Veg,,Side,Medium,1 katori,150,g,98,4.9,6.8,5.7,0.0,6.8,68,High
D480,"Plain curd (dahi, whole milk)","Yogurt, thayir, mosaru","Raita, Salad & Curd",Pan-India,Veg,,Side,Large,Large bowl,200,g,131,6.6,9.0,7.6,0.0,9.0,90,High
D481,Low-fat curd,Toned milk dahi,"Raita, Salad & Curd",Pan-India,Veg,,Side,Small,Small katori,100,g,48,3.6,5.0,1.5,0.0,5.0,45,High
D481,Low-fat curd,Toned milk dahi,"Raita, Salad & Curd",Pan-India,Veg,,Side,Medium,1 katori,150,g,72,5.4,7.5,2.2,0.0,7.5,68,High
D481,Low-fat curd,Toned milk dahi,"Raita, Salad & Curd",Pan-India,Veg,,Side,Large,Large bowl,200,g,96,7.2,10.0,3.0,0.0,10.0,90,High
D482,Boondi raita,,"Raita, Salad & Curd",North,Veg,,Side,Small,2-3 tbsp,50,g,52,1.8,4.5,3.0,0.2,1.8,175,Medium
D482,Boondi raita,,"Raita, Salad & Curd",North,Veg,,Side,Medium,Small katori,100,g,103,3.5,9.0,6.0,0.5,3.5,350,Medium
D482,Boondi raita,,"Raita, Salad & Curd",North,Veg,,Side,Large,1 katori,150,g,154,5.2,13.5,9.0,0.8,5.2,525,Medium
D483,Cucumber raita,Kheera raita,"Raita, Salad & Curd",North,Veg,,Side,Small,2-3 tbsp,50,g,28,1.4,2.2,1.5,0.2,1.8,140,High
D483,Cucumber raita,Kheera raita,"Raita, Salad & Curd",North,Veg,,Side,Medium,Small katori,100,g,55,2.8,4.5,3.0,0.4,3.5,280,High
D483,Cucumber raita,Kheera raita,"Raita, Salad & Curd",North,Veg,,Side,Large,1 katori,150,g,83,4.2,6.8,4.5,0.6,5.2,420,High
D484,Mixed veg raita,Onion-tomato raita,"Raita, Salad & Curd",North,Veg,,Side,Small,2-3 tbsp,50,g,28,1.4,2.5,1.5,0.3,1.8,140,High
D484,Mixed veg raita,Onion-tomato raita,"Raita, Salad & Curd",North,Veg,,Side,Medium,Small katori,100,g,57,2.8,5.0,3.0,0.6,3.5,280,High
D484,Mixed veg raita,Onion-tomato raita,"Raita, Salad & Curd",North,Veg,,Side,Large,1 katori,150,g,86,4.2,7.5,4.5,0.9,5.2,420,High
D485,Pineapple raita,,"Raita, Salad & Curd",North,Veg,,Side,Small,2-3 tbsp,50,g,39,1.2,5.5,1.4,0.2,4.8,100,High
D485,Pineapple raita,,"Raita, Salad & Curd",North,Veg,,Side,Medium,Small katori,100,g,78,2.5,11.0,2.8,0.4,9.5,200,High
D485,Pineapple raita,,"Raita, Salad & Curd",North,Veg,,Side,Large,1 katori,150,g,118,3.8,16.5,4.2,0.6,14.2,300,High
D486,Pachadi (South curd pachadi),Vellarikka pachadi,"Raita, Salad & Curd",South,Veg,,Side,Small,2-3 tbsp,50,g,37,1.2,2.5,2.5,0.4,1.5,140,Medium
D486,Pachadi (South curd pachadi),Vellarikka pachadi,"Raita, Salad & Curd",South,Veg,,Side,Medium,Small katori,100,g,73,2.5,5.0,5.0,0.8,3.0,280,Medium
D486,Pachadi (South curd pachadi),Vellarikka pachadi,"Raita, Salad & Curd",South,Veg,,Side,Large,1 katori,150,g,110,3.8,7.5,7.5,1.2,4.5,420,Medium
D487,Green salad,Cucumber-tomato-onion-carrot,"Raita, Salad & Curd",Pan-India,Veg,Yes,Side,Small,Side portion,50,g,12,0.5,2.8,0.1,0.8,1.5,5,Medium
D487,Green salad,Cucumber-tomato-onion-carrot,"Raita, Salad & Curd",Pan-India,Veg,Yes,Side,Medium,Small bowl,100,g,25,1.0,5.5,0.2,1.6,3.0,10,Medium
D487,Green salad,Cucumber-tomato-onion-carrot,"Raita, Salad & Curd",Pan-India,Veg,Yes,Side,Large,1 bowl,150,g,37,1.5,8.2,0.3,2.4,4.5,15,Medium
D488,Kachumber salad,,"Raita, Salad & Curd",North,Veg,Yes,Side,Small,Side portion,50,g,13,0.5,2.8,0.1,0.8,1.5,100,Medium
D488,Kachumber salad,,"Raita, Salad & Curd",North,Veg,Yes,Side,Medium,Small bowl,100,g,26,1.0,5.5,0.3,1.5,3.0,200,Medium
D488,Kachumber salad,,"Raita, Salad & Curd",North,Veg,Yes,Side,Large,1 bowl,150,g,39,1.5,8.2,0.4,2.2,4.5,300,Medium
D489,Sprouts salad,Moong sprout salad,"Raita, Salad & Curd",Pan-India,Veg,Yes,Side,Small,Side portion,50,g,23,1.8,4.0,0.2,1.1,1.2,75,High
D489,Sprouts salad,Moong sprout salad,"Raita, Salad & Curd",Pan-India,Veg,Yes,Side,Medium,Small bowl,100,g,45,3.5,8.0,0.4,2.2,2.5,150,High
D489,Sprouts salad,Moong sprout salad,"Raita, Salad & Curd",Pan-India,Veg,Yes,Side,Large,1 bowl,150,g,68,5.2,12.0,0.6,3.3,3.8,225,High
D490,Fruit salad (plain),Mixed fruit bowl,"Raita, Salad & Curd",Pan-India,Veg,Yes,Side,Small,Side portion,50,g,31,0.3,7.5,0.1,1.0,5.8,1,Medium
D490,Fruit salad (plain),Mixed fruit bowl,"Raita, Salad & Curd",Pan-India,Veg,Yes,Side,Medium,Small bowl,100,g,62,0.7,15.0,0.3,2.0,11.5,2,Medium
D490,Fruit salad (plain),Mixed fruit bowl,"Raita, Salad & Curd",Pan-India,Veg,Yes,Side,Large,1 bowl,150,g,92,1.0,22.5,0.4,3.0,17.2,3,Medium
D491,Koshimbir,Maharashtrian salad,"Raita, Salad & Curd",West,Veg,Yes,Side,Small,Side portion,50,g,25,1.0,3.0,1.2,1.0,1.5,100,Medium
D491,Koshimbir,Maharashtrian salad,"Raita, Salad & Curd",West,Veg,Yes,Side,Medium,Small bowl,100,g,50,2.0,6.0,2.5,2.0,3.0,200,Medium
D491,Koshimbir,Maharashtrian salad,"Raita, Salad & Curd",West,Veg,Yes,Side,Large,1 bowl,150,g,76,3.0,9.0,3.8,3.0,4.5,300,Medium
D492,Coconut chutney,Thengai chutney,"Chutneys, Pickles & Papad",South,Veg,Yes,Side,Small,1 tbsp,15,g,33,0.5,1.8,2.8,0.8,0.4,45,High
D492,Coconut chutney,Thengai chutney,"Chutneys, Pickles & Papad",South,Veg,Yes,Side,Medium,2 tbsp,30,g,65,1.1,3.6,5.5,1.6,0.8,90,High
D492,Coconut chutney,Thengai chutney,"Chutneys, Pickles & Papad",South,Veg,Yes,Side,Large,Small katori,50,g,109,1.8,6.0,9.2,2.8,1.2,150,High
D493,Tomato chutney (South),Thakkali chutney,"Chutneys, Pickles & Papad",South,Veg,Yes,Side,Small,1 tbsp,15,g,16,0.3,1.5,1.1,0.3,0.8,68,Medium
D493,Tomato chutney (South),Thakkali chutney,"Chutneys, Pickles & Papad",South,Veg,Yes,Side,Medium,2 tbsp,30,g,32,0.5,3.0,2.1,0.6,1.5,135,Medium
D493,Tomato chutney (South),Thakkali chutney,"Chutneys, Pickles & Papad",South,Veg,Yes,Side,Large,Small katori,50,g,53,0.9,5.0,3.5,1.0,2.5,225,Medium
D494,Peanut chutney,Shenga chutney,"Chutneys, Pickles & Papad",South,Veg,Yes,Side,Small,1 tbsp,15,g,37,1.3,1.5,3.0,0.5,0.4,52,High
D494,Peanut chutney,Shenga chutney,"Chutneys, Pickles & Papad",South,Veg,Yes,Side,Medium,2 tbsp,30,g,75,2.7,3.0,6.0,1.1,0.9,105,High
D494,Peanut chutney,Shenga chutney,"Chutneys, Pickles & Papad",South,Veg,Yes,Side,Large,Small katori,50,g,124,4.5,5.0,10.0,1.8,1.5,175,High
D495,Green chutney (mint-coriander),"Hari chutney, pudina chutney","Chutneys, Pickles & Papad",North,Veg,Yes,Side,Small,1 tbsp,15,g,6,0.4,1.1,0.1,0.4,0.4,60,Medium
D495,Green chutney (mint-coriander),"Hari chutney, pudina chutney","Chutneys, Pickles & Papad",North,Veg,Yes,Side,Medium,2 tbsp,30,g,12,0.8,2.1,0.3,0.9,0.8,120,Medium
D495,Green chutney (mint-coriander),"Hari chutney, pudina chutney","Chutneys, Pickles & Papad",North,Veg,Yes,Side,Large,Small katori,50,g,20,1.2,3.5,0.5,1.5,1.2,200,Medium
D496,Imli / saunth chutney (sweet tamarind),Meethi chutney,"Chutneys, Pickles & Papad",North,Veg,Yes,Side,Small,1 tbsp,15,g,21,0.1,5.2,0.0,0.2,4.5,38,High
D496,Imli / saunth chutney (sweet tamarind),Meethi chutney,"Chutneys, Pickles & Papad",North,Veg,Yes,Side,Medium,2 tbsp,30,g,43,0.2,10.5,0.1,0.4,9.0,75,High
D496,Imli / saunth chutney (sweet tamarind),Meethi chutney,"Chutneys, Pickles & Papad",North,Veg,Yes,Side,Large,Small katori,50,g,71,0.4,17.5,0.1,0.8,15.0,125,High
D497,Gunpowder (podi),Milagai podi,"Chutneys, Pickles & Papad",South,Veg,Yes,Side,Small,1 tsp,5,g,16,0.9,2.2,0.5,0.6,0.1,60,High
D497,Gunpowder (podi),Milagai podi,"Chutneys, Pickles & Papad",South,Veg,Yes,Side,Medium,2 tsp,10,g,32,1.8,4.5,1.0,1.2,0.2,120,High
D497,Gunpowder (podi),Milagai podi,"Chutneys, Pickles & Papad",South,Veg,Yes,Side,Large,1 heaped tbsp,20,g,64,3.6,9.0,2.0,2.4,0.4,240,High
D498,Dry garlic chutney,Vada pav lasun chutney,"Chutneys, Pickles & Papad",West,Veg,Yes,Side,Small,1 tsp,5,g,15,0.3,1.1,1.1,0.4,0.2,60,Medium
D498,Dry garlic chutney,Vada pav lasun chutney,"Chutneys, Pickles & Papad",West,Veg,Yes,Side,Medium,2 tsp,10,g,29,0.6,2.2,2.2,0.8,0.3,120,Medium
D498,Dry garlic chutney,Vada pav lasun chutney,"Chutneys, Pickles & Papad",West,Veg,Yes,Side,Large,1 heaped tbsp,20,g,59,1.2,4.4,4.4,1.6,0.6,240,Medium
D499,Mango pickle (in oil),"Aam ka achaar, avakaya","Chutneys, Pickles & Papad",Pan-India,Veg,Yes,Side,Small,1 tsp,5,g,8,0.1,0.4,0.8,0.1,0.1,130,High
D499,Mango pickle (in oil),"Aam ka achaar, avakaya","Chutneys, Pickles & Papad",Pan-India,Veg,Yes,Side,Medium,2 tsp,10,g,17,0.1,0.8,1.5,0.2,0.2,260,High
D499,Mango pickle (in oil),"Aam ka achaar, avakaya","Chutneys, Pickles & Papad",Pan-India,Veg,Yes,Side,Large,1 heaped tbsp,20,g,33,0.2,1.6,3.0,0.5,0.3,520,High
D500,Lime pickle,Nimbu ka achaar,"Chutneys, Pickles & Papad",Pan-India,Veg,Yes,Side,Small,1 tsp,5,g,4,0.1,0.5,0.3,0.2,0.2,125,Medium
D500,Lime pickle,Nimbu ka achaar,"Chutneys, Pickles & Papad",Pan-India,Veg,Yes,Side,Medium,2 tsp,10,g,9,0.1,0.9,0.6,0.3,0.3,250,Medium
D500,Lime pickle,Nimbu ka achaar,"Chutneys, Pickles & Papad",Pan-India,Veg,Yes,Side,Large,1 heaped tbsp,20,g,18,0.2,1.8,1.2,0.6,0.6,500,Medium
D501,Papad (roasted),"Appalam, pappadam","Chutneys, Pickles & Papad",Pan-India,Veg,Yes,Side,Small,1 small papad (~8 g),8,g,26,1.8,4.4,0.3,0.7,0.1,136,Medium
D501,Papad (roasted),"Appalam, pappadam","Chutneys, Pickles & Papad",Pan-India,Veg,Yes,Side,Medium,1 medium papad (~12 g),12,g,38,2.6,6.6,0.4,1.1,0.1,204,Medium
D501,Papad (roasted),"Appalam, pappadam","Chutneys, Pickles & Papad",Pan-India,Veg,Yes,Side,Large,1 large papad (~16 g),16,g,51,3.5,8.8,0.5,1.4,0.2,272,Medium
D502,Papad (fried),,"Chutneys, Pickles & Papad",Pan-India,Veg,Yes,Side,Small,1 small papad (~10 g),10,g,46,1.8,4.5,2.5,0.7,0.1,140,Medium
D502,Papad (fried),,"Chutneys, Pickles & Papad",Pan-India,Veg,Yes,Side,Medium,1 medium papad (~15 g),15,g,69,2.7,6.8,3.8,1.1,0.1,210,Medium
D502,Papad (fried),,"Chutneys, Pickles & Papad",Pan-India,Veg,Yes,Side,Large,1 large papad (~20 g),20,g,93,3.6,9.0,5.0,1.4,0.2,280,Medium
D503,Masala papad,,"Chutneys, Pickles & Papad",North,Veg,Yes,Starter,Small,1 small papad (~25 g),25,g,71,2.5,7.5,3.8,1.2,0.6,225,Medium
D503,Masala papad,,"Chutneys, Pickles & Papad",North,Veg,Yes,Starter,Medium,1 medium papad (~35 g),35,g,100,3.5,10.5,5.2,1.8,0.9,315,Medium
D503,Masala papad,,"Chutneys, Pickles & Papad",North,Veg,Yes,Starter,Large,1 large papad (~50 g),50,g,142,5.0,15.0,7.5,2.5,1.2,450,Medium
D504,Aloo bhujia,Bhujia sev,Namkeen & Dry Snacks,West,Veg,Yes,Snack,Small,Small handful,15,g,82,1.3,6.8,5.7,0.6,0.2,135,Medium
D504,Aloo bhujia,Bhujia sev,Namkeen & Dry Snacks,West,Veg,Yes,Snack,Medium,1 handful / small bowl,30,g,165,2.7,13.5,11.4,1.2,0.4,270,Medium
D504,Aloo bhujia,Bhujia sev,Namkeen & Dry Snacks,West,Veg,Yes,Snack,Large,1 bowl,50,g,275,4.5,22.5,19.0,2.0,0.8,450,Medium
D505,Mixture / mixed namkeen,"Chivda mix, Bombay mix",Namkeen & Dry Snacks,Pan-India,Veg,Yes,Snack,Small,Small handful,15,g,77,1.8,6.8,5.0,0.9,0.4,120,Medium
D505,Mixture / mixed namkeen,"Chivda mix, Bombay mix",Namkeen & Dry Snacks,Pan-India,Veg,Yes,Snack,Medium,1 handful / small bowl,30,g,154,3.6,13.5,9.9,1.8,0.9,240,Medium
D505,Mixture / mixed namkeen,"Chivda mix, Bombay mix",Namkeen & Dry Snacks,Pan-India,Veg,Yes,Snack,Large,1 bowl,50,g,256,6.0,22.5,16.5,3.0,1.5,400,Medium
D506,Poha chivda (light),Chiwda,Namkeen & Dry Snacks,West,Veg,Yes,Snack,Small,Small handful,15,g,67,1.2,9.0,3.0,0.4,0.8,90,Medium
D506,Poha chivda (light),Chiwda,Namkeen & Dry Snacks,West,Veg,Yes,Snack,Medium,1 handful / small bowl,30,g,134,2.4,18.0,6.0,0.9,1.5,180,Medium
D506,Poha chivda (light),Chiwda,Namkeen & Dry Snacks,West,Veg,Yes,Snack,Large,1 bowl,50,g,223,4.0,30.0,10.0,1.5,2.5,300,Medium
D507,Sev (besan),"Omapodi, gathiya",Namkeen & Dry Snacks,West,Veg,Yes,Snack,Small,Small handful,15,g,79,2.1,6.3,5.2,1.0,0.1,105,Medium
D507,Sev (besan),"Omapodi, gathiya",Namkeen & Dry Snacks,West,Veg,Yes,Snack,Medium,1 handful / small bowl,30,g,158,4.2,12.6,10.5,1.9,0.3,210,Medium
D507,Sev (besan),"Omapodi, gathiya",Namkeen & Dry Snacks,West,Veg,Yes,Snack,Large,1 bowl,50,g,263,7.0,21.0,17.5,3.2,0.5,350,Medium
D508,Mathri,,Namkeen & Dry Snacks,North,Veg,Yes,Snack,Small,1 small mathri (~10 g),10,g,50,0.8,5.5,2.8,0.2,0.1,50,Medium
D508,Mathri,,Namkeen & Dry Snacks,North,Veg,Yes,Snack,Medium,1 medium mathri (~15 g),15,g,75,1.1,8.2,4.2,0.4,0.1,75,Medium
D508,Mathri,,Namkeen & Dry Snacks,North,Veg,Yes,Snack,Large,1 large mathri (~25 g),25,g,124,1.9,13.8,7.0,0.6,0.2,125,Medium
D509,Namak para,Namak pare,Namkeen & Dry Snacks,North,Veg,Yes,Snack,Small,Small handful,15,g,73,1.2,8.7,3.8,0.3,0.1,75,Medium
D509,Namak para,Namak pare,Namkeen & Dry Snacks,North,Veg,Yes,Snack,Medium,1 handful / small bowl,30,g,145,2.4,17.4,7.5,0.7,0.3,150,Medium
D509,Namak para,Namak pare,Namkeen & Dry Snacks,North,Veg,Yes,Snack,Large,1 bowl,50,g,242,4.0,29.0,12.5,1.1,0.5,250,Medium
D510,Chakli / murukku,Chakri,Namkeen & Dry Snacks,South,Veg,Yes,Snack,Small,1 small piece (~10 g),10,g,51,0.7,5.8,2.8,0.3,0.1,50,Medium
D510,Chakli / murukku,Chakri,Namkeen & Dry Snacks,South,Veg,Yes,Snack,Medium,1 medium piece (~15 g),15,g,76,1.1,8.7,4.2,0.4,0.1,75,Medium
D510,Chakli / murukku,Chakri,Namkeen & Dry Snacks,South,Veg,Yes,Snack,Large,1 large piece (~25 g),25,g,126,1.8,14.5,7.0,0.8,0.1,125,Medium
D511,Banana chips (Kerala),Nendran chips,Namkeen & Dry Snacks,South,Veg,Yes,Snack,Small,Small handful,15,g,80,0.3,8.7,5.1,1.2,0.5,45,Medium
D511,Banana chips (Kerala),Nendran chips,Namkeen & Dry Snacks,South,Veg,Yes,Snack,Medium,1 handful / small bowl,30,g,160,0.7,17.4,10.2,2.3,1.1,90,Medium
D511,Banana chips (Kerala),Nendran chips,Namkeen & Dry Snacks,South,Veg,Yes,Snack,Large,1 bowl,50,g,266,1.1,29.0,17.0,3.9,1.8,150,Medium
D512,Roasted chana (bhuna chana),"Futana, pottukadalai",Namkeen & Dry Snacks,Pan-India,Veg,Yes,Snack,Small,Small handful,15,g,51,3.0,9.0,0.8,2.2,0.9,4,High
D512,Roasted chana (bhuna chana),"Futana, pottukadalai",Namkeen & Dry Snacks,Pan-India,Veg,Yes,Snack,Medium,1 handful,30,g,102,6.0,18.0,1.6,4.5,1.8,9,High
D512,Roasted chana (bhuna chana),"Futana, pottukadalai",Namkeen & Dry Snacks,Pan-India,Veg,Yes,Snack,Large,1 small bowl,50,g,170,10.0,30.0,2.8,7.5,3.0,15,High
D513,"Roasted makhana (lightly salted, ghee)","Fox nut, phool makhana",Namkeen & Dry Snacks,Pan-India,Veg,,Snack,Small,1 cup,10,g,37,1.0,7.2,0.6,0.7,0.1,30,Medium
D513,"Roasted makhana (lightly salted, ghee)","Fox nut, phool makhana",Namkeen & Dry Snacks,Pan-India,Veg,,Snack,Medium,2 cups,20,g,73,1.9,14.4,1.2,1.4,0.1,60,Medium
D513,"Roasted makhana (lightly salted, ghee)","Fox nut, phool makhana",Namkeen & Dry Snacks,Pan-India,Veg,,Snack,Large,3 cups,30,g,110,2.9,21.6,1.8,2.1,0.1,90,Medium
D514,Roasted peanuts (salted),Moongphali,Namkeen & Dry Snacks,Pan-India,Veg,Yes,Snack,Small,Small handful,15,g,90,3.8,3.1,7.2,1.3,0.6,45,High
D514,Roasted peanuts (salted),Moongphali,Namkeen & Dry Snacks,Pan-India,Veg,Yes,Snack,Medium,1 handful,30,g,180,7.5,6.3,14.4,2.5,1.2,90,High
D514,Roasted peanuts (salted),Moongphali,Namkeen & Dry Snacks,Pan-India,Veg,Yes,Snack,Large,1 small bowl,50,g,300,12.5,10.5,24.0,4.2,2.0,150,High
D515,Chana jor garam,,Namkeen & Dry Snacks,North,Veg,Yes,Snack,Small,Small handful,15,g,57,2.7,7.5,2.2,1.8,0.3,90,Medium
D515,Chana jor garam,,Namkeen & Dry Snacks,North,Veg,Yes,Snack,Medium,1 handful,30,g,115,5.4,15.0,4.5,3.6,0.6,180,Medium
D515,Chana jor garam,,Namkeen & Dry Snacks,North,Veg,Yes,Snack,Large,1 small bowl,50,g,192,9.0,25.0,7.5,6.0,1.0,300,Medium
D516,"Murmura (puffed rice, plain)","Kurmura, muri, pori",Namkeen & Dry Snacks,Pan-India,Veg,Yes,Snack,Small,Small handful,15,g,51,1.1,11.7,0.1,0.2,0.0,1,High
D516,"Murmura (puffed rice, plain)","Kurmura, muri, pori",Namkeen & Dry Snacks,Pan-India,Veg,Yes,Snack,Medium,1 handful,30,g,102,2.1,23.4,0.1,0.4,0.1,2,High
D516,"Murmura (puffed rice, plain)","Kurmura, muri, pori",Namkeen & Dry Snacks,Pan-India,Veg,Yes,Snack,Large,1 small bowl,50,g,171,3.5,39.0,0.2,0.8,0.1,2,High
D517,Gulab jamun,,Sweets (Mithai),Pan-India,Veg,,Dessert,Small,1 small piece (~30 g),30,g,100,1.3,15.6,3.6,0.1,12.6,12,Medium
D517,Gulab jamun,,Sweets (Mithai),Pan-India,Veg,,Dessert,Medium,1 medium piece (~50 g),50,g,167,2.2,26.0,6.0,0.1,21.0,20,Medium
D517,Gulab jamun,,Sweets (Mithai),Pan-India,Veg,,Dessert,Large,1 large piece (~70 g),70,g,233,3.1,36.4,8.4,0.2,29.4,28,Medium
D518,Rasgulla,Rosogolla,Sweets (Mithai),East,Veg,,Dessert,Small,1 small piece (~30 g),30,g,58,1.3,10.8,1.1,0.0,10.5,6,Medium
D518,Rasgulla,Rosogolla,Sweets (Mithai),East,Veg,,Dessert,Medium,1 medium piece (~50 g),50,g,97,2.2,18.0,1.8,0.0,17.5,10,Medium
D518,Rasgulla,Rosogolla,Sweets (Mithai),East,Veg,,Dessert,Large,1 large piece (~70 g),70,g,135,3.1,25.2,2.4,0.0,24.5,14,Medium
D519,Rasmalai,,Sweets (Mithai),East,Veg,,Dessert,Small,1 small piece with rabri (~60 g),60,g,130,3.6,16.8,5.4,0.0,15.6,36,Medium
D519,Rasmalai,,Sweets (Mithai),East,Veg,,Dessert,Medium,1 medium piece with rabri (~90 g),90,g,195,5.4,25.2,8.1,0.0,23.4,54,Medium
D519,Rasmalai,,Sweets (Mithai),East,Veg,,Dessert,Large,1 large piece with rabri (~120 g),120,g,260,7.2,33.6,10.8,0.0,31.2,72,Medium
D520,Cham cham,,Sweets (Mithai),East,Veg,,Dessert,Small,1 small piece (~40 g),40,g,90,2.0,16.0,2.0,0.0,14.4,12,Medium
D520,Cham cham,,Sweets (Mithai),East,Veg,,Dessert,Medium,1 medium piece (~60 g),60,g,135,3.0,24.0,3.0,0.0,21.6,18,Medium
D520,Cham cham,,Sweets (Mithai),East,Veg,,Dessert,Large,1 large piece (~80 g),80,g,180,4.0,32.0,4.0,0.0,28.8,24,Medium
D521,Sandesh,,Sweets (Mithai),East,Veg,,Dessert,Small,1 small piece (~20 g),20,g,54,2.0,7.0,2.0,0.0,6.0,10,Medium
D521,Sandesh,,Sweets (Mithai),East,Veg,,Dessert,Medium,1 medium piece (~30 g),30,g,81,3.0,10.5,3.0,0.0,9.0,15,Medium
D521,Sandesh,,Sweets (Mithai),East,Veg,,Dessert,Large,1 large piece (~45 g),45,g,122,4.5,15.8,4.5,0.0,13.5,22,Medium
D522,Mishti doi,Sweet curd,Sweets (Mithai),East,Veg,,Dessert,Small,Small cup,75,g,102,3.0,16.5,2.6,0.0,15.0,38,Medium
D522,Mishti doi,Sweet curd,Sweets (Mithai),East,Veg,,Dessert,Medium,1 cup,100,g,136,4.0,22.0,3.5,0.0,20.0,50,Medium
D522,Mishti doi,Sweet curd,Sweets (Mithai),East,Veg,,Dessert,Large,Large cup,150,g,203,6.0,33.0,5.2,0.0,30.0,75,Medium
D523,Chhena poda,,Sweets (Mithai),East,Veg,,Dessert,Small,1 small slice (~40 g),40,g,118,3.6,15.2,4.8,0.1,12.0,24,High
D523,Chhena poda,,Sweets (Mithai),East,Veg,,Dessert,Medium,1 medium slice (~60 g),60,g,177,5.4,22.8,7.2,0.2,18.0,36,High
D523,Chhena poda,,Sweets (Mithai),East,Veg,,Dessert,Large,1 large slice (~90 g),90,g,266,8.1,34.2,10.8,0.3,27.0,54,High
D524,Jalebi,,Sweets (Mithai),Pan-India,Veg,,Dessert,Small,1 small piece (~20 g),20,g,78,0.4,12.4,3.0,0.1,9.0,4,Medium
D524,Jalebi,,Sweets (Mithai),Pan-India,Veg,,Dessert,Medium,1 medium piece (~35 g),35,g,136,0.7,21.7,5.2,0.2,15.7,7,Medium
D524,Jalebi,,Sweets (Mithai),Pan-India,Veg,,Dessert,Large,1 large piece (~50 g),50,g,195,1.0,31.0,7.5,0.2,22.5,10,Medium
D525,Imarti,Jhangiri,Sweets (Mithai),North,Veg,,Dessert,Small,1 small piece (~30 g),30,g,119,1.2,18.0,4.8,0.3,13.5,6,Medium
D525,Imarti,Jhangiri,Sweets (Mithai),North,Veg,,Dessert,Medium,1 medium piece (~45 g),45,g,179,1.8,27.0,7.2,0.5,20.2,9,Medium
D525,Imarti,Jhangiri,Sweets (Mithai),North,Veg,,Dessert,Large,1 large piece (~60 g),60,g,239,2.4,36.0,9.6,0.6,27.0,12,Medium
D526,Kaju katli,Kaju barfi,Sweets (Mithai),Pan-India,Veg,,Dessert,Small,1 small piece (~10 g),10,g,48,0.9,6.0,2.3,0.2,4.5,2,High
D526,Kaju katli,Kaju barfi,Sweets (Mithai),Pan-India,Veg,,Dessert,Medium,1 medium piece (~15 g),15,g,72,1.3,9.0,3.4,0.2,6.8,2,High
D526,Kaju katli,Kaju barfi,Sweets (Mithai),Pan-India,Veg,,Dessert,Large,1 large piece (~20 g),20,g,96,1.8,12.0,4.6,0.3,9.0,3,High
D527,Besan ladoo,,Sweets (Mithai),Pan-India,Veg,,Dessert,Small,1 small ladoo (~25 g),25,g,124,2.0,12.5,7.5,1.0,7.5,5,High
D527,Besan ladoo,,Sweets (Mithai),Pan-India,Veg,,Dessert,Medium,1 medium ladoo (~35 g),35,g,173,2.8,17.5,10.5,1.4,10.5,7,High
D527,Besan ladoo,,Sweets (Mithai),Pan-India,Veg,,Dessert,Large,1 large ladoo (~50 g),50,g,247,4.0,25.0,15.0,2.0,15.0,10,High
D528,Motichoor ladoo,,Sweets (Mithai),North,Veg,,Dessert,Small,1 small ladoo (~25 g),25,g,109,1.2,13.8,5.5,0.4,9.5,5,Medium
D528,Motichoor ladoo,,Sweets (Mithai),North,Veg,,Dessert,Medium,1 medium ladoo (~40 g),40,g,174,2.0,22.0,8.8,0.6,15.2,8,Medium
D528,Motichoor ladoo,,Sweets (Mithai),North,Veg,,Dessert,Large,1 large ladoo (~55 g),55,g,239,2.8,30.3,12.1,0.8,20.9,11,Medium
D529,Boondi ladoo,,Sweets (Mithai),Pan-India,Veg,,Dessert,Small,1 small ladoo (~25 g),25,g,108,1.2,14.0,5.2,0.4,9.5,5,Medium
D529,Boondi ladoo,,Sweets (Mithai),Pan-India,Veg,,Dessert,Medium,1 medium ladoo (~40 g),40,g,172,2.0,22.4,8.4,0.6,15.2,8,Medium
D529,Boondi ladoo,,Sweets (Mithai),Pan-India,Veg,,Dessert,Large,1 large ladoo (~55 g),55,g,237,2.8,30.8,11.6,0.8,20.9,11,Medium
D530,Coconut ladoo,Nariyal ladoo,Sweets (Mithai),Pan-India,Veg,,Dessert,Small,1 small ladoo (~20 g),20,g,82,1.0,10.0,4.4,1.0,8.4,6,Medium
D530,Coconut ladoo,Nariyal ladoo,Sweets (Mithai),Pan-India,Veg,,Dessert,Medium,1 medium ladoo (~30 g),30,g,122,1.5,15.0,6.6,1.5,12.6,9,Medium
D530,Coconut ladoo,Nariyal ladoo,Sweets (Mithai),Pan-India,Veg,,Dessert,Large,1 large ladoo (~40 g),40,g,163,2.0,20.0,8.8,2.0,16.8,12,Medium
D531,Rava ladoo,Suji ladoo,Sweets (Mithai),Pan-India,Veg,,Dessert,Small,1 small ladoo (~25 g),25,g,106,1.5,15.0,4.5,0.3,8.8,5,High
D531,Rava ladoo,Suji ladoo,Sweets (Mithai),Pan-India,Veg,,Dessert,Medium,1 medium ladoo (~35 g),35,g,148,2.1,21.0,6.3,0.4,12.2,7,High
D531,Rava ladoo,Suji ladoo,Sweets (Mithai),Pan-India,Veg,,Dessert,Large,1 large ladoo (~45 g),45,g,191,2.7,27.0,8.1,0.5,15.8,9,High
D532,Til ladoo,Sesame ladoo,Sweets (Mithai),Pan-India,Veg,,Dessert,Small,1 small ladoo (~15 g),15,g,72,1.6,6.8,4.5,1.1,4.2,3,Medium
D532,Til ladoo,Sesame ladoo,Sweets (Mithai),Pan-India,Veg,,Dessert,Medium,1 medium ladoo (~25 g),25,g,120,2.8,11.2,7.5,1.8,7.0,5,Medium
D532,Til ladoo,Sesame ladoo,Sweets (Mithai),Pan-India,Veg,,Dessert,Large,1 large ladoo (~35 g),35,g,168,3.8,15.7,10.5,2.4,9.8,7,Medium
D533,Dry fruit / dates ladoo (no sugar),Khajur ladoo,Sweets (Mithai),Pan-India,Veg,Yes,Dessert,Small,1 small ladoo (~20 g),20,g,84,1.6,11.0,4.0,1.4,8.0,2,Medium
D533,Dry fruit / dates ladoo (no sugar),Khajur ladoo,Sweets (Mithai),Pan-India,Veg,Yes,Dessert,Medium,1 medium ladoo (~30 g),30,g,125,2.4,16.5,6.0,2.1,12.0,3,Medium
D533,Dry fruit / dates ladoo (no sugar),Khajur ladoo,Sweets (Mithai),Pan-India,Veg,Yes,Dessert,Large,1 large ladoo (~40 g),40,g,167,3.2,22.0,8.0,2.8,16.0,4,Medium
D534,Peda (milk),"Doodh peda, Mathura peda",Sweets (Mithai),Pan-India,Veg,,Dessert,Small,1 small peda (~15 g),15,g,59,1.3,8.2,2.2,0.0,6.8,12,Medium
D534,Peda (milk),"Doodh peda, Mathura peda",Sweets (Mithai),Pan-India,Veg,,Dessert,Medium,1 medium peda (~25 g),25,g,98,2.2,13.8,3.8,0.0,11.2,20,Medium
D534,Peda (milk),"Doodh peda, Mathura peda",Sweets (Mithai),Pan-India,Veg,,Dessert,Large,1 large peda (~35 g),35,g,137,3.1,19.2,5.2,0.0,15.7,28,Medium
D535,Milk barfi (plain),Burfi,Sweets (Mithai),Pan-India,Veg,,Dessert,Small,1 small piece (~20 g),20,g,80,2.0,10.0,3.6,0.0,8.0,16,High
D535,Milk barfi (plain),Burfi,Sweets (Mithai),Pan-India,Veg,,Dessert,Medium,1 medium piece (~30 g),30,g,121,3.0,15.0,5.4,0.0,12.0,24,High
D535,Milk barfi (plain),Burfi,Sweets (Mithai),Pan-India,Veg,,Dessert,Large,1 large piece (~40 g),40,g,161,4.0,20.0,7.2,0.0,16.0,32,High
D536,Kalakand,,Sweets (Mithai),North,Veg,,Dessert,Small,1 small piece (~25 g),25,g,87,2.8,10.0,4.0,0.0,8.0,20,Medium
D536,Kalakand,,Sweets (Mithai),North,Veg,,Dessert,Medium,1 medium piece (~40 g),40,g,139,4.4,16.0,6.4,0.0,12.8,32,Medium
D536,Kalakand,,Sweets (Mithai),North,Veg,,Dessert,Large,1 large piece (~55 g),55,g,191,6.1,22.0,8.8,0.0,17.6,44,Medium
D537,Besan barfi,Besan chakki,Sweets (Mithai),North,Veg,,Dessert,Small,1 small piece (~20 g),20,g,93,1.6,10.4,5.2,0.7,6.4,4,High
D537,Besan barfi,Besan chakki,Sweets (Mithai),North,Veg,,Dessert,Medium,1 medium piece (~30 g),30,g,140,2.4,15.6,7.8,1.1,9.6,6,High
D537,Besan barfi,Besan chakki,Sweets (Mithai),North,Veg,,Dessert,Large,1 large piece (~40 g),40,g,187,3.2,20.8,10.4,1.4,12.8,8,High
D538,Soan papdi,Son papdi,Sweets (Mithai),North,Veg,,Dessert,Small,1 small piece (~15 g),15,g,73,0.9,9.0,3.8,0.2,6.0,4,Medium
D538,Soan papdi,Son papdi,Sweets (Mithai),North,Veg,,Dessert,Medium,1 medium piece (~25 g),25,g,122,1.5,15.0,6.2,0.4,10.0,8,Medium
D538,Soan papdi,Son papdi,Sweets (Mithai),North,Veg,,Dessert,Large,1 large piece (~40 g),40,g,194,2.4,24.0,10.0,0.6,16.0,12,Medium
D539,Mysore pak,,Sweets (Mithai),South,Veg,,Dessert,Small,1 small piece (~20 g),20,g,108,1.2,9.0,7.6,0.6,7.0,3,Medium
D539,Mysore pak,,Sweets (Mithai),South,Veg,,Dessert,Medium,1 medium piece (~30 g),30,g,162,1.8,13.5,11.4,0.9,10.5,4,Medium
D539,Mysore pak,,Sweets (Mithai),South,Veg,,Dessert,Large,1 large piece (~40 g),40,g,216,2.4,18.0,15.2,1.2,14.0,6,Medium
D540,Malpua,,Sweets (Mithai),North,Veg,,Dessert,Small,1 small malpua (~40 g),40,g,144,2.0,18.0,7.2,0.3,11.2,20,Medium
D540,Malpua,,Sweets (Mithai),North,Veg,,Dessert,Medium,1 medium malpua (~60 g),60,g,216,3.0,27.0,10.8,0.5,16.8,30,Medium
D540,Malpua,,Sweets (Mithai),North,Veg,,Dessert,Large,1 large malpua (~90 g),90,g,324,4.5,40.5,16.2,0.7,25.2,45,Medium
D541,Ghewar,,Sweets (Mithai),West,Veg,,Dessert,Small,¼ ghewar,50,g,222,2.5,25.0,12.5,0.4,15.0,15,Medium
D541,Ghewar,,Sweets (Mithai),West,Veg,,Dessert,Medium,½ ghewar,100,g,443,5.0,50.0,25.0,0.8,30.0,30,Medium
D541,Ghewar,,Sweets (Mithai),West,Veg,,Dessert,Large,Large piece,150,g,665,7.5,75.0,37.5,1.2,45.0,45,Medium
D542,Churma,Rajasthani churma,Sweets (Mithai),West,Veg,,Dessert,Small,2-3 tbsp,50,g,218,3.2,27.5,11.0,2.0,12.5,10,Medium
D542,Churma,Rajasthani churma,Sweets (Mithai),West,Veg,,Dessert,Medium,Small katori,100,g,436,6.5,55.0,22.0,4.0,25.0,20,Medium
D542,Churma,Rajasthani churma,Sweets (Mithai),West,Veg,,Dessert,Large,1 katori,150,g,654,9.8,82.5,33.0,6.0,37.5,30,Medium
D543,Balushahi,Badusha,Sweets (Mithai),North,Veg,,Dessert,Small,1 small piece (~30 g),30,g,130,1.2,16.5,6.6,0.3,9.0,9,Medium
D543,Balushahi,Badusha,Sweets (Mithai),North,Veg,,Dessert,Medium,1 medium piece (~45 g),45,g,194,1.8,24.8,9.9,0.5,13.5,14,Medium
D543,Balushahi,Badusha,Sweets (Mithai),North,Veg,,Dessert,Large,1 large piece (~60 g),60,g,259,2.4,33.0,13.2,0.6,18.0,18,Medium
D544,Gujiya,"Karanji, ghughra",Sweets (Mithai),North,Veg,,Dessert,Small,1 small gujiya (~30 g),30,g,128,1.8,13.5,7.5,0.6,7.5,9,Medium
D544,Gujiya,"Karanji, ghughra",Sweets (Mithai),North,Veg,,Dessert,Medium,1 medium gujiya (~45 g),45,g,191,2.7,20.2,11.2,0.9,11.2,14,Medium
D544,Gujiya,"Karanji, ghughra",Sweets (Mithai),North,Veg,,Dessert,Large,1 large gujiya (~60 g),60,g,255,3.6,27.0,15.0,1.2,15.0,18,Medium
D545,Shahi tukda / double ka meetha,,Sweets (Mithai),North,Veg,,Dessert,Small,1 small piece (~60 g),60,g,185,3.3,22.8,9.0,0.3,13.2,90,Medium
D545,Shahi tukda / double ka meetha,,Sweets (Mithai),North,Veg,,Dessert,Medium,1 medium piece (~90 g),90,g,277,5.0,34.2,13.5,0.5,19.8,135,Medium
D545,Shahi tukda / double ka meetha,,Sweets (Mithai),North,Veg,,Dessert,Large,1 large piece (~120 g),120,g,370,6.6,45.6,18.0,0.6,26.4,180,Medium
D546,Qubani ka meetha,Apricot dessert,Sweets (Mithai),South,Veg,,Dessert,Small,2-3 tbsp,50,g,104,1.0,22.5,1.5,1.5,19.0,5,Medium
D546,Qubani ka meetha,Apricot dessert,Sweets (Mithai),South,Veg,,Dessert,Medium,Small katori,100,g,209,2.0,45.0,3.0,3.0,38.0,10,Medium
D546,Qubani ka meetha,Apricot dessert,Sweets (Mithai),South,Veg,,Dessert,Large,1 katori,150,g,314,3.0,67.5,4.5,4.5,57.0,15,Medium
D547,Modak (steamed),Ukadiche modak,Sweets (Mithai),West,Veg,,Dessert,Small,1 small modak (~25 g),25,g,60,0.8,10.0,2.0,0.8,5.0,5,Medium
D547,Modak (steamed),Ukadiche modak,Sweets (Mithai),West,Veg,,Dessert,Medium,1 medium modak (~40 g),40,g,95,1.2,16.0,3.2,1.2,8.0,8,Medium
D547,Modak (steamed),Ukadiche modak,Sweets (Mithai),West,Veg,,Dessert,Large,1 large modak (~50 g),50,g,119,1.5,20.0,4.0,1.5,10.0,10,Medium
D548,Modak (fried),,Sweets (Mithai),West,Veg,,Dessert,Small,1 small modak (~25 g),25,g,88,1.0,11.2,4.5,0.8,5.5,5,Medium
D548,Modak (fried),,Sweets (Mithai),West,Veg,,Dessert,Medium,1 medium modak (~40 g),40,g,141,1.6,18.0,7.2,1.2,8.8,8,Medium
D548,Modak (fried),,Sweets (Mithai),West,Veg,,Dessert,Large,1 large modak (~50 g),50,g,176,2.0,22.5,9.0,1.5,11.0,10,Medium
D549,Chikki (peanut),Peanut brittle,Sweets (Mithai),West,Veg,Yes,Dessert,Small,1 small piece (~15 g),15,g,73,1.9,8.2,3.8,0.6,6.8,4,Medium
D549,Chikki (peanut),Peanut brittle,Sweets (Mithai),West,Veg,Yes,Dessert,Medium,1 medium piece (~25 g),25,g,122,3.2,13.8,6.2,1.0,11.2,8,Medium
D549,Chikki (peanut),Peanut brittle,Sweets (Mithai),West,Veg,Yes,Dessert,Large,1 large piece (~40 g),40,g,196,5.2,22.0,10.0,1.6,18.0,12,Medium
D550,Petha (Agra),,Sweets (Mithai),North,Veg,Yes,Dessert,Small,1 small piece (~20 g),20,g,64,0.1,16.0,0.0,0.2,15.0,2,Medium
D550,Petha (Agra),,Sweets (Mithai),North,Veg,Yes,Dessert,Medium,1 medium piece (~35 g),35,g,112,0.1,28.0,0.0,0.3,26.2,4,Medium
D550,Petha (Agra),,Sweets (Mithai),North,Veg,Yes,Dessert,Large,1 large piece (~50 g),50,g,160,0.2,40.0,0.1,0.5,37.5,5,Medium
D551,Karachi halwa (Bombay ice halwa),,Sweets (Mithai),West,Veg,,Dessert,Small,1 small piece (~20 g),20,g,84,0.2,14.0,3.0,0.1,11.0,4,Medium
D551,Karachi halwa (Bombay ice halwa),,Sweets (Mithai),West,Veg,,Dessert,Medium,1 medium piece (~30 g),30,g,125,0.3,21.0,4.5,0.1,16.5,6,Medium
D551,Karachi halwa (Bombay ice halwa),,Sweets (Mithai),West,Veg,,Dessert,Large,1 large piece (~45 g),45,g,188,0.5,31.5,6.8,0.2,24.8,9,Medium
D552,Bebinca,,Sweets (Mithai),West,Egg,,Dessert,Small,1 small slice (~40 g),40,g,142,1.6,16.0,8.0,0.2,12.0,12,Medium
D552,Bebinca,,Sweets (Mithai),West,Egg,,Dessert,Medium,1 medium slice (~60 g),60,g,213,2.4,24.0,12.0,0.3,18.0,18,Medium
D552,Bebinca,,Sweets (Mithai),West,Egg,,Dessert,Large,1 large slice (~80 g),80,g,284,3.2,32.0,16.0,0.4,24.0,24,Medium
D553,Patishapta / pitha,Patishapta pitha,Sweets (Mithai),East,Veg,,Dessert,Small,1 small piece (~40 g),40,g,98,1.6,16.0,3.2,0.4,8.0,12,Medium
D553,Patishapta / pitha,Patishapta pitha,Sweets (Mithai),East,Veg,,Dessert,Medium,1 medium piece (~60 g),60,g,148,2.4,24.0,4.8,0.6,12.0,18,Medium
D553,Patishapta / pitha,Patishapta pitha,Sweets (Mithai),East,Veg,,Dessert,Large,1 large piece (~80 g),80,g,197,3.2,32.0,6.4,0.8,16.0,24,Medium
D554,Gajar halwa,Carrot halwa,"Desserts (Kheer, Halwa, Ice Cream)",North,Veg,,Dessert,Small,2-3 tbsp,50,g,122,2.2,15.0,6.0,0.8,13.0,25,Medium
D554,Gajar halwa,Carrot halwa,"Desserts (Kheer, Halwa, Ice Cream)",North,Veg,,Dessert,Medium,Small katori,100,g,243,4.5,30.0,12.0,1.5,26.0,50,Medium
D554,Gajar halwa,Carrot halwa,"Desserts (Kheer, Halwa, Ice Cream)",North,Veg,,Dessert,Large,1 katori,150,g,364,6.8,45.0,18.0,2.2,39.0,75,Medium
D555,Moong dal halwa,,"Desserts (Kheer, Halwa, Ice Cream)",North,Veg,,Dessert,Small,2-3 tbsp,50,g,195,3.5,21.0,11.0,1.0,14.0,10,High
D555,Moong dal halwa,,"Desserts (Kheer, Halwa, Ice Cream)",North,Veg,,Dessert,Medium,Small katori,100,g,390,7.0,42.0,22.0,2.0,28.0,20,High
D555,Moong dal halwa,,"Desserts (Kheer, Halwa, Ice Cream)",North,Veg,,Dessert,Large,1 katori,150,g,585,10.5,63.0,33.0,3.0,42.0,30,High
D556,Sooji halwa / sheera,Rava sheera,"Desserts (Kheer, Halwa, Ice Cream)",Pan-India,Veg,,Dessert,Small,2-3 tbsp,50,g,144,1.8,21.0,6.0,0.4,12.5,10,Medium
D556,Sooji halwa / sheera,Rava sheera,"Desserts (Kheer, Halwa, Ice Cream)",Pan-India,Veg,,Dessert,Medium,Small katori,100,g,288,3.5,42.0,12.0,0.8,25.0,20,Medium
D556,Sooji halwa / sheera,Rava sheera,"Desserts (Kheer, Halwa, Ice Cream)",Pan-India,Veg,,Dessert,Large,1 katori,150,g,433,5.2,63.0,18.0,1.2,37.5,30,Medium
D557,Atta halwa / kada prasad,,"Desserts (Kheer, Halwa, Ice Cream)",North,Veg,,Dessert,Small,2-3 tbsp,50,g,192,2.5,24.0,10.0,1.8,15.0,5,Medium
D557,Atta halwa / kada prasad,,"Desserts (Kheer, Halwa, Ice Cream)",North,Veg,,Dessert,Medium,Small katori,100,g,385,5.0,48.0,20.0,3.5,30.0,10,Medium
D557,Atta halwa / kada prasad,,"Desserts (Kheer, Halwa, Ice Cream)",North,Veg,,Dessert,Large,1 katori,150,g,578,7.5,72.0,30.0,5.2,45.0,15,Medium
D558,Lauki halwa,Doodhi halwa,"Desserts (Kheer, Halwa, Ice Cream)",North,Veg,,Dessert,Small,2-3 tbsp,50,g,80,1.5,11.0,3.5,0.6,9.0,15,Medium
D558,Lauki halwa,Doodhi halwa,"Desserts (Kheer, Halwa, Ice Cream)",North,Veg,,Dessert,Medium,Small katori,100,g,161,3.0,22.0,7.0,1.2,18.0,30,Medium
D558,Lauki halwa,Doodhi halwa,"Desserts (Kheer, Halwa, Ice Cream)",North,Veg,,Dessert,Large,1 katori,150,g,241,4.5,33.0,10.5,1.8,27.0,45,Medium
D559,Badam halwa,Almond halwa,"Desserts (Kheer, Halwa, Ice Cream)",South,Veg,,Dessert,Small,2-3 tbsp,50,g,240,4.5,22.5,15.0,1.8,17.5,8,Medium
D559,Badam halwa,Almond halwa,"Desserts (Kheer, Halwa, Ice Cream)",South,Veg,,Dessert,Medium,Small katori,100,g,479,9.0,45.0,30.0,3.5,35.0,15,Medium
D559,Badam halwa,Almond halwa,"Desserts (Kheer, Halwa, Ice Cream)",South,Veg,,Dessert,Large,1 katori,150,g,718,13.5,67.5,45.0,5.2,52.5,22,Medium
D560,Besan halwa,,"Desserts (Kheer, Halwa, Ice Cream)",North,Veg,,Dessert,Small,2-3 tbsp,50,g,181,3.5,20.0,10.0,1.5,12.5,8,Medium
D560,Besan halwa,,"Desserts (Kheer, Halwa, Ice Cream)",North,Veg,,Dessert,Medium,Small katori,100,g,362,7.0,40.0,20.0,3.0,25.0,15,Medium
D560,Besan halwa,,"Desserts (Kheer, Halwa, Ice Cream)",North,Veg,,Dessert,Large,1 katori,150,g,543,10.5,60.0,30.0,4.5,37.5,22,Medium
D561,Rice kheer,"Chawal ki kheer, payesh","Desserts (Kheer, Halwa, Ice Cream)",Pan-India,Veg,,Dessert,Small,Small katori,100,g,130,3.5,20.0,4.0,0.2,13.5,45,Medium
D561,Rice kheer,"Chawal ki kheer, payesh","Desserts (Kheer, Halwa, Ice Cream)",Pan-India,Veg,,Dessert,Medium,1 katori,150,g,194,5.2,30.0,6.0,0.3,20.2,68,Medium
D561,Rice kheer,"Chawal ki kheer, payesh","Desserts (Kheer, Halwa, Ice Cream)",Pan-India,Veg,,Dessert,Large,Large bowl,200,g,259,7.0,40.0,8.0,0.4,27.0,90,Medium
D562,Seviyan kheer,"Vermicelli kheer, sheer khurma (lighter)","Desserts (Kheer, Halwa, Ice Cream)",North,Veg,,Dessert,Small,Small katori,100,g,130,3.6,20.0,4.0,0.3,13.0,45,High
D562,Seviyan kheer,"Vermicelli kheer, sheer khurma (lighter)","Desserts (Kheer, Halwa, Ice Cream)",North,Veg,,Dessert,Medium,1 katori,150,g,195,5.4,30.0,6.0,0.4,19.5,68,High
D562,Seviyan kheer,"Vermicelli kheer, sheer khurma (lighter)","Desserts (Kheer, Halwa, Ice Cream)",North,Veg,,Dessert,Large,Large bowl,200,g,260,7.2,40.0,8.0,0.6,26.0,90,High
D563,Sheer khurma,,"Desserts (Kheer, Halwa, Ice Cream)",North,Veg,,Dessert,Small,Small katori,100,g,180,4.5,24.0,7.5,0.8,18.0,45,Medium
D563,Sheer khurma,,"Desserts (Kheer, Halwa, Ice Cream)",North,Veg,,Dessert,Medium,1 katori,150,g,270,6.8,36.0,11.2,1.2,27.0,68,Medium
D563,Sheer khurma,,"Desserts (Kheer, Halwa, Ice Cream)",North,Veg,,Dessert,Large,Large bowl,200,g,360,9.0,48.0,15.0,1.6,36.0,90,Medium
D564,Phirni,Firni,"Desserts (Kheer, Halwa, Ice Cream)",North,Veg,,Dessert,Small,Small katori,100,g,117,3.5,18.0,3.5,0.2,12.0,45,High
D564,Phirni,Firni,"Desserts (Kheer, Halwa, Ice Cream)",North,Veg,,Dessert,Medium,1 katori,150,g,176,5.2,27.0,5.2,0.3,18.0,68,High
D564,Phirni,Firni,"Desserts (Kheer, Halwa, Ice Cream)",North,Veg,,Dessert,Large,Large bowl,200,g,234,7.0,36.0,7.0,0.4,24.0,90,High
D565,Semiya payasam,Vermicelli payasam,"Desserts (Kheer, Halwa, Ice Cream)",South,Veg,,Dessert,Small,Small katori,100,g,141,3.2,22.0,4.5,0.3,15.0,45,Medium
D565,Semiya payasam,Vermicelli payasam,"Desserts (Kheer, Halwa, Ice Cream)",South,Veg,,Dessert,Medium,1 katori,150,g,211,4.8,33.0,6.8,0.4,22.5,68,Medium
D565,Semiya payasam,Vermicelli payasam,"Desserts (Kheer, Halwa, Ice Cream)",South,Veg,,Dessert,Large,Large bowl,200,g,281,6.4,44.0,9.0,0.6,30.0,90,Medium
D566,Palada payasam,Paal ada payasam,"Desserts (Kheer, Halwa, Ice Cream)",South,Veg,,Dessert,Small,Small katori,100,g,146,3.5,24.0,4.0,0.1,16.0,45,Medium
D566,Palada payasam,Paal ada payasam,"Desserts (Kheer, Halwa, Ice Cream)",South,Veg,,Dessert,Medium,1 katori,150,g,219,5.2,36.0,6.0,0.2,24.0,68,Medium
D566,Palada payasam,Paal ada payasam,"Desserts (Kheer, Halwa, Ice Cream)",South,Veg,,Dessert,Large,Large bowl,200,g,292,7.0,48.0,8.0,0.2,32.0,90,Medium
D567,Ada pradhaman,Jaggery coconut-milk payasam,"Desserts (Kheer, Halwa, Ice Cream)",South,Veg,Yes,Dessert,Small,Small katori,100,g,197,1.8,32.0,7.0,0.8,25.0,20,Medium
D567,Ada pradhaman,Jaggery coconut-milk payasam,"Desserts (Kheer, Halwa, Ice Cream)",South,Veg,Yes,Dessert,Medium,1 katori,150,g,295,2.7,48.0,10.5,1.2,37.5,30,Medium
D567,Ada pradhaman,Jaggery coconut-milk payasam,"Desserts (Kheer, Halwa, Ice Cream)",South,Veg,Yes,Dessert,Large,Large bowl,200,g,393,3.6,64.0,14.0,1.6,50.0,40,Medium
D568,Parippu payasam,Moong dal payasam,"Desserts (Kheer, Halwa, Ice Cream)",South,Veg,Yes,Dessert,Small,Small katori,100,g,183,3.0,30.0,6.0,1.5,20.0,20,Medium
D568,Parippu payasam,Moong dal payasam,"Desserts (Kheer, Halwa, Ice Cream)",South,Veg,Yes,Dessert,Medium,1 katori,150,g,274,4.5,45.0,9.0,2.2,30.0,30,Medium
D568,Parippu payasam,Moong dal payasam,"Desserts (Kheer, Halwa, Ice Cream)",South,Veg,Yes,Dessert,Large,Large bowl,200,g,366,6.0,60.0,12.0,3.0,40.0,40,Medium
D569,Sabudana kheer,Sago kheer,"Desserts (Kheer, Halwa, Ice Cream)",West,Veg,,Dessert,Small,Small katori,100,g,131,3.0,22.0,3.5,0.1,13.0,45,Medium
D569,Sabudana kheer,Sago kheer,"Desserts (Kheer, Halwa, Ice Cream)",West,Veg,,Dessert,Medium,1 katori,150,g,197,4.5,33.0,5.2,0.2,19.5,68,Medium
D569,Sabudana kheer,Sago kheer,"Desserts (Kheer, Halwa, Ice Cream)",West,Veg,,Dessert,Large,Large bowl,200,g,263,6.0,44.0,7.0,0.2,26.0,90,Medium
D570,Rabri,Rabdi,"Desserts (Kheer, Halwa, Ice Cream)",North,Veg,,Dessert,Small,2-3 tbsp,50,g,121,3.2,13.5,6.0,0.0,12.5,35,Medium
D570,Rabri,Rabdi,"Desserts (Kheer, Halwa, Ice Cream)",North,Veg,,Dessert,Medium,Small katori,100,g,242,6.5,27.0,12.0,0.0,25.0,70,Medium
D570,Rabri,Rabdi,"Desserts (Kheer, Halwa, Ice Cream)",North,Veg,,Dessert,Large,1 katori,150,g,363,9.8,40.5,18.0,0.0,37.5,105,Medium
D571,Basundi,,"Desserts (Kheer, Halwa, Ice Cream)",West,Veg,,Dessert,Small,2-3 tbsp,50,g,96,3.0,11.0,4.5,0.0,10.0,30,Medium
D571,Basundi,,"Desserts (Kheer, Halwa, Ice Cream)",West,Veg,,Dessert,Medium,Small katori,100,g,193,6.0,22.0,9.0,0.0,20.0,60,Medium
D571,Basundi,,"Desserts (Kheer, Halwa, Ice Cream)",West,Veg,,Dessert,Large,1 katori,150,g,290,9.0,33.0,13.5,0.0,30.0,90,Medium
D572,Shrikhand,,"Desserts (Kheer, Halwa, Ice Cream)",West,Veg,,Dessert,Small,2-3 tbsp,50,g,126,3.0,19.0,4.2,0.0,18.0,20,Medium
D572,Shrikhand,,"Desserts (Kheer, Halwa, Ice Cream)",West,Veg,,Dessert,Medium,Small katori,100,g,252,6.0,38.0,8.5,0.0,36.0,40,Medium
D572,Shrikhand,,"Desserts (Kheer, Halwa, Ice Cream)",West,Veg,,Dessert,Large,1 katori,150,g,379,9.0,57.0,12.8,0.0,54.0,60,Medium
D573,Kulfi (malai),,"Desserts (Kheer, Halwa, Ice Cream)",North,Veg,,Dessert,Small,1 small kulfi (~50 g),50,g,108,2.5,12.0,5.5,0.0,10.0,30,Medium
D573,Kulfi (malai),,"Desserts (Kheer, Halwa, Ice Cream)",North,Veg,,Dessert,Medium,1 medium kulfi (~70 g),70,g,150,3.5,16.8,7.7,0.0,14.0,42,Medium
D573,Kulfi (malai),,"Desserts (Kheer, Halwa, Ice Cream)",North,Veg,,Dessert,Large,1 large kulfi (~100 g),100,g,215,5.0,24.0,11.0,0.0,20.0,60,Medium
D574,Ice cream (vanilla),,"Desserts (Kheer, Halwa, Ice Cream)",Pan-India,Veg,,Dessert,Small,1 small scoop,50,g,104,1.8,12.0,5.5,0.0,10.5,40,High
D574,Ice cream (vanilla),,"Desserts (Kheer, Halwa, Ice Cream)",Pan-India,Veg,,Dessert,Medium,1 regular scoop,75,g,157,2.6,18.0,8.2,0.0,15.8,60,High
D574,Ice cream (vanilla),,"Desserts (Kheer, Halwa, Ice Cream)",Pan-India,Veg,,Dessert,Large,1 large scoop / cup,100,g,209,3.5,24.0,11.0,0.0,21.0,80,High
D575,Fruit custard,,"Desserts (Kheer, Halwa, Ice Cream)",Pan-India,Veg,,Dessert,Small,Small katori,100,g,109,3.0,18.0,3.0,0.8,14.0,45,Medium
D575,Fruit custard,,"Desserts (Kheer, Halwa, Ice Cream)",Pan-India,Veg,,Dessert,Medium,1 katori,150,g,164,4.5,27.0,4.5,1.2,21.0,68,Medium
D575,Fruit custard,,"Desserts (Kheer, Halwa, Ice Cream)",Pan-India,Veg,,Dessert,Large,Large bowl,200,g,219,6.0,36.0,6.0,1.6,28.0,90,Medium
D576,Caramel custard,,"Desserts (Kheer, Halwa, Ice Cream)",Pan-India,Egg,,Dessert,Small,Small katori,100,g,134,4.5,20.0,4.0,0.0,18.0,60,High
D576,Caramel custard,,"Desserts (Kheer, Halwa, Ice Cream)",Pan-India,Egg,,Dessert,Medium,1 katori,150,g,201,6.8,30.0,6.0,0.0,27.0,90,High
D576,Caramel custard,,"Desserts (Kheer, Halwa, Ice Cream)",Pan-India,Egg,,Dessert,Large,Large bowl,200,g,268,9.0,40.0,8.0,0.0,36.0,120,High
D577,Ghee,Clarified butter,Basics & Add-ons,Pan-India,Veg,,Add-on,Small,1 tsp,5,g,45,0.0,0.0,5.0,0.0,0.0,0,High
D577,Ghee,Clarified butter,Basics & Add-ons,Pan-India,Veg,,Add-on,Medium,2 tsp,10,g,90,0.0,0.0,10.0,0.0,0.0,0,High
D577,Ghee,Clarified butter,Basics & Add-ons,Pan-India,Veg,,Add-on,Large,1 tbsp,15,g,135,0.0,0.0,15.0,0.0,0.0,0,High
D578,Cooking oil (any),Mustard/groundnut/sunflower oil,Basics & Add-ons,Pan-India,Veg,Yes,Add-on,Small,1 tsp,5,g,45,0.0,0.0,5.0,0.0,0.0,0,High
D578,Cooking oil (any),Mustard/groundnut/sunflower oil,Basics & Add-ons,Pan-India,Veg,Yes,Add-on,Medium,2 tsp,10,g,90,0.0,0.0,10.0,0.0,0.0,0,High
D578,Cooking oil (any),Mustard/groundnut/sunflower oil,Basics & Add-ons,Pan-India,Veg,Yes,Add-on,Large,1 tbsp,15,g,135,0.0,0.0,15.0,0.0,0.0,0,High
D579,Butter (salted),Amul-type butter,Basics & Add-ons,Pan-India,Veg,,Add-on,Small,1 tsp,5,g,37,0.0,0.0,4.0,0.0,0.0,29,High
D579,Butter (salted),Amul-type butter,Basics & Add-ons,Pan-India,Veg,,Add-on,Medium,2 tsp,10,g,73,0.1,0.0,8.1,0.0,0.0,58,High
D579,Butter (salted),Amul-type butter,Basics & Add-ons,Pan-India,Veg,,Add-on,Large,1 tbsp,15,g,110,0.1,0.0,12.2,0.0,0.0,87,High
D580,White sugar,Cheeni,Basics & Add-ons,Pan-India,Veg,Yes,Add-on,Small,1 tsp,5,g,20,0.0,5.0,0.0,0.0,5.0,0,High
D580,White sugar,Cheeni,Basics & Add-ons,Pan-India,Veg,Yes,Add-on,Medium,2 tsp,10,g,40,0.0,10.0,0.0,0.0,10.0,0,High
D580,White sugar,Cheeni,Basics & Add-ons,Pan-India,Veg,Yes,Add-on,Large,1 tbsp,15,g,60,0.0,15.0,0.0,0.0,15.0,0,High
D581,Jaggery,"Gur, bellam, vellam",Basics & Add-ons,Pan-India,Veg,Yes,Add-on,Small,1 tsp,5,g,19,0.0,4.8,0.0,0.0,4.2,2,High
D581,Jaggery,"Gur, bellam, vellam",Basics & Add-ons,Pan-India,Veg,Yes,Add-on,Medium,2 tsp,10,g,38,0.0,9.5,0.0,0.0,8.5,3,High
D581,Jaggery,"Gur, bellam, vellam",Basics & Add-ons,Pan-India,Veg,Yes,Add-on,Large,1 tbsp,15,g,57,0.1,14.2,0.0,0.0,12.8,4,High
D582,Honey,Shahad,Basics & Add-ons,Pan-India,Veg,,Add-on,Small,1 tsp,7,g,23,0.0,5.7,0.0,0.0,5.7,0,High
D582,Honey,Shahad,Basics & Add-ons,Pan-India,Veg,,Add-on,Medium,2 tsp,14,g,46,0.0,11.5,0.0,0.0,11.5,1,High
D582,Honey,Shahad,Basics & Add-ons,Pan-India,Veg,,Add-on,Large,1 tbsp,21,g,69,0.1,17.2,0.0,0.0,17.2,1,High
D583,Fresh cream / malai,Malai,Basics & Add-ons,Pan-India,Veg,,Add-on,Small,1 tsp,5,g,12,0.1,0.2,1.2,0.0,0.2,2,High
D583,Fresh cream / malai,Malai,Basics & Add-ons,Pan-India,Veg,,Add-on,Medium,2 tsp,10,g,24,0.2,0.3,2.5,0.0,0.3,4,High
D583,Fresh cream / malai,Malai,Basics & Add-ons,Pan-India,Veg,,Add-on,Large,1 tbsp,15,g,37,0.3,0.4,3.8,0.0,0.4,5,High
D584,Cheese slice (processed),,Basics & Add-ons,Pan-India,Veg,,Add-on,Small,1 small slice (~15 g),15,g,44,3.0,0.6,3.3,0.0,0.1,180,High
D584,Cheese slice (processed),,Basics & Add-ons,Pan-India,Veg,,Add-on,Medium,1 medium slice (~20 g),20,g,59,4.0,0.8,4.4,0.0,0.2,240,High
D584,Cheese slice (processed),,Basics & Add-ons,Pan-India,Veg,,Add-on,Large,1 large slice (~25 g),25,g,74,5.0,1.0,5.5,0.0,0.2,300,High
D585,"Paneer (raw, full-fat)",Cottage cheese,Basics & Add-ons,Pan-India,Veg,,Add-on,Small,50 g (~2 cubes),50,g,132,9.0,1.5,10.0,0.0,0.8,15,High
D585,"Paneer (raw, full-fat)",Cottage cheese,Basics & Add-ons,Pan-India,Veg,,Add-on,Medium,100 g,100,g,264,18.0,3.0,20.0,0.0,1.5,30,High
D585,"Paneer (raw, full-fat)",Cottage cheese,Basics & Add-ons,Pan-India,Veg,,Add-on,Large,150 g,150,g,396,27.0,4.5,30.0,0.0,2.2,45,High
